{"3":{"x":0,"y":0,"width":1536,"height":864},"4":{"x":8,"y":8,"width":1520,"height":1790.15625},"5":{"x":8,"y":198.34375,"width":33,"height":19},"6":{"x":41,"y":198.34375,"width":66,"height":19},"7":{"x":8,"y":233.34375,"width":1520,"height":2},"8":{"x":8,"y":297.34375,"width":1520,"height":57},"9":{"x":8,"y":370.34375,"width":1520,"height":2},"10":{"x":8,"y":434.34375,"width":1520,"height":57},"11":{"x":8,"y":472.34375,"width":33,"height":19},"12":{"x":41,"y":472.34375,"width":66,"height":19},"13":{"x":8,"y":507.34375,"width":1520,"height":2},"14":{"x":8,"y":552.34375,"width":1520,"height":38},"15":{"x":8,"y":606.34375,"width":1520,"height":2},"16":{"x":8,"y":670.34375,"width":1520,"height":38},"17":{"x":8,"y":724.34375,"width":1520,"height":2},"18":{"x":8,"y":788.34375,"width":1520,"height":57},"19":{"x":8,"y":861.34375,"width":1520,"height":2},"20":{"x":8,"y":925.34375,"width":1520,"height":57},"21":{"x":8,"y":998.34375,"width":1520,"height":2},"22":{"x":8,"y":1062.34375,"width":1520,"height":38},"23":{"x":8,"y":67.4375,"width":1520,"height":28},"24":{"x":8,"y":115.34375,"width":1520,"height":2},"25":{"x":8,"y":160.34375,"width":1520,"height":57},"26":{"x":8,"y":179.34375,"width":1115,"height":19},"27":{"x":8,"y":316.34375,"width":434,"height":19},"28":{"x":8,"y":335.34375,"width":33,"height":19},"29":{"x":41,"y":335.34375,"width":175,"height":19},"30":{"x":8,"y":453.34375,"width":1178,"height":19},"31":{"x":189,"y":552.34375,"width":10,"height":19},"32":{"x":199,"y":552.34375,"width":123,"height":19},"33":{"x":322,"y":552.34375,"width":118,"height":19},"34":{"x":8,"y":571.34375,"width":379,"height":19},"35":{"x":189,"y":670.34375,"width":10,"height":19},"36":{"x":199,"y":670.34375,"width":123,"height":19},"37":{"x":322,"y":670.34375,"width":118,"height":19},"38":{"x":8,"y":689.34375,"width":502,"height":19},"39":{"x":8,"y":807.34375,"width":527,"height":19},"40":{"x":8,"y":826.34375,"width":33,"height":19},"41":{"x":41,"y":826.34375,"width":66,"height":19},"42":{"x":189,"y":925.34375,"width":10,"height":19},"43":{"x":199,"y":925.34375,"width":123,"height":19},"44":{"x":8,"y":944.34375,"width":770,"height":19},"45":{"x":8,"y":963.34375,"width":33,"height":19},"46":{"x":41,"y":963.34375,"width":66,"height":19},"47":{"x":189,"y":1062.34375,"width":10,"height":19},"48":{"x":199,"y":1062.34375,"width":137,"height":19},"49":{"x":336,"y":1062.34375,"width":10,"height":19},"50":{"x":346,"y":1062.34375,"width":125,"height":19},"51":{"x":471,"y":1062.34375,"width":10,"height":19},"52":{"x":481,"y":1062.34375,"width":123,"height":19},"53":{"x":604,"y":1062.34375,"width":118,"height":19},"54":{"x":0,"y":0,"width":1536,"height":1806.15625},"55":{"x":8,"y":8,"width":1520,"height":38},"56":{"x":8,"y":125.34375,"width":256,"height":19},"57":{"x":264,"y":125.34375,"width":130,"height":19},"58":{"x":394,"y":125.34375,"width":196,"height":19},"59":{"x":8,"y":243.34375,"width":158,"height":19},"60":{"x":8,"y":243.34375,"width":0,"height":0},"61":{"x":8,"y":262.34375,"width":131,"height":19},"62":{"x":8,"y":380.34375,"width":289,"height":19},"63":{"x":297,"y":380.34375,"width":56,"height":19},"64":{"x":353,"y":380.34375,"width":216,"height":19},"65":{"x":8,"y":380.34375,"width":0,"height":0},"66":{"x":8,"y":399.34375,"width":464,"height":19},"67":{"x":8,"y":517.34375,"width":44,"height":19},"68":{"x":8,"y":616.34375,"width":285,"height":19},"69":{"x":8,"y":616.34375,"width":0,"height":0},"70":{"x":8,"y":635.34375,"width":255,"height":19},"71":{"x":8,"y":734.34375,"width":350,"height":19},"72":{"x":8,"y":734.34375,"width":0,"height":0},"73":{"x":8,"y":753.34375,"width":305,"height":19},"74":{"x":8,"y":871.34375,"width":766,"height":19},"75":{"x":8,"y":871.34375,"width":0,"height":0},"76":{"x":8,"y":890.34375,"width":600,"height":19},"77":{"x":8,"y":1008.34375,"width":586,"height":19},"78":{"x":8,"y":1008.34375,"width":0,"height":0},"79":{"x":8,"y":1027.34375,"width":485,"height":19},"80":{"x":8,"y":1116.34375,"width":1520,"height":2},"81":{"x":8,"y":1126.34375,"width":275,"height":19},"82":{"x":8,"y":1126.34375,"width":0,"height":0},"83":{"x":8,"y":1145.34375,"width":330,"height":19},"84":{"x":8,"y":1180.34375,"width":1520,"height":57},"85":{"x":8,"y":1253.34375,"width":1520,"height":2},"86":{"x":8,"y":1275.25,"width":1520,"height":28},"87":{"x":8,"y":1323.15625,"width":1520,"height":2},"88":{"x":8,"y":1333.15625,"width":728,"height":19},"89":{"x":8,"y":1333.15625,"width":0,"height":0},"90":{"x":8,"y":1352.15625,"width":181,"height":19},"91":{"x":189,"y":1352.15625,"width":10,"height":19},"92":{"x":199,"y":1352.15625,"width":123,"height":19},"93":{"x":8,"y":1333.15625,"width":0,"height":0},"94":{"x":8,"y":1371.15625,"width":131,"height":19},"95":{"x":139,"y":1371.15625,"width":64,"height":19},"96":{"x":203,"y":1371.15625,"width":528,"height":19},"97":{"x":731,"y":1371.15625,"width":81,"height":19},"98":{"x":812,"y":1371.15625,"width":464,"height":19},"99":{"x":8,"y":1333.15625,"width":0,"height":0},"100":{"x":8,"y":1390.15625,"width":33,"height":19},"101":{"x":41,"y":1390.15625,"width":66,"height":19},"102":{"x":8,"y":1417.15625,"width":1520,"height":2},"103":{"x":8,"y":1427.15625,"width":256,"height":19},"104":{"x":8,"y":1427.15625,"width":0,"height":0},"105":{"x":8,"y":1446.15625,"width":251,"height":19},"106":{"x":8,"y":1481.15625,"width":1520,"height":19},"107":{"x":8,"y":1516.15625,"width":1520,"height":2},"108":{"x":8,"y":1526.15625,"width":570,"height":19},"109":{"x":8,"y":1526.15625,"width":0,"height":0},"110":{"x":8,"y":1545.15625,"width":417,"height":19},"111":{"x":8,"y":1580.15625,"width":1520,"height":38},"112":{"x":8,"y":1634.15625,"width":1520,"height":4},"113":{"x":8,"y":1646.15625,"width":1520,"height":115},"114":{"x":727.5,"y":1646.15625,"width":81,"height":19},"115":{"x":8,"y":1646.15625,"width":0,"height":0},"116":{"x":698.5,"y":1665.15625,"width":84,"height":19},"117":{"x":782.5,"y":1665.15625,"width":55,"height":19},"118":{"x":8,"y":1692.15625,"width":1520,"height":2},"119":{"x":731.5,"y":1702.15625,"width":73,"height":19},"120":{"x":8,"y":1702.15625,"width":0,"height":0},"121":{"x":643.5,"y":1726.15625,"width":100,"height":19},"122":{"x":743.5,"y":1726.15625,"width":5,"height":19},"123":{"x":748.5,"y":1726.15625,"width":53,"height":19},"124":{"x":801.5,"y":1726.15625,"width":5,"height":19},"125":{"x":806.5,"y":1726.15625,"width":86,"height":19},"126":{"x":8,"y":1769.15625,"width":1520,"height":2},"127":{"x":8,"y":1779.15625,"width":211,"height":19},"128":{"x":219,"y":1779.15625,"width":377,"height":19},"129":{"x":596,"y":1779.15625,"width":346,"height":19},"130":{"x":8,"y":8,"width":531,"height":38},"131":{"x":8,"y":67.4375,"width":232,"height":28},"132":{"x":264,"y":125.34375,"width":130,"height":19},"133":{"x":8,"y":160.34375,"width":181,"height":19},"134":{"x":8,"y":160.34375,"width":0,"height":0},"135":{"x":8,"y":160.34375,"width":0,"height":0},"136":{"x":41,"y":198.34375,"width":66,"height":19},"137":{"x":8,"y":297.34375,"width":181,"height":19},"138":{"x":8,"y":297.34375,"width":0,"height":0},"139":{"x":8,"y":297.34375,"width":0,"height":0},"140":{"x":41,"y":335.34375,"width":175,"height":19},"141":{"x":297,"y":380.34375,"width":56,"height":19},"142":{"x":8,"y":434.34375,"width":181,"height":19},"143":{"x":8,"y":434.34375,"width":0,"height":0},"144":{"x":8,"y":434.34375,"width":0,"height":0},"145":{"x":41,"y":472.34375,"width":66,"height":19},"146":{"x":8,"y":552.34375,"width":181,"height":19},"147":{"x":199,"y":552.34375,"width":123,"height":19},"148":{"x":8,"y":552.34375,"width":0,"height":0},"149":{"x":8,"y":670.34375,"width":181,"height":19},"150":{"x":199,"y":670.34375,"width":123,"height":19},"151":{"x":8,"y":670.34375,"width":0,"height":0},"152":{"x":8,"y":788.34375,"width":181,"height":19},"153":{"x":8,"y":788.34375,"width":0,"height":0},"154":{"x":8,"y":788.34375,"width":0,"height":0},"155":{"x":41,"y":826.34375,"width":66,"height":19},"156":{"x":8,"y":925.34375,"width":181,"height":19},"157":{"x":199,"y":925.34375,"width":123,