{"3":{"x":0,"y":0,"width":1536,"height":864},"12":{"x":193.875,"y":268.796875,"width":1148.25,"height":79.1875},"13":{"x":678.5,"y":525.53125,"width":179,"height":84},"14":{"x":1210,"y":16,"width":63,"height":24},"15":{"x":1289,"y":16,"width":92,"height":24},"16":{"x":1397,"y":16,"width":123,"height":24},"17":{"x":168,"y":96,"width":1200,"height":513.53125},"18":{"x":695.5,"y":96,"width":145,"height":120},"19":{"x":548.5,"y":269.796875,"width":439,"height":41},"20":{"x":438,"y":358.53125,"width":660,"height":109.40625},"21":{"x":192,"y":705.53125,"width":1152,"height":1},"22":{"x":168,"y":802.53125,"width":1200,"height":361.15625},"24":{"x":324.71875,"y":992.3125,"width":103,"height":23},"25":{"x":196.21875,"y":1029.90625,"width":360,"height":47.546875},"26":{"x":585.625,"y":863.71875,"width":364.6875,"height":299.96875},"28":{"x":683.46875,"y":992.3125,"width":169,"height":23},"29":{"x":599.46875,"y":1029.90625,"width":337,"height":47.546875},"30":{"x":977.375,"y":863.71875,"width":364.6875,"height":299.96875},"32":{"x":1054.71875,"y":992.3125,"width":210,"height":23},"33":{"x":983.71875,"y":1029.90625,"width":352,"height":47.546875},"34":{"x":813.546875,"y":1382.6875,"width":496.578125,"height":311.125},"35":{"x":443,"y":364.53125,"width":650,"height":95.9375},"36":{"x":193.875,"y":525.53125,"width":1148.25,"height":84},"37":{"x":0,"y":802.53125,"width":1536,"height":361.15625},"38":{"x":193.875,"y":863.71875,"width":1148.25,"height":0},"39":{"x":193.875,"y":992.3125,"width":364.6875,"height":155.375},"40":{"x":585.625,"y":992.3125,"width":364.6875,"height":155.375},"41":{"x":585.625,"y":1025.90625,"width":364.6875,"height":57.09375},"42":{"x":977.375,"y":992.3125,"width":364.6875,"height":155.375},"43":{"x":977.375,"y":1025.90625,"width":364.6875,"height":57.09375},"44":{"x":0,"y":0,"width":1536,"height":2442.71875},"45":{"x":0,"y":0,"width":1536,"height":2442.71875},"46":{"x":0,"y":0,"width":1536,"height":2442.71875},"47":{"x":8,"y":-160,"width":197,"height":40},"48":{"x":0,"y":0,"width":1536,"height":56},"49":{"x":0,"y":56,"width":1536,"height":2121},"50":{"x":0,"y":2177,"width":1536,"height":265.71875},"51":{"x":24,"y":-150,"width":165,"height":19},"52":{"x":16,"y":16,"width":1504,"height":24},"53":{"x":0,"y":1259.6875,"width":1536,"height":537.125},"54":{"x":0,"y":1892.8125,"width":1536,"height":252.1875},"55":{"x":16,"y":2241,"width":1504,"height":28.546875},"56":{"x":16,"y":2285.859375,"width":1504,"height":28.546875},"57":{"x":16,"y":2330.71875,"width":1504,"height":48},"58":{"x":16,"y":16,"width":98,"height":24},"59":{"x":193.875,"y":802.53125,"width":1148.25,"height":54},"60":{"x":168,"y":1323.6875,"width":1200,"height":409.125},"61":{"x":781.546875,"y":1323.6875,"width":560.578125,"height":409.125},"62":{"x":813.546875,"y":1355.6875,"width":496.578125,"height":345.125},"63":{"x":193.875,"y":1323.6875,"width":560.578125,"height":293.09375},"64":{"x":225.875,"y":1375.59375,"width":496.578125,"height":54},"65":{"x":225.875,"y":1436.78125,"width":496.578125,"height":44},"66":{"x":225.875,"y":1496.78125,"width":496.578125,"height":72},"67":{"x":168,"y":1892.8125,"width":1200,"height":252.1875},"68":{"x":193.875,"y":1892.8125,"width":1148.25,"height":54},"69":{"x":193.875,"y":1954,"width":1148.25,"height":191},"70":{"x":193.875,"y":1954,"width":1148.25,"height":107},"71":{"x":703,"y":2093,"width":130,"height":52},"72":{"x":641,"y":2245,"width":114,"height":19},"73":{"x":755,"y":2245,"width":140,"height":19},"74":{"x":538.5,"y":2289.859375,"width":148,"height":19},"75":{"x":686.5,"y":2289.859375,"width":83,"height":19},"76":{"x":769.5,"y":2289.859375,"width":126,"height":19},"77":{"x":895.5,"y":2289.859375,"width":97,"height":19},"78":{"x":992.5,"y":2289.859375,"width":5,"height":19},"79":{"x":16,"y":2330.71875,"width":1504,"height":24},"80":{"x":16,"y":2354.71875,"width":1504,"height":24},"81":{"x":16,"y":16,"width":98,"height":24},"82":{"x":1210,"y":18,"width":63,"height":19},"83":{"x":1289,"y":18,"width":92,"height":19},"84":{"x":1397,"y":18,"width":123,"height":19},"85":{"x":546.5,"y":803.53125,"width":443,"height":28},"86":{"x":193.875,"y":863.71875,"width":364.6875,"height":299.96875},"87":{"x":193.875,"y":879.71875,"width":364.6875,"height":103},"88":{"x":193.875,"y":992.3125,"width":364.6875,"height":24},"89":{"x":193.875,"y":1025.90625,"width":364.6875,"height":57.09375},"90":{"x":286.125,"y":1115.3125,"width":180.1875,"height":32.375},"91":{"x":585.625,"y":879.71875,"width":364.6875,"height":103},"92":{"x":585.625,"y":992.3125,"width":364.6875,"height":24},"93":{"x":661.375,"y":1115.3125,"width":213.1875,"height":32.375},"94":{"x":977.375,"y":879.71875,"width":364.6875,"height":103},"95":{"x":977.375,"y":992.3125,"width":364.6875,"height":24},"96":{"x":1038.625,"y":1115.3125,"width":242.1875,"height":32.375},"97":{"x":225.875,"y":1376.59375,"width":222,"height":28},"98":{"x":225.875,"y":1440.78125,"width":453,"height":19},"99":{"x":225.875,"y":1496.78125,"width":144,"height":56},"100":{"x":619.5,"y":1893.8125,"width":297,"height":28},"101":{"x":463,"y":1954,"width":200,"height":107},"102":{"x":668,"y":1954,"width":200,"height":107},"103":{"x":873,"y":1954,"width":200,"height":107},"104":{"x":725,"y":2109,"width":86,"height":19},"105":{"x":811,"y":2107,"width":1,"height":1},"106":{"x":811,"y":2109,"width":193,"height":19},"107":{"x":754,"y":2245,"width":142,"height":19},"108":{"x":686.5,"y":2289.859375,"width":83,"height":19},"109":{"x":895.5,"y":2289.859375,"width":97,"height":19},"110":{"x":741.5,"y":2332.71875,"width":53,"height":19},"111":{"x":741,"y":2356.71875,"width":54,"height":19},"112":{"x":16,"y":18,"width":98,"height":19},"113":{"x":114,"y":16,"width":1,"height":1},"114":{"x":114,"y":18,"width":102,"height":19},"115":{"x":1210,"y":18,"width":63,"height":19},"116":{"x":1289,"y":18,"width":92,"height":19},"117":{"x":1397,"y":18,"width":123,"height":19},"118":{"x":678.5,"y":557.53125,"width":179,"height":52},"119":{"x":295.125,"y":1121.5,"width":143,"height":19},"120":{"x":440.125,"y":1123.5,"width":16,"height":16},"121":{"x":670.375,"y":1121.5,"width":176,"height":19},"122":{"x":848.375,"y":1123.5,"width":16,"height":16},"123":{"x":1047.625,"y":1121.5,"width":205,"height":19},"124":{"x":1254.625,"y":1123.5,"width":16,"height":16},"125":{"x":247.875,"y":1514.78125,"width":100,"height":19},"126":{"x":463,"y":1954,"width":200,"height":100},"127":{"x":668,"y":1954,"width":200,"height":100},"128":{"x":873,"y":1954,"width":200,"height":100},"129":{"x":740.5,"y":2332.71875,"width":55,"height":19},"130":{"x":741,"y":2356.71875,"width":54,"height":19},"131":{"x":700.5,"y":573.53125,"width":135,"height":19}}