{"3":{"x":0,"y":0,"width":1920,"height":1080},"4":{"x":510,"y":111.59375,"width":418.5,"height":418.5},"5":{"x":510,"y":111.59375,"width":418.5,"height":418.5},"6":{"x":510,"y":111.59375,"width":900,"height":320},"7":{"x":0,"y":494.59375,"width":1920,"height":2147.609375},"8":{"x":1108.203125,"y":47.59375,"width":281,"height":16},"9":{"x":1186.203125,"y":47.59375,"width":86,"height":16},"10":{"x":967.203125,"y":172.109375,"width":442.796875,"height":141},"11":{"x":971.625,"y":328.109375,"width":210.09375,"height":42.96875},"12":{"x":1190.5625,"y":328.109375,"width":210.09375,"height":42.96875},"13":{"x":510,"y":9.59375,"width":900,"height":70},"14":{"x":530.796875,"y":18.59375,"width":210.984375,"height":50},"15":{"x":530.796875,"y":89.59375,"width":114,"height":16},"16":{"x":967.203125,"y":111.59375,"width":442.796875,"height":320},"17":{"x":967.203125,"y":111.59375,"width":442.796875,"height":320},"18":{"x":982.203125,"y":247.109375,"width":57,"height":55},"19":{"x":1039.203125,"y":247.109375,"width":311,"height":55},"20":{"x":1027.171875,"y":335.09375,"width":99,"height":28},"21":{"x":1240.609375,"y":335.09375,"width":110,"height":28},"22":{"x":778,"y":556.578125,"width":364,"height":65},"23":{"x":510,"y":664.953125,"width":900,"height":625},"24":{"x":510,"y":664.953125,"width":522,"height":630.953125},"25":{"x":783,"y":699.953125,"width":59,"height":22},"26":{"x":510,"y":699.953125,"width":509,"height":84},"27":{"x":1077,"y":664.953125,"width":315,"height":927},"28":{"x":1077,"y":664.953125,"width":315,"height":927},"29":{"x":1077,"y":694.953125,"width":325,"height":249},"30":{"x":1077,"y":1003.953125,"width":325,"height":249},"31":{"x":510,"y":852.9375,"width":522,"height":124},"32":{"x":530.796875,"y":9.59375,"width":67,"height":68},"33":{"x":607.78125,"y":40.59375,"width":134,"height":28},"34":{"x":530.796875,"y":86.59375,"width":114,"height":22},"35":{"x":1133.203125,"y":47.59375,"width":28,"height":16},"36":{"x":1133.203125,"y":46.59375,"width":28,"height":19},"37":{"x":1186.203125,"y":46.59375,"width":87,"height":19},"38":{"x":1297.203125,"y":47.59375,"width":92,"height":16},"39":{"x":1297.203125,"y":46.59375,"width":92,"height":19},"40":{"x":967.203125,"y":111.59375,"width":442.796875,"height":320},"41":{"x":982.203125,"y":182.109375,"width":408,"height":55},"42":{"x":0,"y":494.59375,"width":1920,"height":2147.609375},"43":{"x":0,"y":544.59375,"width":1920,"height":90.359375},"44":{"x":510,"y":668.953125,"width":516,"height":53},"45":{"x":510,"y":813.9375,"width":522,"height":39},"46":{"x":510,"y":856.9375,"width":514,"height":115},"47":{"x":510,"y":1001.921875,"width":522,"height":39},"48":{"x":510,"y":1040.921875,"width":522,"height":124},"49":{"x":510,"y":1044.921875,"width":517,"height":115},"50":{"x":510,"y":1189.90625,"width":522,"height":39},"51":{"x":510,"y":1228.90625,"width":522,"height":62},"52":{"x":510,"y":1232.90625,"width":518,"height":53},"53":{"x":1077,"y":1312.953125,"width":325,"height":249},"54":{"x":0,"y":1636.953125,"width":1920,"height":90.359375},"55":{"x":845,"y":1648.9375,"width":230,"height":65},"56":{"x":510,"y":1757.3125,"width":900,"height":625},"57":{"x":510,"y":1757.3125,"width":315,"height":712},"58":{"x":510,"y":1802.3125,"width":315,"height":280},"59":{"x":510,"y":2172.3125,"width":315,"height":252},"60":{"x":870,"y":1757.3125,"width":522,"height":863.890625},"61":{"x":870,"y":1757.3125,"width":522,"height":863.890625},"62":{"x":870,"y":1761.3125,"width":487,"height":53},"63":{"x":1254,"y":1792.3125,"width":134,"height":22},"64":{"x":870,"y":1823.3125,"width":240,"height":22},"65":{"x":870,"y":1875.296875,"width":522,"height":39},"66":{"x":870,"y":1914.296875,"width":522,"height":124},"67":{"x":870,"y":1918.296875,"width":322,"height":22},"68":{"x":1192,"y":1918.296875,"width":122,"height":22},"69":{"x":870,"y":1918.296875,"width":504,"height":53},"70":{"x":1068,"y":1949.296875,"width":139,"height":22},"71":{"x":870,"y":1949.296875,"width":482,"height":84},"72":{"x":870,"y":2063.28125,"width":522,"height":39},"73":{"x":870,"y":2102.28125,"width":522,"height":93},"74":{"x":870,"y":2106.28125,"width":517,"height":84},"75":{"x":0,"y":0,"width":1920,"height":2719.9375},"76":{"x":0,"y":0,"width":1920,"height":2719.9375},"77":{"x":0,"y":0,"width":1920,"height":494.59375},"78":{"x":0,"y":2642.203125,"width":1920,"height":77.734375},"79":{"x":510,"y":2643.203125,"width":900,"height":76.734375},"80":{"x":510,"y":2674.203125,"width":900,"height":0},"81":{"x":1236,"y":2674.203125,"width":174,"height":30.734375},"82":{"x":510,"y":2704.9375,"width":900,"height":15},"83":{"x":510,"y":9.59375,"width":0,"height":0},"84":{"x":510,"y":111.59375,"width":418.5,"height":0},"85":{"x":510,"y":664.953125,"width":522,"height":630.953125},"86":{"x":0,"y":1591.953125,"width":1920,"height":0},"87":{"x":510,"y":1757.3125,"width":315,"height":712},"88":{"x":0,"y":2621.203125,"width":1920,"height":16},"89":{"x":535,"y":2674.203125,"width":28,"height":14},"90":{"x":588,"y":2674.203125,"width":86,"height":14},"91":{"x":699,"y":2674.203125,"width":92,"height":14},"92":{"x":816,"y":2674.203125,"width":95,"height":14},"93":{"x":936,"y":2674.203125,"width":83,"height":14},"94":{"x":1044,"y":2674.203125,"width":64,"height":14},"95":{"x":1236,"y":2668.203125,"width":174,"height":22},"96":{"x":530.796875,"y":86.59375,"width":114,"height":22},"97":{"x":510,"y":664.953125,"width":522,"height":124},"98":{"x":870,"y":1757.3125,"width":522,"height":93},"99":{"x":870,"y":2200.28125,"width":166.3125,"height":42.96875},"100":{"x":870,"y":2268.234375,"width":522,"height":78},"101":{"x":870,"y":2346.234375,"width":522,"height":93},"102":{"x":870,"y":2444.234375,"width":522,"height":93},"103":{"x":870,"y":2554.21875,"width":0,"height":22},"104":{"x":870,"y":2542.234375,"width":356.3125,"height":42.96875},"105":{"x":870,"y":2585.203125,"width":522,"height":31},"106":{"x":0,"y":2618.203125,"width":55,"height":22},"107":{"x":535,"y":2674.203125,"width":28,"height":14},"108":{"x":588,"y":2674.203125,"width":86,"height":14},"109":{"x":699,"y":2674.203125,"width":92,"height":14},"110":{"x":816,"y":2674.203125,"width":95,"height":14},"111":{"x":936,"y":2674.203125,"width":83,"height":14},"112":{"x":1044,"y":2674.203125,"width":64,"height":14},"113":{"x":1236,"y":2664.203125,"width":174,"height":30},"114":{"x":1133.203125,"y":46.59375,"width":28,"height":19},"115":{"x":1186.203125,"y":46.59375,"width":86,"height":19},"116":{"x":1297.203125,"y":46.59375,"width":92,"height":19},"117":{"x":967.203125,"y":328.109375,"width":0,"height":0},"118":{"x":783,"y":699.953125,"width":59,"height":22},"119":{"x":510,"y":812.9375,"width":123,"height":41},"120":{"x":510,"y":1000.921875,"width":99,"height":41},"121":{"x":510,"y":1188.90625,"width":224,"height":41},"122":{"x":1077,"y":806.734375,"width":325,"height":22},"123":{"x":1077,"y":1115.734375,"width":325,"height":22},"124":{"x":1077,"y":1424.734375,"width":325,"height":22},"125":{"x":510,"y":1757.3125,"width":0,"height":0},"126":{"x":1254,"y":1792.3125,"width":134,"height":22},"127":{"x":870,"y":1874.296875,"width":260,"height":41},"128":{"x":1068,"y":1949.296875,"width":139,"height":22},"129":{"x":870,"y":2062.28125,"width":0,"height":41},"130":{"x":870,"y":2062.28125,"width":443,"height":41},"131":{"x":886.65625,"y":2207.265625,"width":133,"height":28},"132":{"x":870,"y":2267.234375,"width":306,"height":41},"133":{"x":870,"y":2267.234375,"width":498,"height":80},"134":{"x":870,"y":2350.234375,"width":34,"height":22},"135":{"x":904,"y":2350.234375,"width":159,"height":22},"136":{"x":870,"y":2350.234375,"width":511,"height":84},"137":{"x":870,"y":2448.234375,"width":138,"height":22},"138":{"x":1008,"y":2448.234375,"width":137,"height":22},"139":{"x":870,"y":2448.234375,"width":481,"height":84},"140":{"x":886.65625,"y":2549.21875,"width":104,"height":28},"141":{"x":990.65625,"y":2549.21875,"width":220,"height":28},"142":{"x":870,"y":2589.203125,"width":332,"height":22},"143":{"x":1202,"y":2589.203125,"width":82,