{"3":{"x":0,"y":0,"width":1536,"height":864},"4":{"x":285.96875,"y":126,"width":144.96875,"height":55},"6":{"x":285.96875,"y":126,"width":144.96875,"height":55},"8":{"x":303.5625,"y":139.1875,"width":26.390625,"height":26.390625},"10":{"x":430.9375,"y":126,"width":150.96875,"height":55},"11":{"x":430.9375,"y":126,"width":150.96875,"height":55},"12":{"x":448.53125,"y":139.1875,"width":26.390625,"height":26.390625},"13":{"x":168,"y":245.390625,"width":1200,"height":137.28125},"15":{"x":581.90625,"y":126,"width":115.96875,"height":55},"16":{"x":581.90625,"y":126,"width":115.96875,"height":55},"17":{"x":599.5,"y":139.1875,"width":26.390625,"height":26.390625},"18":{"x":850.84375,"y":126,"width":132.96875,"height":55},"19":{"x":850.84375,"y":126,"width":132.96875,"height":55},"20":{"x":868.4375,"y":139.1875,"width":26.390625,"height":26.390625},"21":{"x":1243.171875,"y":141.5,"width":122.828125,"height":24},"22":{"x":1247.609375,"y":141.5,"width":30.921875,"height":20},"23":{"x":1263.0625,"y":143.5,"width":13.453125,"height":16},"27":{"x":1188,"y":515.421875,"width":180,"height":288.5625},"28":{"x":168,"y":515.421875,"width":1020,"height":58.21875},"29":{"x":168,"y":594.4375,"width":1020,"height":29.109375},"30":{"x":1188,"y":515.421875,"width":180,"height":278.171875},"33":{"x":697.875,"y":126,"width":152.96875,"height":55},"34":{"x":697.875,"y":126,"width":152.96875,"height":55},"35":{"x":715.46875,"y":139.1875,"width":26.390625,"height":26.390625},"36":{"x":168,"y":410.328125,"width":1148,"height":76.71875},"37":{"x":168,"y":644.34375,"width":1020,"height":149.71875},"38":{"x":8,"y":25.25,"width":636,"height":86.21875},"39":{"x":24,"y":41.25,"width":350,"height":47.828125},"40":{"x":676,"y":0,"width":860,"height":126},"41":{"x":0,"y":126,"width":1536,"height":1404.40625},"42":{"x":168,"y":126,"width":1200,"height":57},"43":{"x":170,"y":126,"width":115.96875,"height":55},"44":{"x":170,"y":126,"width":115.96875,"height":55},"45":{"x":187.59375,"y":139.1875,"width":26.390625,"height":26.390625},"46":{"x":218.375,"y":144.1875,"width":50,"height":22},"47":{"x":479.3125,"y":144.1875,"width":86,"height":22},"48":{"x":630.28125,"y":144.1875,"width":50,"height":22},"49":{"x":746.25,"y":144.1875,"width":88,"height":22},"50":{"x":899.21875,"y":144.1875,"width":68,"height":22},"51":{"x":1282.53125,"y":142.625,"width":76,"height":18},"52":{"x":168,"y":245.390625,"width":1200,"height":1221.015625},"53":{"x":168,"y":239.390625,"width":1047,"height":147.640625},"54":{"x":168,"y":410.328125,"width":1200,"height":77.4375},"55":{"x":167,"y":410.328125,"width":584,"height":38},"56":{"x":200.1875,"y":665.140625,"width":967.015625,"height":87.328125},"57":{"x":168,"y":814.859375,"width":1020,"height":58.21875},"58":{"x":375,"y":843.96875,"width":166,"height":29},"59":{"x":541,"y":843.96875,"width":102,"height":29},"60":{"x":168,"y":893.875,"width":1020,"height":58.21875},"61":{"x":794,"y":893.875,"width":166,"height":29},"62":{"x":960,"y":893.875,"width":5,"height":29},"63":{"x":965,"y":893.875,"width":159,"height":29},"64":{"x":1124,"y":893.875,"width":36,"height":29},"65":{"x":168,"y":922.984375,"width":115,"height":29},"66":{"x":283,"y":922.984375,"width":5,"height":29},"67":{"x":168,"y":1024.890625,"width":1020,"height":30.5},"68":{"x":1070.9375,"y":1024.890625,"width":117.0625,"height":30.5},"69":{"x":1114.96875,"y":1024.890625,"width":34,"height":27.1875},"70":{"x":1154,"y":1024.890625,"width":34,"height":27.1875},"71":{"x":168,"y":1086.578125,"width":1200,"height":379.828125},"72":{"x":168,"y":1154.171875,"width":1200,"height":34.3125},"73":{"x":423,"y":1151.171875,"width":139,"height":40},"74":{"x":168,"y":1204.078125,"width":1200,"height":262.328125},"75":{"x":169,"y":1216.078125,"width":275.53125,"height":238.328125},"76":{"x":169,"y":1216.078125,"width":275.53125,"height":161.546875},"77":{"x":476.484375,"y":1216.078125,"width":275.53125,"height":238.328125},"78":{"x":476.484375,"y":1216.078125,"width":275.53125,"height":161.546875},"79":{"x":783.96875,"y":1216.078125,"width":275.53125,"height":238.328125},"80":{"x":783.96875,"y":1216.078125,"width":275.53125,"height":161.546875},"81":{"x":1091.453125,"y":1216.078125,"width":275.53125,"height":238.328125},"82":{"x":1091.453125,"y":1216.078125,"width":275.53125,"height":161.546875},"83":{"x":168,"y":245.390625,"width":1200,"height":810},"85":{"x":334.34375,"y":144.1875,"width":79,"height":22},"87":{"x":0,"y":0,"width":1536,"height":128},"88":{"x":1243.171875,"y":141.5,"width":115.359375,"height":24},"89":{"x":1070.9375,"y":1031.984375,"width":38,"height":16.3125},"90":{"x":0,"y":0,"width":1536,"height":1964.96875},"91":{"x":0,"y":0,"width":1536,"height":1964.96875},"92":null,"93":null,"94":{"x":0,"y":1573.59375,"width":1536,"height":391.375},"95":null,"96":null,"97":null,"98":null,"99":null,"100":null,"101":null,"102":null,"103":null,"104":null,"105":null,"106":null,"107":null,"108":null,"109":null,"110":null,"111":null,"112":null,"113":null,"114":null,"115":null,"116":null,"117":null,"118":null,"119":null,"120":null,"121":null,"122":null,"123":null,"124":null,"125":null,"126":null,"127":null,"128":{"x":35.984375,"y":1603.1875,"width":325.234375,"height":195.8125},"129":{"x":415.578125,"y":1603.1875,"width":325.234375,"height":195.8125},"130":{"x":795.171875,"y":1603.1875,"width":325.234375,"height":195.8125},"131":{"x":1174.765625,"y":1603.1875,"width":325.234375,"height":195.8125},"132":{"x":1174.78125,"y":1842.1875,"width":325.234375,"height":58},"133":{"x":28.796875,"y":1842.1875,"width":240,"height":86.796875},"134":{"x":28.796875,"y":1842.1875,"width":240,"height":28.796875},"135":{"x":28.796875,"y":1874.984375,"width":240,"height":20},"136":null,"137":null,"138":null,"139":{"x":676,"y":0,"width":860,"height":126},"140":{"x":168,"y":126,"width":1200,"height":57},"141":{"x":35.984375,"y":1603.1875,"width":325.234375,"height":23.03125},"142":{"x":35.984375,"y":1626.21875,"width":325.234375,"height":172.78125},"143":{"x":415.578125,"y":1603.1875,"width":325.234375,"height":23.03125},"144":{"x":415.578125,"y":1626.21875,"width":325.234375,"height":143.984375},"145":{"x":795.171875,"y":1603.1875,"width":325.234375,"height":23.03125},"146":{"x":795.171875,"y":1626.21875,"width":325.234375,"height":143.984375},"147":{"x":1174.765625,"y":1603.1875,"width":325.234375,"height":23.03125},"148":{"x":1174.765625,"y":1626.21875,"width":325.234375,"height":28.796875},"149":{"x":1174.765625,"y":1655.015625,"width":325.234375,"height":28.796875},"150":{"x":1174.765625,"y":1683.8125,"width":325.234375,"height":28.796875},"151":null,"152":null,"153":null,"154":null,"155":null,"156":null,"157":{"x":1171.90625,"y":1848.59375,"width":48.9375,"height":45.1875},"158":{"x":1218.09375,"y":1852.1875,"width":41.75,"height":38},"159":{"x":1257.09375,"y":1842.1875,"width":61.75,"height":58},"160":{"x":28.796875,"y":1845.1875,"width":132,"height":22},"161":{"x":68.50737762451172,"y":46.95904541015625,"width":306.0498733520508,"height":41.492645263671875},"162":{"x":676,"y":0,"width":110,"height":126},"163":{"x":786,"y":0,"width":120,"height":126},"164":{"x":906,"y":0,"width":145,"height":126},"165":{"x":1051,"y":0,"width":151,"height":126},"166":{"x":1202,"y":0,"width":180,"height":126},"167":{"x":1382,"y":0,"width":154,"height":126},"168":null,"169":null,"170":{"x":174,"y":129,"width":0,"height":0},"171":{"x":170,"y":126,"width":813.8125,"height":55},"172":{"x":1247.171875,"y":144.5,"width":0,"height":0},"173":{"x":168,"y":410.328125,"width":582,"height":38},"174":{"x":168,"y":515.421875,"width":971,"height":58.109375},"175":{"x":168,"y":594.4375,"width":449,"height":29},"176":{"x":168,"y":814.859375,"width":953,"height":58.109375},"177":{"x":168,"y":893.875,"width":626,"height":29},"178":{"x":965,"y":893.875,"width":159,"height":29},"179":{"x":168,"y":922.984375,"width":115,"height":29},"180":{"x":168,"y":1024.890625,"width":238,"height":30.5},"181":{"x":1070.9375,"y":1029.984375,"width":38,"height":20},"182":{"x":1112.9375,