{"3":{"x":0,"y":0,"width":1280,"height":720},"5":{"x":153,"y":287.640625,"width":966,"height":16},"6":{"x":153,"y":531.734375,"width":974,"height":38.015625},"7":{"x":765,"y":0,"width":505,"height":50},"8":{"x":145,"y":50,"width":990,"height":638.78125},"9":{"x":1029.8125,"y":630.765625,"width":89.1875,"height":28.59375},"10":{"x":145,"y":688.78125,"width":990,"height":416},"11":{"x":343,"y":709.78125,"width":198,"height":305},"12":{"x":541,"y":709.78125,"width":198,"height":305},"13":{"x":556,"y":815.78125,"width":168,"height":24},"14":{"x":556,"y":839.78125,"width":168,"height":24},"15":{"x":556,"y":863.78125,"width":168,"height":24},"16":{"x":556,"y":887.78125,"width":168,"height":24},"17":{"x":556,"y":911.78125,"width":168,"height":40},"18":{"x":739,"y":709.78125,"width":198,"height":305},"19":{"x":754,"y":791.78125,"width":168,"height":24},"20":{"x":754,"y":815.78125,"width":168,"height":24},"21":{"x":754,"y":839.78125,"width":168,"height":24},"22":{"x":937,"y":709.78125,"width":198,"height":305},"23":{"x":542,"y":1069.78125,"width":19,"height":13},"24":{"x":564,"y":1068.78125,"width":102,"height":16},"25":{"x":669,"y":1069.78125,"width":70,"height":13},"26":{"x":153,"y":137.59375,"width":974,"height":166.046875},"27":{"x":161,"y":258.640625,"width":660,"height":29},"28":{"x":153,"y":303.640625,"width":974,"height":38.015625},"29":{"x":153,"y":341.65625,"width":974,"height":38.015625},"30":{"x":153,"y":379.671875,"width":974,"height":38.015625},"31":{"x":408,"y":391.671875,"width":53,"height":15},"32":{"x":153,"y":417.6875,"width":974,"height":38.015625},"33":{"x":283,"y":429.6875,"width":56,"height":15},"34":{"x":153,"y":455.703125,"width":974,"height":38.015625},"35":{"x":283,"y":467.703125,"width":49,"height":15},"36":{"x":153,"y":493.71875,"width":974,"height":38.015625},"37":{"x":525,"y":505.71875,"width":146,"height":15},"38":{"x":390,"y":543.734375,"width":68,"height":15},"39":{"x":153,"y":569.75,"width":974,"height":38.015625},"40":{"x":352,"y":581.75,"width":141,"height":15},"41":{"x":153,"y":622.765625,"width":974,"height":38.015625},"42":{"x":160,"y":767.78125,"width":168,"height":63},"43":{"x":358,"y":815.78125,"width":168,"height":24},"44":{"x":358,"y":839.78125,"width":168,"height":24},"45":{"x":358,"y":863.78125,"width":168,"height":24},"46":{"x":358,"y":887.78125,"width":168,"height":24},"47":{"x":358,"y":911.78125,"width":168,"height":24},"48":{"x":358,"y":935.78125,"width":168,"height":24},"49":{"x":358,"y":959.78125,"width":168,"height":40},"50":{"x":145,"y":1057.78125,"width":990,"height":27},"51":{"x":0,"y":0,"width":1280,"height":720},"52":{"x":0,"y":0,"width":1280,"height":1104.78125},"53":{"x":0,"y":0,"width":1280,"height":46},"54":{"x":0,"y":50,"width":1280,"height":1054.78125},"55":null,"56":null,"57":null,"58":{"x":0,"y":1104.78125,"width":0,"height":0},"59":null,"60":{"x":0,"y":0,"width":1280,"height":0},"61":{"x":10,"y":0,"width":184,"height":48},"62":null,"63":null,"64":null,"65":null,"66":null,"67":{"x":145,"y":70,"width":990,"height":598.78125},"68":null,"69":null,"70":null,"71":null,"72":null,"73":null,"74":null,"75":null,"76":null,"77":null,"78":null,"79":null,"80":null,"81":null,"82":null,"83":null,"84":null,"85":null,"86":null,"87":null,"88":null,"89":null,"90":null,"91":null,"92":null,"93":null,"94":null,"95":null,"96":null,"97":null,"98":null,"99":null,"100":null,"101":null,"102":null,"103":null,"104":null,"105":null,"106":null,"107":null,"108":null,"109":null,"110":null,"111":null,"112":null,"113":null,"114":null,"115":null,"116":null,"117":null,"118":null,"119":null,"120":null,"121":null,"122":null,"123":null,"124":null,"125":null,"126":null,"127":null,"128":null,"129":null,"130":null,"131":null,"132":null,"133":null,"134":null,"135":null,"136":null,"137":null,"138":null,"139":null,"140":null,"141":null,"142":null,"143":null,"144":null,"145":null,"146":null,"147":null,"148":null,"149":null,"150":null,"151":null,"152":null,"153":null,"154":null,"155":null,"156":null,"157":null,"158":null,"159":null,"160":null,"161":null,"162":null,"163":null,"164":null,"165":null,"166":null,"167":null,"168":null,"169":null,"170":null,"171":null,"172":null,"173":null,"174":null,"175":null,"176":null,"177":null,"178":null,"179":null,"180":null,"181":null,"182":null,"183":null,"184":null,"185":null,"186":null,"187":null,"188":null,"189":null,"190":null,"191":null,"192":null,"193":null,"194":{"x":145,"y":709.78125,"width":198,"height":305},"195":{"x":160,"y":734.78125,"width":168,"height":13},"196":{"x":358,"y":734.78125,"width":168,"height":13},"197":{"x":358,"y":767.78125,"width":168,"height":232},"198":{"x":556,"y":734.78125,"width":168,"height":13},"199":{"x":556,"y":767.78125,"width":168,"height":184},"200":{"x":754,"y":734.78125,"width":168,"height":13},"201":{"x":754,"y":767.78125,"width":168,"height":96},"202":{"x":952,"y":734.78125,"width":168,"height":13},"203":{"x":952,"y":767.78125,"width":168,"height":144},"204":null,"205":{"x":10,"y":0,"width":184,"height":44},"206":null,"207":null,"208":{"x":765,"y":0,"width":505,"height":50},"209":{"x":153,"y":78,"width":974,"height":44.59375},"210":{"x":161,"y":149.59375,"width":155,"height":15},"211":{"x":161,"y":172.609375,"width":660,"height":29},"212":{"x":161,"y":201.609375,"width":0,"height":0},"213":{"x":153,"y":223.625,"width":966,"height":16},"214":{"x":161,"y":235.625,"width":452,"height":15},"215":{"x":160,"y":734.78125,"width":88,"height":13},"216":{"x":178,"y":779.78125,"width":132,"height":37},"217":{"x":358,"y":734.78125,"width":72,"height":13},"218":{"x":358,"y":767.78125,"width":168,"height":24},"219":{"x":358,"y":791.78125,"width":168,"height":24},"220":{"x":556,"y":734.78125,"width":59,"height":13},"221":{"x":556,"y":767.78125,"width":168,"height":24},"222":{"x":556,"y":791.78125,"width":168,"height":24},"223":{"x":754,"y":734.78125,"width":77,"height":13},"224":{"x":754,"y":767.78125,"width":168,"height":24},"225":{"x":952,"y":734.78125,"width":62,"height":13},"226":{"x":952,"y":767.78125,"width":168,"height":24},"227":{"x":952,"y":791.78125,"width":168,"height":24},"228":{"x":952,"y":815.78125,"width":168,"height":24},"229":{"x":952,"y":839.78125,"width":168,"height":24},"230":{"x":952,"y":863.78125,"width":168,"height":24},"231":null,"232":null,"233":null,"234":null,"235":null,"236":null,"237":{"x":952,"y":887.78125,"width":168,"height":24},"238":{"x":-29990,"y":0,"width":384,"height":58},"239":{"x":765,"y":0,"width":85,"height":46},"240":{"x":850,"y":0,"width":80,"height":46},"241":{"x":930,"y":0,"width":60,"height":46},"242":{"x":990,"y":0,"width":53,"height":46},"243":{"x":1043,"y":0,"width":81,"height":46},"244":{"x":1124,"y":0,"width":80,"height":46},"245":{"x":1204,"y":0,"width":66,"height":46},"246":{"x":153,"y":80,"width":467,"height":28},"247":{"x":161,"y":149.59375,"width":155,"height":15},"248":{"x":168,"y":179.609375,"width":646,"height":15},"249":{"x":161,"y":235.625,"width":452,"height":15},"250":{"x":168,"y":265.640625,"width":646,"height":15},"251":{"x":161,"y":312.640625,"width":252,"height":19},"252":{"x":161,"y":352.65625,"width":13,"height":13},"253":{"x":184,"y":353.65625,"width":139,"height":15},"254":{"x":161,"y":390.671875,"width":13,"height":13},"255":{"x":184,"y":391.671875,"width":277,"height":15},"256":{"x":161,"y":428.6875,"width":13,"height":13},"257":{"x":184,"y":429.6875,"width":155,"height":15},"258":{"x":161,"y":466.703125,"width":13,"height":13},"259":{"x":184,"y":467.703125,"width":148,"height":15},"260":{"x":161,"y":504.71875,"width":13,"height":13},"261":{"x":184,"y":505.71875,"width":487,"height":15},"262":{"x":161,"y":542.734375,"width":13,"height":13},"263":{"x":184,"y":543.734375,"width":274,"height":15},"264":{"x":161,"y":580.75,"width":13,"height":13},"265":{"x":184,"y":581.75,"width":309,"height":15},"266":{"x":161,"y":631.765625,"width":54,"height":19},"267":{"x":358,"y":767.78125,"width":55,"height":15},"268":{"x":358,"y":791.78125,"width":122,"height":15},"269":{"x":358,"y":815.78125,"width":101,