{"3":{"x":0,"y":0,"width":1536,"height":864},"4":{"x":8,"y":70,"width":1520,"height":0},"5":{"x":251.1875,"y":8,"width":198,"height":51},"6":{"x":0,"y":0,"width":1536,"height":834},"7":{"x":418,"y":168,"width":700,"height":400},"9":{"x":210.796875,"y":89,"width":101,"height":24},"10":{"x":514.609375,"y":70,"width":506.609375,"height":62},"11":{"x":745.40625,"y":89,"width":45,"height":24},"12":{"x":1021.21875,"y":70,"width":506.609375,"height":62},"13":{"x":1244.015625,"y":89,"width":61,"height":24},"14":{"x":418,"y":168,"width":700,"height":620},"16":{"x":8,"y":8,"width":1520,"height":818},"17":{"x":8,"y":8,"width":1520,"height":62},"18":{"x":8,"y":70,"width":0,"height":0},"19":{"x":8,"y":70,"width":0,"height":0},"20":{"x":8,"y":788,"width":0,"height":0},"21":{"x":8,"y":788,"width":0,"height":0},"22":{"x":8,"y":8,"width":1520,"height":62},"23":{"x":8,"y":70,"width":1520,"height":0},"24":{"x":418,"y":568,"width":0,"height":0},"25":{"x":418,"y":568,"width":0,"height":0},"26":{"x":418,"y":568,"width":0,"height":0},"27":{"x":700.5,"y":625,"width":135,"height":19},"28":{"x":418,"y":664,"width":700,"height":124},"29":{"x":8,"y":40,"width":441.1875,"height":24},"30":{"x":8,"y":8,"width":0,"height":0},"31":{"x":8,"y":70,"width":1520,"height":0},"32":{"x":700.5,"y":625,"width":135,"height":19},"33":{"x":418,"y":664,"width":0,"height":0},"34":{"x":418,"y":699,"width":700,"height":19},"35":{"x":418,"y":734,"width":700,"height":19},"36":{"x":418,"y":769,"width":0,"height":0},"37":{"x":8,"y":70,"width":506.609375,"height":62},"38":{"x":568,"y":699,"width":176,"height":19},"39":{"x":744,"y":699,"width":96,"height":19},"40":{"x":840,"y":699,"width":127,"height":19},"41":{"x":574,"y":734,"width":388,"height":19},"42":{"x":210.796875,"y":89,"width":101,"height":24},"43":{"x":745.40625,"y":89,"width":45,"height":24},"44":{"x":1244.015625,"y":89,"width":61,"height":24},"45":{"x":-19972,"y":132,"width":287,"height":124},"46":{"x":-19922,"y":132,"width":78.984375,"height":62},"47":{"x":-19843.015625,"y":132,"width":78.984375,"height":62},"48":{"x":-19764.03125,"y":132,"width":78.984375,"height":62},"49":{"x":-19922,"y":194,"width":78.984375,"height":62},"50":{"x":-19843.015625,"y":194,"width":78.984375,"height":62},"51":{"x":-19764.03125,"y":194,"width":78.984375,"height":62},"52":{"x":-19900.015625,"y":151,"width":35,"height":24},"53":{"x":-19825.03125,"y":151,"width":43,"height":24},"54":{"x":-19745.546875,"y":151,"width":42,"height":24},"55":{"x":-19898.515625,"y":213,"width":32,"height":24},"56":{"x":-19825.03125,"y":213,"width":43,"height":24},"57":{"x":-19745.546875,"y":213,"width":42,"height":24},"58":{"x":-19900.015625,"y":151,"width":35,"height":24},"59":{"x":-19825.03125,"y":151,"width":43,"height":24},"60":{"x":-19745.546875,"y":151,"width":42,"height":24},"61":{"x":-19898.515625,"y":213,"width":33,"height":24},"62":{"x":-19825.03125,"y":213,"width":43,"height":24},"63":{"x":-19745.546875,"y":213,"width":42,"height":24}}