{"3":{"x":0,"y":0,"width":1366,"height":768},"5":{"x":176.59375,"y":379.21875,"width":30,"height":30},"6":{"x":136.59375,"y":127.671875,"width":1092.796875,"height":111.953125},"7":{"x":68.296875,"y":24,"width":1229.390625,"height":724},"8":{"x":136.59375,"y":24,"width":1092.796875,"height":265.828125},"9":{"x":136.59375,"y":263.625,"width":1092.796875,"height":26.203125},"10":{"x":136.59375,"y":329.828125,"width":1092.796875,"height":108.171875},"11":{"x":0,"y":0,"width":1366,"height":768},"12":{"x":136.59375,"y":24,"width":1092.796875,"height":0},"13":{"x":136.59375,"y":24,"width":1092.796875,"height":49.28125},"14":{"x":136.59375,"y":89.28125,"width":1092.796875,"height":0},"15":{"x":136.59375,"y":89.28125,"width":1092.796875,"height":22.390625},"16":{"x":136.59375,"y":127.671875,"width":1092.796875,"height":162.15625},"17":{"x":136.59375,"y":28,"width":202,"height":41},"18":{"x":136.59375,"y":90.28125,"width":131,"height":19},"19":{"x":267.59375,"y":90.28125,"width":26,"height":19},"20":{"x":293.59375,"y":90.28125,"width":79,"height":19},"21":{"x":372.59375,"y":90.28125,"width":6,"height":19},"22":{"x":136.59375,"y":128.671875,"width":1088,"height":108.5625},"23":{"x":136.59375,"y":265.625,"width":414,"height":21},"24":{"x":136.59375,"y":356.828125,"width":1092.796875,"height":81.171875},"25":{"x":136.59375,"y":90.28125,"width":131,"height":19},"26":{"x":293.59375,"y":90.28125,"width":79,"height":19},"27":{"x":136.59375,"y":265.625,"width":414,"height":21},"28":{"x":136.59375,"y":356.828125,"width":1092.796875,"height":81.171875},"29":{"x":176.59375,"y":356.828125,"width":1052.796875,"height":22.390625},"30":{"x":176.59375,"y":379.21875,"width":1052.796875,"height":36.390625},"31":{"x":176.59375,"y":415.609375,"width":1052.796875,"height":22.390625},"32":{"x":158.59375,"y":356.828125,"width":7,"height":22.390625},"33":{"x":176.59375,"y":357.828125,"width":44,"height":19},"34":{"x":158.59375,"y":393.21875,"width":7,"height":22.390625},"35":{"x":176.59375,"y":394.21875,"width":30,"height":19},"36":{"x":158.59375,"y":415.609375,"width":7,"height":22.390625},"37":{"x":176.59375,"y":416.609375,"width":125,"height":19},"38":{"x":176.59375,"y":357.828125,"width":44,"height":19},"39":{"x":176.59375,"y":416.609375,"width":125,"height":19}}