{"3":{"x":0,"y":0,"width":1366,"height":768},"4":{"x":0,"y":305.78125,"width":1366,"height":273.1875},"5":{"x":0,"y":0,"width":1366,"height":768},"6":{"x":40.96875,"y":34.140625,"width":860.328125,"height":48.46875},"7":{"x":40.96875,"y":35.84375,"width":425.875,"height":45.0625},"8":{"x":40.96875,"y":35.84375,"width":48.15625,"height":45.0625},"9":{"x":106.875,"y":35.84375,"width":59.453125,"height":45.0625},"10":{"x":106.875,"y":35.84375,"width":59.453125,"height":45.0625},"11":{"x":184.078125,"y":35.84375,"width":43.15625,"height":45.0625},"12":{"x":184.078125,"y":35.84375,"width":43.15625,"height":45.0625},"13":{"x":244.984375,"y":35.84375,"width":75.015625,"height":45.0625},"14":{"x":244.984375,"y":35.84375,"width":75.015625,"height":45.0625},"15":{"x":466.84375,"y":34.140625,"width":434.46875,"height":48.46875},"16":{"x":901.296875,"y":38.375,"width":423.734375,"height":40},"17":{"x":1169.53125,"y":38.375,"width":40,"height":40},"18":{"x":1169.53125,"y":38.375,"width":40,"height":40},"19":{"x":1227.28125,"y":38.375,"width":40,"height":40},"20":{"x":1227.28125,"y":38.375,"width":40,"height":40},"21":{"x":1285.03125,"y":38.375,"width":40,"height":40},"22":{"x":1285.03125,"y":38.375,"width":40,"height":40},"23":{"x":40.96875,"y":34.140625,"width":1284.0625,"height":48.46875},"24":{"x":40.96875,"y":34.140625,"width":1284.0625,"height":48.46875},"25":{"x":40.96875,"y":34.140625,"width":1284.0625,"height":48.46875},"26":{"x":40.96875,"y":35.0625,"width":48.15625,"height":45},"27":{"x":106.875,"y":35.0625,"width":59.453125,"height":45},"28":{"x":184.078125,"y":35.0625,"width":43.15625,"height":45},"29":{"x":244.984375,"y":35.0625,"width":75.015625,"height":45},"30":{"x":499.3125,"y":32.140625,"width":369.515625,"height":52},"31":{"x":1155.875,"y":38.375,"width":169.15625,"height":40},"32":{"x":0,"y":768,"width":1366,"height":314.171875},"33":{"x":0,"y":768,"width":1366,"height":314.171875},"34":{"x":0,"y":768,"width":1366,"height":314.171875},"35":{"x":0,"y":768,"width":1366,"height":314.171875},"36":{"x":361.984375,"y":813.0625,"width":642.03125,"height":224.046875},"37":{"x":344.984375,"y":813.0625,"width":676.03125,"height":224.046875},"38":{"x":406.328125,"y":813.0625,"width":244.34375,"height":68.703125},"39":{"x":406.328125,"y":806.0625,"width":244.34375,"height":81},"40":{"x":650.671875,"y":806.0625,"width":57.75,"height":81},"41":{"x":708.421875,"y":813.0625,"width":193.484375,"height":68.703125},"42":{"x":708.421875,"y":806.0625,"width":193.484375,"height":81},"43":{"x":901.90625,"y":806.0625,"width":57.75,"height":81},"44":{"x":510.453125,"y":881.765625,"width":345.078125,"height":68.703125},"45":{"x":510.453125,"y":874.765625,"width":345.078125,"height":81},"46":{"x":361.984375,"y":998.46875,"width":642.03125,"height":38.640625},"47":{"x":567.46875,"y":994.46875,"width":105.890625,"height":45},"48":{"x":673.359375,"y":998.46875,"width":125.171875,"height":38.640625},"49":{"x":673.359375,"y":994.46875,"width":125.171875,"height":45},"50":{"x":361.984375,"y":813.0625,"width":642.03125,"height":224.046875},"51":{"x":0,"y":0,"width":1366,"height":1082.171875},"52":{"x":0,"y":0,"width":1366,"height":1082.171875},"53":{"x":0,"y":0,"width":1366,"height":1082.171875},"54":null,"55":null,"56":null,"57":null,"58":null,"59":null,"60":null,"61":null,"62":null,"63":null,"64":null,"65":null,"66":null,"67":{"x":0,"y":1082.171875,"width":0,"height":0},"68":null,"69":null,"70":null,"71":null,"72":null,"73":null,"74":null,"75":null,"76":null,"77":null,"78":null,"79":{"x":0,"y":0,"width":1366,"height":116.75},"80":{"x":0,"y":0,"width":1366,"height":768},"81":{"x":0,"y":0,"width":1366,"height":0},"82":{"x":0,"y":0,"width":1366,"height":116.75},"83":{"x":0,"y":0,"width":1366,"height":768},"84":{"x":0,"y":0,"width":1366,"height":768},"85":{"x":0,"y":116.75,"width":1366,"height":651.25},"86":{"x":0,"y":136.75,"width":1366,"height":651.25},"87":{"x":0,"y":136.75,"width":1366,"height":651.25},"88":{"x":0,"y":136.75,"width":1366,"height":512.0625},"89":{"x":0,"y":136.75,"width":1366,"height":128.015625},"90":{"x":109.265625,"y":177.71875,"width":1147.46875,"height":46.078125},"91":{"x":649.109375,"y":177.71875,"width":67.765625,"height":46.078125},"92":{"x":649.109375,"y":167.71875,"width":67.765625,"height":66},"93":{"x":0,"y":264.765625,"width":1366,"height":128.015625},"94":{"x":109.265625,"y":305.734375,"width":1147.46875,"height":46.078125},"95":{"x":640.890625,"y":305.734375,"width":84.203125,"height":46.078125},"96":{"x":640.890625,"y":295.734375,"width":84.203125,"height":66},"97":{"x":0,"y":392.78125,"width":1366,"height":128.015625},"98":{"x":109.265625,"y":433.75,"width":1147.46875,"height":46.078125},"99":{"x":652.609375,"y":433.75,"width":60.765625,"height":46.078125},"100":{"x":652.609375,"y":423.75,"width":60.765625,"height":66},"101":{"x":0,"y":520.796875,"width":1366,"height":128.015625},"102":{"x":109.265625,"y":561.765625,"width":1147.46875,"height":46.078125},"103":{"x":630.453125,"y":561.765625,"width":105.09375,"height":46.078125},"104":{"x":630.453125,"y":551.765625,"width":105.09375,"height":66},"105":{"x":20,"y":706.8125,"width":1326,"height":58},"106":{"x":626,"y":721.8125,"width":28,"height":28},"107":{"x":626,"y":721.8125,"width":28,"height":28},"108":{"x":626,"y":728.8125,"width":28,"height":28},"109":{"x":627.96875,"y":733.037109375,"width":24.0625,"height":19.55078125},"110":{"x":627.96875,"y":733.037109375,"width":24.0625,"height":19.55078125},"111":{"x":627.96875,"y":733.037109375,"width":24.0625,"height":19.55078125},"112":{"x":669,"y":721.8125,"width":28,"height":28},"113":{"x":669,"y":721.8125,"width":28,"height":28},"114":{"x":669,"y":728.8125,"width":28,"height":28},"115":{"x":671.720703125,"y":731.533203125,"width":22.55859375,"height":22.55859375},"116":{"x":671.720703125,"y":731.533203125,"width":22.55859375,"height":22.55859375},"117":{"x":671.720703125,"y":731.533203125,"width":22.55859375,"height":22.55859375},"118":{"x":712,"y":721.8125,"width":28,"height":28},"119":{"x":712,"y":721.8125,"width":28,"height":28},"120":{"x":712,"y":728.8125,"width":28,"height":28},"121":{"x":713.96875,"y":736.796875,"width":24.0625,"height":12.087646484375},"122":{"x":713.96875,"y":736.796875,"width":24.0625,"height":12.087646484375},"123":{"x":713.96875,"y":736.796875,"width":24.0625,"height":12.087646484375},"124":{"x":0,"y":0,"width":1366,"height":768},"125":{"x":-28800,"y":43.1875,"width":279.265625,"height":120.625},"126":{"x":0,"y":0,"width":1366,"height":116.75},"127":{"x":0,"y":0,"width":1366,"height":116.75},"128":{"x":-28732.671875,"y":83.5,"width":144.609375,"height":40},"129":null,"130":null,"131":null,"132":null,"133":null,"134":null,"135":null,"136":null,"137":null,"138":null,"139":null,"140":null,"141":null,"142":null,"143":null,"144":null,"145":null,"146":null,"147":null,"148":null,"149":null,"150":null,"151":null,"152":null,"153":null,"154":null,"155":null,"156":null,"157":null,"158":null,"159":null,"160":null,"161":null,"162":null,"163":null,"164":null,"165":null,"166":null,"167":null,"168":null,"169":null,"170":null,"171":null,"172":null,"173":null,"174":null,"175":null,"176":null,"177":null,"178":null,"179":null,"180":{"x":0,"y":0,"width":1366,"height":768},"181":{"x":361.984375,"y":813.0625,"width":642.03125,"height":224.046875},"182":{"x":40.96875,"y":35.84375,"width":425.875,"height":45.0625},"183":null,"184":{"x":1325.03125,"y":58.375,"width":0,"height":0},"185":null,"186":null,"187":null,"188":null,"189":null,"190":null,"191":null,"192":null,"193":null,"194":null,"195":null,"196":{"x":0,"y":0,"width":1366,"height":768},"197":{"x":201.46875,"y":442.375,"width":963.046875,"height":0},"198":{"x":201.46875,"y":442.375,"width":963.046875,"height":0},"199":{"x":344.984375,"y":813.0625,"width":676.03125,"height":224.046875},"200":{"x":344.984375,"y":813.0625,"width":676.03125,"height":224.046875},"201":{"x":40.96875,"y":35.84375,"width":279.03125,"height":45.0625},"202":{"x":466.84375,"y":34.140625,"width":434.46875,