{"3":{"x":0,"y":0,"width":1280,"height":720},"4":{"x":18.65625,"y":6.015625,"width":167.09375,"height":55},"5":{"x":382.078125,"y":422.71875,"width":189,"height":45.515625},"6":{"x":382.078125,"y":280.953125,"width":515.828125,"height":88.765625},"7":{"x":0,"y":64,"width":1280,"height":600},"8":{"x":1085.171875,"y":0,"width":194.828125,"height":62.390625},"9":{"x":1195.1875,"y":6.390625,"width":84.8125,"height":56},"10":{"x":783.90625,"y":280.953125,"width":114,"height":17.28125},"14":{"x":40,"y":588.828125,"width":368,"height":67.171875},"15":{"x":0,"y":0,"width":1280,"height":64},"16":{"x":0,"y":0,"width":1280,"height":56},"17":{"x":0,"y":0,"width":204.40625,"height":64},"18":{"x":0,"y":4,"width":204.40625,"height":57.015625},"19":{"x":18.65625,"y":4,"width":167.09375,"height":57.015625},"20":{"x":0,"y":0,"width":1280,"height":0},"21":{"x":0,"y":64,"width":1280,"height":412.234375},"22":{"x":367.078125,"y":67.1875,"width":545.828125,"height":401.046875},"23":{"x":408.890625,"y":71.1875,"width":462.203125,"height":38},"24":{"x":609.984375,"y":133.578125,"width":60,"height":3},"25":{"x":382.078125,"y":284.140625,"width":92.203125,"height":46.390625},"26":{"x":609.984375,"y":389.71875,"width":60,"height":3},"27":{"x":0,"y":1000,"width":1280,"height":168.15625},"28":{"x":106.65625,"y":1000,"width":1066.65625,"height":168.15625},"29":{"x":417.734375,"y":1010,"width":444.5,"height":28.765625},"30":{"x":0,"y":497.3125,"width":480,"height":222.6875},"31":{"x":16,"y":513.3125,"width":448,"height":190.6875},"32":{"x":16,"y":513.3125,"width":448,"height":59.515625},"33":{"x":-15,"y":64,"width":1310,"height":412.234375},"34":{"x":382.078125,"y":67.1875,"width":515.828125,"height":69.390625},"35":{"x":382.078125,"y":166.578125,"width":515.828125,"height":203.140625},"36":{"x":382.078125,"y":223.765625,"width":515.828125,"height":52.390625},"37":{"x":382.078125,"y":389.71875,"width":515.828125,"height":3},"38":{"x":417.734375,"y":1010,"width":90.5,"height":28.765625},"39":{"x":593.234375,"y":1010,"width":83.5,"height":28.765625},"40":{"x":761.734375,"y":1010,"width":70.5,"height":28.765625},"41":{"x":40,"y":588.828125,"width":400,"height":107.171875},"42":{"x":40,"y":634.609375,"width":183,"height":19},"43":{"x":223,"y":634.609375,"width":42,"height":19},"44":{"x":0,"y":0,"width":1280,"height":720},"45":{"x":0,"y":0,"width":1280,"height":720},"46":{"x":0,"y":0,"width":1280,"height":1174},"47":null,"48":{"x":0,"y":-2000,"width":300,"height":150},"49":{"x":0,"y":0,"width":1280,"height":720},"50":{"x":0,"y":1174,"width":1,"height":1},"51":{"x":0,"y":0,"width":1280,"height":944},"52":{"x":0,"y":944,"width":1280,"height":230},"53":null,"54":null,"55":null,"56":null,"57":null,"58":null,"59":null,"60":null,"61":null,"62":null,"63":null,"64":null,"65":null,"66":null,"67":null,"68":null,"69":null,"70":null,"71":null,"72":null,"73":null,"74":null,"75":null,"76":null,"77":null,"78":null,"79":null,"80":null,"81":null,"82":null,"83":null,"84":null,"85":null,"86":null,"87":null,"88":null,"89":null,"90":{"x":0,"y":0,"width":1280,"height":0},"91":{"x":1510,"y":0,"width":460,"height":720},"92":{"x":0,"y":64,"width":1280,"height":800},"93":{"x":0,"y":0,"width":1280,"height":67},"94":{"x":1512,"y":3.1875,"width":458,"height":720},"95":{"x":121.65625,"y":1118.5625,"width":1036.65625,"height":49.59375},"96":{"x":24,"y":521.3125,"width":432,"height":174.6875},"97":{"x":1512,"y":3.1875,"width":458,"height":141.15625},"98":{"x":1512,"y":3.1875,"width":0,"height":0},"99":{"x":1512,"y":3.1875,"width":458,"height":80.390625},"100":{"x":1512,"y":83.578125,"width":458,"height":60.765625},"101":{"x":0,"y":64,"width":1280,"height":0},"102":{"x":0,"y":64,"width":1280,"height":0},"103":{"x":538.234375,"y":1010,"width":25,"height":28.765625},"104":{"x":706.734375,"y":1010,"width":25,"height":28.765625},"105":{"x":576.984375,"y":1119.5625,"width":126,"height":16},"106":null,"108":{"x":32,"y":529.3125,"width":192,"height":27.515625},"109":{"x":416,"y":529.3125,"width":32,"height":32},"110":{"x":1921,"y":3.1875,"width":49,"height":52.796875},"111":{"x":1536,"y":25.1875,"width":132,"height":34},"112":{"x":1678,"y":36.1875,"width":30.8125,"height":20},"113":{"x":1531.1875,"y":103.765625,"width":217,"height":19},"114":{"x":382.078125,"y":67.1875,"width":515.828125,"height":46.390625},"115":{"x":382.078125,"y":422.71875,"width":515.828125,"height":45.515625},"116":{"x":425.734375,"y":1016.1875,"width":74.5,"height":16},"117":{"x":546.234375,"y":1016.1875,"width":9,"height":16},"118":{"x":601.234375,"y":1016.1875,"width":67.5,"height":16},"119":{"x":714.734375,"y":1016.1875,"width":9,"height":16},"120":{"x":769.734375,"y":1016.1875,"width":54.5,"height":16},"121":{"x":576.984375,"y":1119.5625,"width":127,"height":16},"122":{"x":425.5,"y":535.3125,"width":13,"height":19},"123":null,"124":null,"125":null,"126":{"x":0,"y":4,"width":204.40625,"height":56},"127":{"x":1933,"y":0.1875,"width":25,"height":57},"128":{"x":1678,"y":36.1875,"width":30.8125,"height":20},"129":null,"130":null,"131":{"x":382.078125,"y":166.578125,"width":515.828125,"height":109.578125},"132":{"x":382.078125,"y":166.578125,"width":515.828125,"height":52.390625},"133":{"x":382.078125,"y":166.578125,"width":515.828125,"height":20.390625},"134":{"x":382.078125,"y":186.96875,"width":515.828125,"height":32},"135":{"x":382.078125,"y":223.765625,"width":515.828125,"height":20.390625},"136":{"x":382.078125,"y":244.15625,"width":515.828125,"height":32},"137":{"x":382.078125,"y":350.53125,"width":515.828125,"height":19.1875},"138":{"x":382.078125,"y":434.71875,"width":189,"height":19},"139":{"x":425.734375,"y":1016.1875,"width":74.5,"height":16},"140":{"x":601.234375,"y":1016.1875,"width":67.5,"height":16},"141":{"x":769.734375,"y":1016.1875,"width":54.5,"height":16},"142":{"x":40,"y":589.828125,"width":299,"height":41.390625},"143":{"x":40,"y":588.828125,"width":0,"height":0},"144":{"x":223,"y":634.609375,"width":42,"height":19},"145":{"x":1085.171875,"y":6.390625,"width":110.015625,"height":56},"146":{"x":382.078125,"y":168.578125,"width":38.15625,"height":16},"147":{"x":395.078125,"y":194.96875,"width":493.828125,"height":16},"148":{"x":382.078125,"y":225.765625,"width":65.453125,"height":16},"149":{"x":395.078125,"y":252.15625,"width":493.828125,"height":16},"150":{"x":408.078125,"y":298.9375,"width":40.203125,"height":16},"151":{"x":783.90625,"y":280.953125,"width":114,"height":17},"152":{"x":382.078125,"y":350.53125,"width":206,"height":19},"153":{"x":0,"y":4,"width":204.40625,"height":57.015625},"154":{"x":1085.171875,"y":6.390625,"width":110.015625,"height":56},"155":{"x":1195.1875,"y":6.390625,"width":84.8125,"height":56},"156":{"x":783.90625,"y":280.953125,"width":114,"height":17},"157":{"x":382.078125,"y":350.53125,"width":206,"height":19},"158":null,"159":null,"160":null,"161":null,"162":{"x":1109.171875,"y":6.390625,"width":62.015625,"height":56},"163":{"x":1219.1875,"y":26.390625,"width":36.8125,"height":15},"164":{"x":1109.171875,"y":27.390625,"width":12.3125,"height":13.203125},"165":{"x":1121.484375,"y":26.390625,"width":49.703125,"height":15},"171":null,"172":{"x":1109.171875,"y":27.390625,"width":12.3125,"height":13}}