{"3":{"x":0,"y":0,"width":1536,"height":864},"10":{"x":368,"y":215.984375,"width":800,"height":600},"11":{"x":548.5,"y":147.59375,"width":152,"height":52.390625},"12":{"x":720.5,"y":147.59375,"width":150,"height":52.390625},"13":{"x":890.5,"y":147.59375,"width":97,"height":52.390625},"14":{"x":0,"y":0,"width":1536,"height":215.984375},"15":{"x":617,"y":21,"width":193,"height":55},"16":{"x":810,"y":21,"width":114,"height":55},"17":{"x":0,"y":98.59375,"width":1536,"height":33},"18":{"x":574,"y":101.59375,"width":388,"height":27},"19":{"x":256,"y":215.984375,"width":1024,"height":707.59375},"20":{"x":368,"y":215.984375,"width":800,"height":600},"21":{"x":256,"y":833.578125,"width":1024,"height":29.015625},"22":{"x":256,"y":880.1875,"width":1024,"height":43.390625},"23":{"x":308,"y":899.1875,"width":807,"height":22},"24":{"x":0,"y":0,"width":1536,"height":923.578125},"25":{"x":0,"y":0,"width":1536,"height":923.578125},"26":{"x":0,"y":16,"width":1536,"height":66},"27":{"x":565.5,"y":162.59375,"width":118,"height":22},"28":{"x":737.5,"y":162.59375,"width":116,"height":22},"29":{"x":907.5,"y":162.59375,"width":63,"height":22},"30":{"x":368,"y":215.984375,"width":800,"height":600},"31":{"x":256,"y":835.578125,"width":864,"height":24},"32":{"x":256,"y":897.1875,"width":1024,"height":26.390625},"33":{"x":256,"y":899.1875,"width":52,"height":22},"34":null,"35":{"x":368,"y":215.984375,"width":800,"height":600},"36":{"x":368,"y":215.984375,"width":800,"height":600},"37":null,"38":null,"39":null,"40":null,"41":null,"42":null,"43":null,"44":null,"45":null,"46":null,"47":null,"48":null,"49":null,"50":null,"51":null,"52":null,"53":null,"54":null,"55":null,"56":null,"57":null,"58":null,"59":null,"60":null,"61":null,"62":null,"63":null,"64":null,"65":null,"66":null,"67":null,"68":null,"69":null,"70":null,"71":null,"72":null,"73":null,"74":null,"75":null,"76":null,"77":null,"78":null,"79":null,"80":{"x":256,"y":899.1875,"width":52,"height":22},"81":null,"82":null,"83":{"x":368,"y":743.984375,"width":800,"height":48},"84":{"x":368,"y":791.984375,"width":800,"height":24},"85":{"x":368,"y":743.984375,"width":48,"height":48},"86":{"x":416,"y":743.984375,"width":32,"height":48},"87":null,"88":null,"89":{"x":448,"y":791.984375,"width":576,"height":0},"90":{"x":1024,"y":743.984375,"width":48,"height":48},"91":{"x":1072,"y":743.984375,"width":48,"height":48},"92":{"x":1120,"y":743.984375,"width":48,"height":48},"93":{"x":374,"y":749.984375,"width":36,"height":36},"94":{"x":416,"y":759.984375,"width":32,"height":16},"95":{"x":1032,"y":749.984375,"width":36,"height":36},"96":null,"97":{"x":1024,"y":743.984375,"width":48,"height":48},"98":{"x":1078,"y":749.984375,"width":36,"height":36},"99":{"x":1126,"y":749.984375,"width":36,"height":36}}