{"6":{"x":0,"y":0,"width":1920,"height":1080},"7":{"x":678,"y":318.390625,"width":564,"height":583},"8":{"x":529,"y":82,"width":79,"height":20},"9":{"x":678,"y":609.390625,"width":564,"height":25},"10":{"x":678,"y":658.390625,"width":564,"height":25},"11":{"x":678,"y":707.390625,"width":564,"height":49},"12":{"x":710,"y":465.390625,"width":337,"height":20},"13":{"x":710,"y":514.390625,"width":435,"height":20},"14":{"x":710,"y":563.390625,"width":258,"height":20},"15":{"x":710,"y":612.390625,"width":386,"height":20},"16":{"x":710,"y":661.390625,"width":358,"height":20},"17":{"x":1478,"y":120,"width":64,"height":72},"19":{"x":378,"y":0,"width":1164,"height":25},"20":{"x":1382,"y":1,"width":160,"height":24},"21":{"x":0,"y":192,"width":1920,"height":733.390625},"22":{"x":360,"y":192,"width":1200,"height":733.390625},"23":{"x":678,"y":192,"width":564,"height":733.390625},"24":{"x":678,"y":780.390625,"width":564,"height":25},"25":{"x":678,"y":829.390625,"width":564,"height":24},"26":{"x":678,"y":877.390625,"width":564,"height":24},"27":{"x":1260,"y":192,"width":300,"height":733.390625},"28":{"x":1279,"y":264,"width":263,"height":73},"29":{"x":1347,"y":264,"width":48,"height":48},"30":{"x":1415,"y":264,"width":48,"height":48},"31":{"x":1483,"y":264,"width":48,"height":48},"32":{"x":0,"y":925.390625,"width":1920,"height":418},"33":{"x":360,"y":925.390625,"width":1200,"height":418},"35":{"x":378,"y":925.390625,"width":564,"height":144},"36":{"x":378,"y":950.390625,"width":407,"height":37},"37":{"x":378,"y":989.390625,"width":564,"height":56},"38":{"x":378,"y":985.390625,"width":220,"height":31},"39":{"x":978,"y":925.390625,"width":564,"height":264},"40":{"x":978,"y":989.390625,"width":564,"height":24},"41":{"x":978,"y":1025.390625,"width":564,"height":24},"42":{"x":978,"y":1024.390625,"width":443,"height":26},"43":{"x":978,"y":1065.390625,"width":178,"height":56},"44":{"x":360,"y":1069.390625,"width":300,"height":174},"45":{"x":978,"y":40,"width":169.1875,"height":72},"46":{"x":1217.703125,"y":40,"width":141,"height":54.953125},"47":{"x":1429.21875,"y":40,"width":112.796875,"height":72},"48":{"x":378,"y":39,"width":453,"height":41},"49":null,"50":{"x":678,"y":318.390625,"width":564,"height":583},"51":{"x":678,"y":414.390625,"width":564,"height":24},"52":{"x":678,"y":462.390625,"width":564,"height":25},"53":{"x":678,"y":511.390625,"width":564,"height":25},"54":{"x":678,"y":560.390625,"width":564,"height":25},"55":{"x":0,"y":0,"width":1920,"height":1343.390625},"56":{"x":0,"y":0,"width":1920,"height":1343.390625},"57":null,"58":null,"59":{"x":0,"y":0,"width":1,"height":1},"60":{"x":0,"y":0,"width":1920,"height":1343.390625},"61":null,"62":null,"63":null,"64":{"x":0,"y":0,"width":1920,"height":1343.390625},"65":{"x":0,"y":0,"width":1920,"height":192},"66":{"x":0,"y":14,"width":53,"height":164},"67":{"x":360,"y":0,"width":1200,"height":0},"68":null,"69":null,"70":null,"71":null,"72":null,"73":null,"74":{"x":360,"y":0,"width":1200,"height":120},"75":{"x":360,"y":0,"width":1200,"height":120},"76":{"x":360,"y":120,"width":1200,"height":72},"77":{"x":378,"y":120,"width":1064,"height":72},"78":{"x":378,"y":120,"width":1,"height":1},"79":{"x":378,"y":0,"width":1,"height":1},"80":{"x":0,"y":192,"width":0,"height":0},"81":{"x":360,"y":192,"width":1200,"height":0},"82":{"x":1478,"y":120,"width":64,"height":72},"83":null,"84":null,"85":null,"86":null,"87":null,"88":null,"89":null,"90":null,"91":null,"92":null,"93":null,"94":null,"95":null,"96":null,"97":null,"98":null,"99":{"x":360,"y":0,"width":1200,"height":120},"100":{"x":978,"y":40,"width":564,"height":72},"101":{"x":378,"y":40,"width":564,"height":40},"102":{"x":378,"y":80,"width":564,"height":32},"103":{"x":362,"y":120,"width":1080,"height":72},"104":{"x":378,"y":0,"width":1164,"height":25},"105":null,"106":{"x":378,"y":192,"width":264,"height":733.390625},"107":{"x":360,"y":1243.390625,"width":1200,"height":100},"108":{"x":1498,"y":145,"width":24,"height":25},"109":{"x":1522,"y":120,"width":1,"height":1},"110":{"x":1522,"y":146,"width":44,"height":92},"111":{"x":978,"y":42,"width":239.703125,"height":20},"112":{"x":1217.703125,"y":42,"width":211.515625,"height":20},"113":{"x":1429.21875,"y":42,"width":112.796875,"height":20},"114":{"x":978,"y":130,"width":564,"height":0},"115":{"x":378,"y":48,"width":564,"height":24},"116":{"x":378,"y":82,"width":151,"height":20},"117":{"x":378,"y":116,"width":57,"height":31},"118":{"x":362,"y":120,"width":98,"height":72},"119":{"x":464,"y":120,"width":104,"height":72},"120":{"x":572,"y":120,"width":93,"height":72},"121":{"x":669,"y":120,"width":124,"height":72},"122":{"x":797,"y":120,"width":133,"height":72},"123":{"x":934,"y":120,"width":141,"height":72},"124":{"x":1079,"y":120,"width":100,"height":72},"125":{"x":378,"y":-4,"width":108,"height":55},"126":{"x":678,"y":216,"width":564,"height":78.390625},"127":{"x":678,"y":216,"width":564,"height":24},"128":{"x":678,"y":264,"width":564,"height":30.390625},"129":{"x":378,"y":216,"width":264,"height":228},"130":{"x":394,"y":216,"width":232,"height":24},"131":{"x":378,"y":949.390625,"width":564,"height":40},"132":{"x":378,"y":989.390625,"width":564,"height":24},"133":{"x":378,"y":1009.390625,"width":119,"height":31},"134":{"x":378,"y":1129.390625,"width":264,"height":24},"135":{"x":378,"y":1165.390625,"width":264,"height":54},"136":{"x":378,"y":1165.390625,"width":264,"height":54},"137":{"x":378,"y":1243.390625,"width":1164,"height":100},"138":{"x":378,"y":1268.703125,"width":103,"height":49.375},"139":{"x":561,"y":1268.359375,"width":113,"height":50.046875},"140":{"x":754,"y":1255.390625,"width":103,"height":76},"141":{"x":382,"y":144,"width":50,"height":24},"142":{"x":484,"y":144,"width":56,"height":24},"143":{"x":592,"y":144,"width":45,"height":24},"144":{"x":689,"y":144,"width":76,"height":24},"145":null,"146":null,"147":null,"148":null,"149":null,"150":null,"151":null,"152":null,"153":null,"154":null,"155":null,"156":null,"157":null,"158":{"x":773,"y":144,"width":12,"height":24},"159":{"x":817,"y":144,"width":85,"height":24},"160":null,"161":null,"162":null,"163":null,"164":{"x":910,"y":144,"width":12,"height":24},"165":{"x":954,"y":144,"width":93,"height":24},"166":null,"167":null,"168":null,"169":null,"170":null,"171":null,"172":null,"173":{"x":1055,"y":144,"width":12,"height":24},"174":{"x":1099,"y":144,"width":52,"height":24},"175":null,"176":null,"177":null,"178":null,"179":null,"180":null,"181":null,"182":null,"183":null,"184":null,"185":null,"186":null,"187":null,"188":null,"189":null,"190":null,"191":{"x":1159,"y":144,"width":12,"height":24},"192":{"x":1382,"y":1,"width":160,"height":24},"193":{"x":678,"y":216,"width":564,"height":24},"194":{"x":678,"y":216,"width":1,"height":1},"195":{"x":678,"y":264,"width":564,"height":30.390625},"196":{"x":678,"y":318.390625,"width":564,"height":583},"197":{"x":394,"y":264,"width":232,"height":180},"198":{"x":1279,"y":264,"width":52,"height":48},"199":{"x":1279,"y":264,"width":263,"height":72},"200":{"x":1279,"y":264,"width":263,"height":72},"201":{"x":378,"y":950.390625,"width":407,"height":37},"202":{"x":978,"y":985.390625,"width":266,"height":31},"203":{"x":994,"y":1077.390625,"width":116,"height":31},"204":{"x":1120,"y":1077.390625,"width":20,"height":31},"205":{"x":378,"y":1125.390625,"width":129,"height":31},"206":{"x":378,"y":1165.390625,"width":48,"height":48},"207":{"x":430,"y":1165.390625,"width":48,"height":48},"208":{"x":378,"y":1268.703125,"width":103,"height":43.375},"209":{"x":561,"y":1268.359375,"width":113,"height":44.046875},"210":{"x":754,"y":1255.390625,"width":103,"height":70},"211":{"x":382,"y":143,"width":50,"height":26},"212":{"x":484,"y":143,"width":56,"height":26},"213":{"x":592,"y":143,"width":45,"height":26},"214":{"x":689,"y":143,"width":76,"height":26},"215":{"x":817,"y":143,"width":85,"height":26},"216":{"x":954,"y":143,"width":93,"height":26},"217":{"x":1099,"y":143,"width":52,"height":33},"218":{"x":1396,"y":4,"width":132,"height":18},"219":{"x":678,