{"3":{"x":0,"y":0,"width":1280,"height":720},"4":{"x":176,"y":58,"width":136,"height":43},"5":{"x":806,"y":64,"width":354,"height":64},"6":{"x":806,"y":80,"width":60,"height":32},"7":{"x":806,"y":80,"width":60,"height":32},"8":{"x":806,"y":78,"width":60,"height":36},"9":{"x":898,"y":80,"width":104,"height":32},"10":{"x":898,"y":80,"width":104,"height":32},"11":{"x":898,"y":78,"width":104,"height":36},"12":{"x":1034,"y":80,"width":41,"height":32},"13":{"x":1034,"y":80,"width":41,"height":32},"14":{"x":1034,"y":78,"width":41,"height":36},"15":{"x":1107,"y":80,"width":53,"height":32},"16":{"x":1107,"y":80,"width":53,"height":32},"17":{"x":1106,"y":78,"width":54,"height":36},"18":{"x":128,"y":264,"width":622,"height":620.328125},"21":{"x":120,"y":256,"width":638,"height":425.328125},"22":{"x":120,"y":72,"width":48,"height":48},"25":{"x":0,"y":650,"width":1280,"height":70},"26":{"x":80,"y":64,"width":1120,"height":64},"27":{"x":120,"y":64,"width":1040,"height":64},"28":{"x":120,"y":64,"width":136,"height":64},"29":{"x":80,"y":256,"width":1120,"height":1359.65625},"30":{"x":120,"y":256,"width":638,"height":636.328125},"31":{"x":120,"y":681.328125,"width":638,"height":211},"32":{"x":120,"y":924.328125,"width":638,"height":659.328125},"33":{"x":128,"y":932.328125,"width":622,"height":643.328125},"34":{"x":770,"y":256,"width":390,"height":1359.65625},"35":{"x":782,"y":256,"width":378,"height":500},"36":{"x":803,"y":277,"width":336,"height":224},"37":{"x":787,"y":518,"width":368,"height":153},"38":{"x":787,"y":671,"width":368,"height":80},"39":{"x":272.5,"y":671,"width":647,"height":28},"40":{"x":919.5,"y":665,"width":88,"height":40},"41":{"x":120,"y":924.328125,"width":638,"height":425.328125},"42":{"x":120,"y":256,"width":1040,"height":1359.65625},"43":{"x":160,"y":767.328125,"width":558,"height":27},"44":{"x":120,"y":1349.65625,"width":638,"height":234},"45":{"x":160,"y":1485.65625,"width":558,"height":27},"46":{"x":817.5,"y":671,"width":102,"height":28},"47":{"x":0,"y":0,"width":1280,"height":720},"48":{"x":0,"y":0,"width":1280,"height":720},"49":{"x":0,"y":0,"width":1280,"height":192},"50":{"x":0,"y":256,"width":1280,"height":1359.65625},"51":{"x":0,"y":1615.65625,"width":1280,"height":252},"52":null,"53":null,"54":null,"55":null,"56":null,"57":null,"58":null,"59":null,"60":null,"61":null,"62":null,"63":null,"64":null,"65":null,"66":null,"67":null,"68":null,"69":null,"70":null,"71":null,"72":null,"73":null,"74":null,"75":null,"76":{"x":120,"y":256,"width":650,"height":1359.65625},"77":{"x":120,"y":256,"width":638,"height":1327.65625},"78":{"x":80,"y":1647.65625,"width":1120,"height":92},"79":{"x":120,"y":1647.65625,"width":1040,"height":92},"80":{"x":519,"y":1679.65625,"width":132,"height":28},"81":{"x":651,"y":1679.65625,"width":110,"height":28},"82":{"x":20,"y":665,"width":1240,"height":40},"83":{"x":120,"y":256,"width":638,"height":636.328125},"84":{"x":120,"y":256,"width":638,"height":425.328125},"85":{"x":120,"y":924.328125,"width":638,"height":659.328125},"86":{"x":120,"y":924.328125,"width":638,"height":425.328125},"87":{"x":787,"y":261,"width":368,"height":257},"88":{"x":651,"y":1679.65625,"width":110,"height":28},"89":{"x":272.5,"y":671,"width":545,"height":28},"90":{"x":817.5,"y":671,"width":102,"height":28},"91":{"x":939.5,"y":665,"width":68,"height":40},"92":{"x":120,"y":72,"width":48,"height":48},"93":{"x":120,"y":64,"width":136,"height":32},"94":{"x":120,"y":96,"width":136,"height":24},"95":{"x":176,"y":96,"width":114,"height":24},"96":{"x":806,"y":80,"width":354,"height":32},"97":{"x":806,"y":80,"width":354,"height":32},"98":{"x":160,"y":713.328125,"width":558,"height":50},"99":{"x":160,"y":764.328125,"width":198,"height":32},"100":{"x":160,"y":798.328125,"width":558,"height":54},"101":{"x":159,"y":795.328125,"width":536,"height":59},"102":{"x":160,"y":1381.65625,"width":558,"height":100},"103":{"x":160,"y":1482.65625,"width":169,"height":32},"104":{"x":160,"y":1516.65625,"width":558,"height":27},"105":{"x":160,"y":1513.65625,"width":244,"height":32},"106":{"x":803,"y":277,"width":0,"height":0},"107":{"x":803,"y":534,"width":336,"height":120},"108":{"x":803,"y":534,"width":336,"height":120},"109":{"x":803,"y":687,"width":336,"height":48},"110":{"x":651,"y":1679.65625,"width":9,"height":28},"111":{"x":660,"y":1679.65625,"width":101,"height":28},"112":{"x":948.5,"y":671,"width":50,"height":28},"113":{"x":160,"y":710.328125,"width":437,"height":55},"114":{"x":160,"y":1378.65625,"width":422,"height":105},"115":{"x":803,"y":531,"width":321,"height":126},"116":{"x":971,"y":621,"width":97,"height":36},"117":{"x":803,"y":687,"width":48,"height":48},"118":{"x":867,"y":687,"width":48,"height":48},"119":{"x":931,"y":687,"width":48,"height":48},"120":{"x":660,"y":1679.65625,"width":102,"height":28},"121":{"x":160,"y":710.328125,"width":437,"height":55},"122":{"x":160,"y":1378.65625,"width":422,"height":105},"123":{"x":971,"y":621,"width":97,"height":36},"124":{"x":803,"y":687,"width":48,"height":48},"125":{"x":867,"y":687,"width":48,"height":48},"126":{"x":931,"y":687,"width":48,"height":48}}