{"3":{"x":0,"y":0,"width":1920,"height":1080},"5":{"x":480,"y":49.0625,"width":178.28125,"height":24},"7":{"x":480,"y":9.53125,"width":16,"height":11},"9":null,"11":null,"13":{"x":480,"y":159.0625,"width":528,"height":144},"14":{"x":480,"y":323.0625,"width":528,"height":128},"17":{"x":818,"y":8,"width":134.6875,"height":14.0625},"18":{"x":0,"y":30.0625,"width":1920,"height":80},"19":{"x":480,"y":49.0625,"width":178.28125,"height":42},"20":{"x":480,"y":75.0625,"width":178.28125,"height":16},"21":{"x":507,"y":73.0625,"width":63,"height":21},"22":null,"23":{"x":0,"y":110.0625,"width":1920,"height":409},"24":{"x":0,"y":519.0625,"width":1920,"height":215.625},"25":{"x":480,"y":607.0625,"width":960,"height":49.59375},"26":{"x":480,"y":607.0625,"width":216,"height":20.796875},"27":{"x":480,"y":607.0625,"width":72,"height":21},"28":{"x":976,"y":607.0625,"width":216,"height":20.796875},"29":{"x":976,"y":607.0625,"width":211,"height":21},"30":{"x":448,"y":8,"width":1024,"height":14.0625},"31":{"x":480,"y":9.53125,"width":24,"height":11},"32":{"x":504,"y":8,"width":306,"height":14.0625},"33":{"x":448,"y":30.0625,"width":1024,"height":80},"34":{"x":480,"y":30.0625,"width":238.1875,"height":80},"35":{"x":0,"y":111.0625,"width":1920,"height":408},"36":{"x":448,"y":159.0625,"width":1024,"height":292},"37":{"x":480,"y":159.0625,"width":528,"height":292},"38":{"x":448,"y":535.0625,"width":1024,"height":48},"39":{"x":480,"y":535.0625,"width":48,"height":48},"40":{"x":544,"y":537.03125,"width":896,"height":44.0625},"41":{"x":448,"y":607.0625,"width":1024,"height":49.59375},"42":{"x":480,"y":635.859375,"width":216,"height":20.796875},"43":{"x":728,"y":607.0625,"width":216,"height":20.796875},"44":{"x":728,"y":635.859375,"width":216,"height":20.796875},"45":{"x":976,"y":635.859375,"width":216,"height":20.796875},"46":{"x":1224,"y":607.0625,"width":216,"height":20.796875},"47":{"x":0,"y":664.65625,"width":1920,"height":54.03125},"48":{"x":448,"y":680.65625,"width":1024,"height":22.03125},"51":{"x":874,"y":680.65625,"width":103,"height":22.03125},"52":{"x":544,"y":537.03125,"width":896,"height":22.03125},"53":{"x":0,"y":0,"width":1920,"height":734.6875},"54":{"x":480,"y":535.0625,"width":48,"height":48},"55":{"x":0,"y":599.0625,"width":1920,"height":65.59375},"56":{"x":0,"y":0,"width":1920,"height":734.6875},"57":{"x":0,"y":0,"width":1920,"height":0},"58":{"x":0,"y":-60.796875,"width":177,"height":40},"59":{"x":0,"y":0,"width":1920,"height":30.0625},"60":{"x":0,"y":0,"width":1920,"height":30.0625},"61":{"x":0,"y":0,"width":1920,"height":30.0625},"62":null,"63":null,"64":null,"65":null,"66":null,"67":null,"68":null,"69":null,"70":null,"71":null,"72":null,"73":null,"74":null,"75":null,"76":null,"77":null,"78":null,"79":null,"80":null,"81":{"x":16,"y":-50.796875,"width":145,"height":21},"82":{"x":718.1875,"y":47.796875,"width":721.8125,"height":44.515625},"83":{"x":0,"y":519.0625,"width":1920,"height":215.625},"84":{"x":0,"y":519.0625,"width":1920,"height":80},"85":{"x":504,"y":8,"width":306,"height":14.0625},"86":null,"87":null,"88":{"x":818,"y":7,"width":121,"height":16},"89":{"x":944,"y":14.0625,"width":8.6875,"height":5.28125},"90":null,"91":null,"92":null,"93":{"x":971,"y":47.796875,"width":469,"height":44.515625},"94":{"x":480,"y":159.0625,"width":528,"height":144},"95":{"x":480,"y":535.0625,"width":48,"height":48},"96":{"x":504,"y":7,"width":306,"height":16},"97":{"x":480,"y":57.0625,"width":178.28125,"height":20},"98":{"x":971,"y":47.796875,"width":90,"height":44.515625},"99":{"x":1061,"y":47.796875,"width":150,"height":44.515625},"100":{"x":1211,"y":47.796875,"width":116,"height":44.515625},"101":{"x":1327,"y":47.796875,"width":113,"height":44.515625},"102":{"x":480,"y":158.0625,"width":427,"height":145},"103":{"x":480,"y":327.0625,"width":453,"height":121},"104":{"x":544,"y":559.0625,"width":896,"height":22.03125},"105":{"x":480,"y":680.65625,"width":391,"height":22},"106":{"x":971,"y":47.796875,"width":90,"height":44.515625},"107":{"x":1061,"y":47.796875,"width":150,"height":44.515625},"108":{"x":1211,"y":47.796875,"width":116,"height":44.515625},"109":{"x":1327,"y":47.796875,"width":113,"height":44.515625},"110":{"x":544,"y":537.03125,"width":73,"height":21},"111":{"x":544,"y":559.0625,"width":209,"height":21},"112":{"x":753,"y":559.0625,"width":267,"height":21},"113":{"x":480,"y":607.0625,"width":72,"height":20.796875},"114":{"x":480,"y":635.859375,"width":143,"height":20.796875},"115":{"x":728,"y":607.0625,"width":95,"height":20.796875},"116":{"x":728,"y":635.859375,"width":119,"height":20.796875},"117":{"x":976,"y":607.0625,"width":211,"height":20.796875},"118":{"x":976,"y":635.859375,"width":146,"height":20.796875},"119":{"x":1224,"y":607.0625,"width":93,"height":20.796875},"120":{"x":873,"y":680.65625,"width":104,"height":22},"121":{"x":983,"y":60.796875,"width":66,"height":18},"122":{"x":1073,"y":60.796875,"width":126,"height":18},"123":{"x":1223,"y":60.796875,"width":92,"height":18},"124":{"x":1339,"y":60.796875,"width":89,"height":18},"125":{"x":753,"y":559.0625,"width":267,"height":21},"126":{"x":480,"y":635.859375,"width":143,"height":21},"127":{"x":728,"y":607.0625,"width":95,"height":21},"128":{"x":728,"y":635.859375,"width":119,"height":21},"129":{"x":976,"y":635.859375,"width":146,"height":21},"130":{"x":1224,"y":607.0625,"width":93,"height":21}}