{"3":{"x":0,"y":0,"width":1920,"height":1080},"4":{"x":351.765625,"y":164.109375,"width":696.46875,"height":411.90625},"5":{"x":375.765625,"y":384.015625,"width":672.46875,"height":72},"6":{"x":407.765625,"y":30.875,"width":141,"height":19},"7":{"x":919.234375,"y":25.875,"width":129,"height":27},"8":{"x":375.765625,"y":456.015625,"width":672.46875,"height":48},"9":{"x":359.765625,"y":456.015625,"width":6,"height":24},"10":{"x":43,"y":12.9375,"width":214,"height":25},"11":{"x":351.765625,"y":216.015625,"width":696.46875,"height":48},"12":{"x":603.765625,"y":244.015625,"width":4,"height":16},"13":{"x":351.765625,"y":288.015625,"width":696.46875,"height":288},"14":{"x":25,"y":1050,"width":95,"height":15},"15":{"x":351.765625,"y":220.015625,"width":676,"height":40},"16":{"x":868.765625,"y":220.015625,"width":70,"height":16},"17":{"x":557.765625,"y":244.015625,"width":46,"height":16},"18":{"x":375.765625,"y":336.015625,"width":672.46875,"height":48},"19":{"x":375.765625,"y":504.015625,"width":672.46875,"height":48},"20":{"x":375.765625,"y":552.015625,"width":672.46875,"height":24},"21":{"x":351.765625,"y":600.015625,"width":696.46875,"height":99.90625},"22":{"x":551.765625,"y":679.921875,"width":32,"height":16},"23":{"x":583.765625,"y":679.921875,"width":4,"height":16},"24":{"x":351.765625,"y":723.921875,"width":696.46875,"height":1323.90625},"25":{"x":351.765625,"y":775.828125,"width":200,"height":200},"26":{"x":443.765625,"y":1076.828125,"width":141,"height":15.40625},"27":{"x":0,"y":1038,"width":300,"height":42},"28":{"x":0,"y":131.21875,"width":300,"height":150.125},"29":{"x":0,"y":131.21875,"width":300,"height":31.625},"30":{"x":0,"y":162.84375,"width":300,"height":29.625},"31":{"x":0,"y":192.46875,"width":300,"height":29.625},"32":{"x":0,"y":222.09375,"width":300,"height":29.625},"33":{"x":0,"y":251.71875,"width":300,"height":29.625},"34":{"x":300,"y":0,"width":1620,"height":2360.609375},"35":{"x":300,"y":0,"width":800,"height":2360.609375},"36":{"x":351.765625,"y":25.875,"width":696.46875,"height":2308.859375},"37":{"x":351.765625,"y":25.875,"width":52,"height":29},"38":{"x":392.765625,"y":31.875,"width":11,"height":16},"40":{"x":351.765625,"y":103.875,"width":696.46875,"height":2067.859375},"41":{"x":375.765625,"y":312.015625,"width":672.46875,"height":24},"42":{"x":351.765625,"y":651.921875,"width":696.46875,"height":48},"43":{"x":548.765625,"y":655.921875,"width":103,"height":16},"44":{"x":351.765625,"y":655.921875,"width":672,"height":40},"45":{"x":351.765625,"y":999.828125,"width":341,"height":136},"46":{"x":351.765625,"y":1033.828125,"width":341,"height":34},"47":{"x":351.765625,"y":1067.828125,"width":341,"height":34},"48":{"x":460.765625,"y":1076.828125,"width":124,"height":15},"49":{"x":0,"y":0,"width":1920,"height":1080},"50":{"x":0,"y":0,"width":1920,"height":1080},"51":{"x":0,"y":0,"width":1920,"height":1080},"52":{"x":0,"y":0,"width":300,"height":1080},"53":{"x":0,"y":1038,"width":300,"height":42},"54":{"x":12,"y":1050,"width":108,"height":15.40625},"55":{"x":12,"y":1050,"width":13,"height":14.40625},"56":{"x":228,"y":1051,"width":52,"height":15},"57":{"x":280,"y":1051,"width":8,"height":15.40625},"58":{"x":280,"y":1051,"width":8,"height":14.40625},"59":null,"60":null,"61":null,"62":null,"63":null,"64":null,"65":null,"66":null,"67":null,"68":null,"69":null,"70":null,"71":null,"72":null,"73":null,"74":null,"75":null,"76":null,"77":null,"78":null,"79":null,"80":null,"81":null,"82":null,"83":null,"84":null,"85":null,"86":null,"87":null,"88":null,"89":null,"90":null,"91":null,"92":null,"93":null,"94":null,"95":null,"96":null,"97":null,"98":null,"99":null,"100":{"x":0,"y":0,"width":320,"height":1032},"101":null,"102":null,"103":null,"104":null,"105":{"x":351.765625,"y":25.875,"width":696.46875,"height":54},"106":{"x":351.765625,"y":2195.734375,"width":696.46875,"height":139},"107":{"x":0,"y":0,"width":300,"height":118.28125},"108":{"x":12.9375,"y":44.40625,"width":274.125,"height":19},"109":{"x":12.9375,"y":76.34375,"width":274.125,"height":29},"110":{"x":351.765625,"y":25.875,"width":696.46875,"height":29},"111":{"x":351.765625,"y":78.875,"width":696.46875,"height":1},"112":{"x":351.765625,"y":103.875,"width":696.46875,"height":2067.859375},"113":{"x":351.765625,"y":103.875,"width":696.46875,"height":2067.859375},"114":{"x":351.765625,"y":2195.734375,"width":696.46875,"height":35},"115":{"x":351.765625,"y":2254.734375,"width":696.46875,"height":1},"116":{"x":351.765625,"y":2279.734375,"width":696.46875,"height":24},"117":{"x":351.765625,"y":2316.734375,"width":73,"height":16},"118":{"x":424.765625,"y":2316.734375,"width":48,"height":16},"119":{"x":472.765625,"y":2316.734375,"width":57,"height":16},"120":{"x":529.765625,"y":2316.734375,"width":44,"height":16},"121":{"x":573.765625,"y":2316.734375,"width":91,"height":16},"122":{"x":664.765625,"y":2316.734375,"width":101,"height":16},"123":{"x":765.765625,"y":2316.734375,"width":4,"height":16},"124":{"x":49,"y":16.9375,"width":15,"height":16},"125":{"x":64,"y":17.9375,"width":187,"height":16},"126":{"x":130.5,"y":45.40625,"width":39,"height":16},"127":{"x":12.9375,"y":76.34375,"width":274.125,"height":29},"128":{"x":0,"y":131.21875,"width":300,"height":150.125},"129":{"x":351.765625,"y":103.875,"width":696.46875,"height":37},"130":{"x":351.765625,"y":2071.828125,"width":696.46875,"height":99.90625},"131":{"x":351.765625,"y":2195.734375,"width":105,"height":35},"132":{"x":351.765625,"y":2279.734375,"width":696.46875,"height":24},"133":{"x":424.765625,"y":2316.734375,"width":48,"height":16},"134":{"x":529.765625,"y":2316.734375,"width":44,"height":16},"135":{"x":664.765625,"y":2316.734375,"width":101,"height":16},"136":{"x":12.9375,"y":76.34375,"width":274.125,"height":29},"137":null,"138":null,"139":{"x":0,"y":131.21875,"width":300,"height":150.125},"140":{"x":351.765625,"y":25.875,"width":41,"height":29},"141":{"x":407.765625,"y":31.875,"width":141,"height":16},"142":{"x":919.234375,"y":25.875,"width":129,"height":27},"143":{"x":351.765625,"y":103.875,"width":273,"height":37},"144":{"x":624.765625,"y":120.875,"width":20,"height":14},"145":{"x":624.765625,"y":117.875,"width":7,"height":19},"146":{"x":631.765625,"y":120.875,"width":13,"height":14},"147":{"x":351.765625,"y":164.109375,"width":696.46875,"height":32},"148":{"x":351.765625,"y":600.015625,"width":696.46875,"height":32},"149":{"x":351.765625,"y":723.921875,"width":696.46875,"height":32},"150":{"x":351.765625,"y":878.875,"width":200,"height":16},"151":{"x":351.765625,"y":1262.875,"width":200,"height":16},"152":{"x":351.765625,"y":1383.828125,"width":342,"height":136},"153":{"x":351.765625,"y":1586.875,"width":400,"height":16},"154":{"x":351.765625,"y":1647.828125,"width":435,"height":136},"155":{"x":351.765625,"y":1850.875,"width":400,"height":16},"156":{"x":351.765625,"y":1911.828125,"width":436,"height":136},"157":{"x":351.765625,"y":2071.828125,"width":696.46875,"height":32},"158":{"x":351.765625,"y":2123.734375,"width":696.46875,"height":48},"159":{"x":364.765625,"y":2203.734375,"width":14,"height":16},"160":{"x":364.765625,"y":2202.734375,"width":14,"height":16},"161":{"x":378.765625,"y":2203.734375,"width":65,"height":16},"162":{"x":351.765625,"y":2283.734375,"width":273,"height":16},"163":{"x":624.765625,"y":2283.734375,"width":62,"height":16},"164":{"x":686.765625,"y":2281.734375,"width":80,"height":19},"165":{"x":766.765625,"y":2283.734375,"width":4,"height":16},"166":{"x":25.9375,"y":83.34375,"width":248.125,"height":15},"167":{"x":25.9375,"y":83.34375,"width":248.125,"height":15},"168":{"x":0,"y":162.84375,"width":300,"height":118.5},"169":{"x":351.765625,"y":31.875,"width":36,"height":16},"170":{"x":919.234375,"y":30.875,"width":14,"height":16},"171":{"x":933.234375,"y":31.875,"width":110,"height":16},"172":{"x":351.765625,"y":164.109375,"width":177,"height":32},"173":{"x":528.765625,"y":177.109375,"width":20,"height":14},"174":{"x":528.765625,"y":174.109375,"width":7,"height":19},"175":{"x":535.765625,"y":177.109375,