{"3":{"x":0,"y":0,"width":1280,"height":720},"4":{"x":93.5,"y":9,"width":506,"height":86},"5":{"x":165,"y":960.671875,"width":630,"height":246.8125},"6":{"x":165,"y":411.4375,"width":600,"height":522},"7":{"x":845,"y":246,"width":57,"height":57},"8":{"x":845,"y":337.078125,"width":57,"height":57},"9":{"x":845,"y":428.15625,"width":57,"height":57},"10":{"x":845,"y":519.234375,"width":57,"height":57},"11":{"x":134.5,"y":0,"width":1011,"height":172},"12":{"x":185,"y":192,"width":610,"height":144},"13":{"x":845.5,"y":40,"width":300,"height":24},"14":{"x":165,"y":192,"width":950,"height":1566.484375},"15":{"x":0,"y":0,"width":1280,"height":1918.484375},"16":{"x":0,"y":0,"width":1280,"height":1873.484375},"17":{"x":165,"y":192,"width":670,"height":1566.484375},"18":{"x":165,"y":354,"width":630,"height":22.4375},"19":{"x":165,"y":411.4375,"width":630,"height":529.4375},"20":{"x":165,"y":1227.28125,"width":630,"height":134.625},"21":{"x":165,"y":1381.703125,"width":630,"height":322},"22":null,"23":{"x":165,"y":1708.703125,"width":630,"height":19.78125},"24":null,"25":null,"26":null,"27":null,"28":null,"29":null,"30":null,"31":null,"32":null,"33":null,"34":null,"35":null,"36":null,"37":{"x":165,"y":1723.484375,"width":630,"height":35},"38":{"x":845,"y":192,"width":270,"height":608.859375},"39":{"x":845,"y":192,"width":270,"height":36},"40":{"x":845,"y":246,"width":270,"height":348.234375},"41":{"x":845,"y":609.234375,"width":270,"height":50},"42":{"x":860,"y":624.234375,"width":240,"height":20},"43":{"x":845,"y":684.234375,"width":270,"height":90.875},"44":{"x":845,"y":800.859375,"width":270,"height":0},"45":{"x":165,"y":1758.484375,"width":950,"height":0},"46":{"x":165,"y":1783.484375,"width":950,"height":90},"47":{"x":165,"y":1783.484375,"width":950,"height":90},"48":{"x":165,"y":1783.484375,"width":950,"height":90},"49":{"x":134.5,"y":75,"width":506,"height":14},"50":{"x":164.5,"y":91,"width":981,"height":39.390625},"51":{"x":164.5,"y":144.390625,"width":981,"height":0},"52":{"x":185,"y":196,"width":604,"height":136},"53":{"x":444,"y":357,"width":351,"height":15},"54":{"x":164,"y":963.671875,"width":624,"height":194.5},"55":{"x":416,"y":1143.171875,"width":110,"height":15},"56":{"x":165,"y":1143.171875,"width":626,"height":59.875},"57":{"x":164,"y":1230.28125,"width":627,"height":127.1875},"58":{"x":583,"y":1391.703125,"width":202,"height":18.265625},"59":{"x":165,"y":1381.703125,"width":632,"height":322},"60":{"x":203.5,"y":1710.703125,"width":225,"height":14},"61":{"x":428.5,"y":1710.703125,"width":8,"height":14},"62":{"x":436.5,"y":1710.703125,"width":4,"height":14},"63":{"x":440.5,"y":1710.703125,"width":263,"height":14},"64":{"x":703.5,"y":1710.703125,"width":4,"height":14},"65":{"x":707.5,"y":1710.703125,"width":8,"height":14},"66":{"x":715.5,"y":1710.703125,"width":41,"height":14},"67":{"x":845,"y":196,"width":209,"height":28},"68":{"x":845,"y":246,"width":270,"height":78.078125},"69":{"x":845,"y":337.078125,"width":270,"height":78.078125},"70":{"x":845,"y":428.15625,"width":270,"height":78.078125},"71":{"x":845,"y":519.234375,"width":270,"height":75},"72":{"x":860,"y":624.234375,"width":240,"height":20},"73":{"x":845,"y":684.234375,"width":270,"height":90.875},"74":{"x":276,"y":1820.984375,"width":322,"height":14},"75":{"x":598,"y":1820.984375,"width":104,"height":14},"76":{"x":702,"y":1820.984375,"width":147,"height":14},"77":{"x":849,"y":1820.984375,"width":155,"height":14},"78":{"x":845.5,"y":40,"width":300,"height":24},"79":{"x":164.5,"y":109,"width":78,"height":18},"80":{"x":242.5,"y":112,"width":4,"height":14},"81":{"x":246.5,"y":109,"width":77,"height":18},"82":{"x":323.5,"y":112,"width":4,"height":14},"83":{"x":327.5,"y":109,"width":90,"height":18},"84":{"x":417.5,"y":112,"width":4,"height":14},"85":{"x":421.5,"y":109,"width":63,"height":18},"86":{"x":484.5,"y":112,"width":4,"height":14},"87":{"x":488.5,"y":109,"width":94,"height":18},"88":{"x":582.5,"y":112,"width":4,"height":14},"89":{"x":586.5,"y":109,"width":65,"height":18},"90":{"x":651.5,"y":112,"width":4,"height":14},"91":{"x":655.5,"y":109,"width":83,"height":18},"92":{"x":444,"y":357,"width":351,"height":15},"93":{"x":416,"y":1143.171875,"width":112,"height":15},"94":{"x":583,"y":1391.703125,"width":202,"height":18.265625},"95":{"x":166,"y":1382.703125,"width":630,"height":320},"96":{"x":715.5,"y":1710.703125,"width":41,"height":14},"97":{"x":845,"y":246,"width":0,"height":0},"98":{"x":845,"y":246,"width":270,"height":18},"99":{"x":845,"y":268,"width":270,"height":55.078125},"100":{"x":845,"y":337.078125,"width":0,"height":0},"101":{"x":845,"y":337.078125,"width":270,"height":18},"102":{"x":845,"y":359.078125,"width":270,"height":55.078125},"103":{"x":845,"y":428.15625,"width":0,"height":0},"104":{"x":845,"y":428.15625,"width":270,"height":18},"105":{"x":845,"y":450.15625,"width":270,"height":55.078125},"106":{"x":845,"y":519.234375,"width":0,"height":0},"107":{"x":845,"y":519.234375,"width":270,"height":18},"108":{"x":845,"y":541.234375,"width":270,"height":36.71875},"109":{"x":889,"y":627.234375,"width":208,"height":14},"110":{"x":889,"y":627.234375,"width":208,"height":14},"111":{"x":845,"y":684.234375,"width":57,"height":86.625},"112":{"x":845,"y":684.234375,"width":270,"height":22.4375},"113":{"x":845,"y":711.671875,"width":270,"height":36},"114":{"x":845,"y":752.671875,"width":270,"height":22.4375},"115":{"x":281,"y":1820.984375,"width":312,"height":14},"116":{"x":603,"y":1820.984375,"width":94,"height":14},"117":{"x":707,"y":1820.984375,"width":137,"height":14},"118":{"x":854,"y":1820.984375,"width":145,"height":14},"119":null,"120":null,"121":{"x":845.5,"y":40,"width":272,"height":24},"122":{"x":164.5,"y":109,"width":48,"height":18},"123":{"x":246.5,"y":109,"width":47,"height":18},"124":{"x":327.5,"y":109,"width":60,"height":18},"125":{"x":421.5,"y":109,"width":33,"height":18},"126":{"x":488.5,"y":109,"width":64,"height":18},"127":{"x":586.5,"y":109,"width":35,"height":18},"128":{"x":655.5,"y":109,"width":53,"height":18},"129":{"x":583,"y":1393.703125,"width":53,"height":14},"130":{"x":636,"y":1393.703125,"width":4,"height":14},"131":{"x":640,"y":1393.703125,"width":49,"height":14},"132":{"x":689,"y":1393.703125,"width":4,"height":14},"133":{"x":693,"y":1393.703125,"width":92,"height":14},"134":{"x":785,"y":1393.703125,"width":0,"height":14},"135":{"x":166,"y":1382.703125,"width":0,"height":0},"136":{"x":170,"y":1386.703125,"width":0,"height":0},"137":{"x":166,"y":1382.703125,"width":0,"height":0},"138":{"x":793,"y":1657.703125,"width":0,"height":0},"139":{"x":917,"y":247,"width":181,"height":16},"140":{"x":917,"y":270,"width":92,"height":13},"141":{"x":917,"y":270,"width":192,"height":31.359375},"142":{"x":845,"y":288.359375,"width":240,"height":31.359375},"143":{"x":917,"y":338.078125,"width":119,"height":16},"144":{"x":917,"y":361.078125,"width":102,"height":13},"145":{"x":1019,"y":361.078125,"width":41,"height":13},"146":{"x":845,"y":361.078125,"width":251,"height":49.71875},"147":{"x":917,"y":429.15625,"width":163,"height":16},"148":{"x":917,"y":452.15625,"width":166,"height":31.359375},"149":{"x":1021,"y":470.515625,"width":70,"height":13},"150":{"x":845,"y":470.515625,"width":264,"height":31.359375},"151":{"x":917,"y":520.234375,"width":131,"height":16},"152":{"x":916,"y":543.234375,"width":116,"height":13},"153":{"x":917,"y":543.234375,"width":181,"height":31.359375},"154":{"x":968,"y":561.59375,"width":136,"height":13},"155":{"x":917,"y":687.234375,"width":93,"height":15},"156":{"x":917,"y":712.671875,"width":193,"height":34},"157":{"x":917,"y":755.671875,"width":94,"height":15},"158":{"x":874.5,"y":45,"width":240,"height":14},"159":{"x":164.5,"y":109,"width":48,"height":18},"160":{"x":245.5,"y":109,"width":48,"height":18},"161":{"x":326.5,"y":109,"width":61,"height":18},"162":{"x":421.5,"y":109,"width":34,"height":18},"163":{"x":488.5,"y":109,"width":64,"height":18},"164":{"x":586.5,"y":109,"width":35,"height":18},"165":{"x":655.5,"y":109,"width":53,