{"3":{"x":0,"y":0,"width":1366,"height":768},"4":{"x":351.765625,"y":164.109375,"width":696.46875,"height":48},"5":{"x":399.765625,"y":384.109375,"width":111,"height":16},"6":{"x":919.234375,"y":25.875,"width":129,"height":27},"7":{"x":43,"y":12.9375,"width":214,"height":25},"8":{"x":407.765625,"y":30.875,"width":179,"height":19},"9":{"x":351.765625,"y":78.875,"width":696.46875,"height":1},"10":{"x":351.765625,"y":103.875,"width":696.46875,"height":324.234375},"11":{"x":351.765625,"y":236.109375,"width":696.46875,"height":48},"12":{"x":351.765625,"y":308.109375,"width":696.46875,"height":120},"13":{"x":359.765625,"y":308.109375,"width":6,"height":24},"14":{"x":383.765625,"y":332.109375,"width":6,"height":24},"15":{"x":383.765625,"y":356.109375,"width":6,"height":24},"16":{"x":383.765625,"y":380.109375,"width":6,"height":24},"17":{"x":383.765625,"y":404.109375,"width":6,"height":24},"18":{"x":351.765625,"y":452.109375,"width":696.46875,"height":139},"19":{"x":970.234375,"y":452.109375,"width":78,"height":35},"20":{"x":1021.234375,"y":459.109375,"width":14,"height":16},"21":{"x":351.765625,"y":240.109375,"width":640,"height":40},"22":{"x":686.765625,"y":538.109375,"width":80,"height":19},"23":{"x":766.765625,"y":540.109375,"width":4,"height":16},"24":{"x":765.765625,"y":573.109375,"width":4,"height":16},"25":{"x":351.765625,"y":536.109375,"width":696.46875,"height":24},"26":{"x":300,"y":0,"width":1066,"height":768},"27":{"x":0,"y":131.21875,"width":300,"height":29.625},"28":{"x":0,"y":131.21875,"width":300,"height":29.625},"29":{"x":300,"y":0,"width":800,"height":616.984375},"30":{"x":351.765625,"y":25.875,"width":696.46875,"height":565.234375},"31":{"x":351.765625,"y":25.875,"width":52,"height":29},"32":{"x":392.765625,"y":31.875,"width":11,"height":16},"34":{"x":375.765625,"y":332.109375,"width":672.46875,"height":96},"35":{"x":399.765625,"y":356.109375,"width":648.46875,"height":24},"36":{"x":399.765625,"y":380.109375,"width":648.46875,"height":24},"37":{"x":399.765625,"y":404.109375,"width":648.46875,"height":24},"38":{"x":624.765625,"y":540.109375,"width":62,"height":16},"39":{"x":424.765625,"y":573.109375,"width":48,"height":16},"40":{"x":472.765625,"y":573.109375,"width":57,"height":16},"41":{"x":529.765625,"y":573.109375,"width":44,"height":16},"42":{"x":573.765625,"y":573.109375,"width":91,"height":16},"43":{"x":664.765625,"y":573.109375,"width":101,"height":16},"44":{"x":0,"y":0,"width":1366,"height":768},"45":{"x":0,"y":0,"width":1366,"height":768},"46":{"x":0,"y":0,"width":1366,"height":768},"47":{"x":0,"y":726,"width":300,"height":42},"48":{"x":0,"y":0,"width":300,"height":768},"49":{"x":0,"y":726,"width":300,"height":42},"50":{"x":12,"y":738,"width":108,"height":15.40625},"52":{"x":25,"y":738,"width":95,"height":15},"53":{"x":228,"y":739,"width":52,"height":15},"54":{"x":280,"y":739,"width":8,"height":15.40625},"56":null,"57":null,"58":null,"59":null,"60":null,"61":null,"62":null,"63":null,"64":null,"65":null,"66":null,"67":null,"68":null,"69":null,"70":null,"71":null,"72":null,"73":null,"74":null,"75":null,"76":null,"77":null,"78":null,"79":null,"80":null,"81":null,"82":null,"83":null,"84":null,"85":null,"86":null,"87":null,"88":null,"89":null,"90":null,"91":null,"92":null,"93":null,"94":null,"95":null,"96":null,"97":{"x":0,"y":0,"width":320,"height":720},"98":null,"99":null,"100":null,"101":null,"102":{"x":351.765625,"y":25.875,"width":696.46875,"height":54},"103":{"x":0,"y":0,"width":300,"height":118.28125},"104":{"x":12.9375,"y":44.40625,"width":274.125,"height":19},"105":{"x":12.9375,"y":76.34375,"width":274.125,"height":29},"106":{"x":351.765625,"y":25.875,"width":696.46875,"height":29},"107":{"x":351.765625,"y":103.875,"width":696.46875,"height":324.234375},"108":{"x":351.765625,"y":103.875,"width":696.46875,"height":324.234375},"109":{"x":351.765625,"y":452.109375,"width":696.46875,"height":35},"110":{"x":351.765625,"y":511.109375,"width":696.46875,"height":1},"111":{"x":351.765625,"y":536.109375,"width":696.46875,"height":24},"112":{"x":351.765625,"y":573.109375,"width":73,"height":16},"113":{"x":424.765625,"y":573.109375,"width":48,"height":16},"114":{"x":529.765625,"y":573.109375,"width":44,"height":16},"115":{"x":664.765625,"y":573.109375,"width":101,"height":16},"116":{"x":49,"y":16.9375,"width":15,"height":16},"117":{"x":64,"y":17.9375,"width":187,"height":16},"118":{"x":130.5,"y":45.40625,"width":39,"height":16},"119":{"x":12.9375,"y":76.34375,"width":274.125,"height":29},"120":{"x":0,"y":131.21875,"width":300,"height":29.625},"121":{"x":351.765625,"y":103.875,"width":696.46875,"height":37},"122":{"x":351.765625,"y":308.109375,"width":696.46875,"height":120},"123":{"x":12.9375,"y":76.34375,"width":274.125,"height":29},"124":null,"125":null,"126":{"x":0,"y":131.21875,"width":300,"height":29.625},"127":{"x":351.765625,"y":25.875,"width":41,"height":29},"128":{"x":407.765625,"y":31.875,"width":179,"height":16},"129":{"x":919.234375,"y":25.875,"width":129,"height":27},"130":{"x":351.765625,"y":103.875,"width":336,"height":37},"131":{"x":687.765625,"y":120.875,"width":20,"height":14},"132":{"x":687.765625,"y":117.875,"width":7,"height":19},"133":{"x":694.765625,"y":120.875,"width":13,"height":14},"134":{"x":351.765625,"y":168.109375,"width":694,"height":40},"135":{"x":351.765625,"y":240.109375,"width":318,"height":16},"136":{"x":351.765625,"y":240.109375,"width":640,"height":40},"137":{"x":375.765625,"y":308.109375,"width":672.46875,"height":120},"138":{"x":983.234375,"y":460.109375,"width":38,"height":16},"139":{"x":1021.234375,"y":460.109375,"width":14,"height":16},"140":{"x":351.765625,"y":540.109375,"width":273,"height":16},"141":{"x":25.9375,"y":83.34375,"width":248.125,"height":15},"142":{"x":25.9375,"y":83.34375,"width":248.125,"height":15},"143":{"x":351.765625,"y":31.875,"width":36,"height":16},"145":{"x":933.234375,"y":31.875,"width":110,"height":16},"146":{"x":375.765625,"y":312.109375,"width":141,"height":16},"147":{"x":23.296875,"y":138.03125,"width":122,"height":15},"148":{"x":375.765625,"y":312.109375,"width":141,"height":16},"149":{"x":399.765625,"y":332.109375,"width":648.46875,"height":24},"150":{"x":399.765625,"y":336.109375,"width":110,"height":16},"151":{"x":399.765625,"y":360.109375,"width":87,"height":16},"152":{"x":399.765625,"y":408.109375,"width":52,"height":16},"153":{"x":399.765625,"y":336.109375,"width":110,"height":16},"154":{"x":399.765625,"y":360.109375,"width":87,"height":16},"155":{"x":399.765625,"y":384.109375,"width":111,"height":16},"156":{"x":399.765625,"y":408.109375,"width":52,"height":16},"157":{"x":12,"y":738,"width":13,"height":14.40625},"158":{"x":280,"y":739,"width":8,"height":14.40625},"159":{"x":919.234375,"y":30.875,"width":14,"height":16}}