{"3":{"x":0,"y":0,"width":1536,"height":864},"4":{"x":0,"y":0,"width":1536,"height":134.96875},"5":{"x":342,"y":22.796875,"width":361,"height":16},"6":{"x":703,"y":22.796875,"width":4,"height":16},"7":{"x":14,"y":50.1875,"width":1508,"height":44.390625},"8":{"x":21,"y":59.1875,"width":106.5,"height":23.390625},"9":{"x":21,"y":63.1875,"width":49,"height":16},"10":{"x":70,"y":60.1875,"width":12,"height":20},"11":{"x":82,"y":60.1875,"width":12,"height":20},"12":{"x":94,"y":60.1875,"width":12,"height":20},"13":{"x":106,"y":60.1875,"width":12,"height":20},"15":{"x":131.5,"y":57.1875,"width":80,"height":26.390625},"17":{"x":215.5,"y":57.1875,"width":168,"height":28.390625},"18":{"x":14,"y":94.578125,"width":1508,"height":15.390625},"19":{"x":0,"y":0,"width":1536,"height":134.96875},"20":{"x":0,"y":0,"width":1536,"height":134.96875},"21":{"x":14,"y":14,"width":1508,"height":25.1875},"22":{"x":13,"y":22.796875,"width":329,"height":16},"23":null,"24":null,"25":{"x":14,"y":93.578125,"width":1444,"height":16},"26":{"x":70,"y":60.1875,"width":48,"height":20},"27":{"x":118,"y":63.1875,"width":9.5,"height":16},"28":{"x":134.5,"y":59.1875,"width":74,"height":22.390625},"29":{"x":228.5,"y":63.1875,"width":142,"height":16}}