{"3":{"x":0,"y":0,"width":1920,"height":1080},"4":{"x":1874,"y":10,"width":31,"height":19},"5":{"x":1493,"y":8,"width":157,"height":20},"6":{"x":1669,"y":8,"width":91,"height":20},"7":{"x":1791,"y":10,"width":69,"height":20},"8":{"x":1791,"y":10,"width":69,"height":19},"9":{"x":1874,"y":10,"width":31,"height":20},"10":{"x":633.59375,"y":40,"width":500,"height":178.21875},"11":{"x":604.5,"y":195,"width":711,"height":59},"12":{"x":856,"y":269,"width":202,"height":43},"13":{"x":1831,"y":312,"width":89,"height":10},"14":{"x":784.5,"y":347,"width":351,"height":15},"15":{"x":805,"y":362,"width":310,"height":15},"16":{"x":628,"y":539,"width":664,"height":208},"17":{"x":740.5,"y":831,"width":35,"height":14},"18":{"x":775.5,"y":831,"width":16,"height":14},"19":{"x":791.5,"y":831,"width":63,"height":14},"20":{"x":854.5,"y":831,"width":16,"height":14},"21":{"x":870.5,"y":831,"width":43,"height":14},"22":{"x":913.5,"y":831,"width":16,"height":14},"23":{"x":928.5,"y":831,"width":36,"height":14},"24":{"x":964.5,"y":831,"width":16,"height":14},"25":{"x":980.5,"y":831,"width":36,"height":14},"26":{"x":1016.5,"y":831,"width":16,"height":14},"27":{"x":1032.5,"y":831,"width":47,"height":14},"28":{"x":1079.5,"y":831,"width":16,"height":14},"29":{"x":1095.5,"y":831,"width":76,"height":14},"30":{"x":1171.5,"y":831,"width":8,"height":14},"31":{"x":725.5,"y":863,"width":280,"height":14},"32":{"x":1005.5,"y":863,"width":95,"height":14},"33":{"x":1100.5,"y":863,"width":36,"height":14},"34":{"x":1136.5,"y":859,"width":25,"height":19},"35":{"x":1160.5,"y":859,"width":34,"height":19},"36":{"x":0,"y":497,"width":1920,"height":507},"37":{"x":0,"y":0,"width":1920,"height":1004},"38":{"x":0,"y":0,"width":1920,"height":1004},"39":{"x":0,"y":0,"width":1920,"height":40},"40":{"x":0,"y":0,"width":1920,"height":195},"41":{"x":0,"y":195,"width":1920,"height":117},"42":{"x":0,"y":312,"width":1920,"height":20},"43":{"x":0,"y":332,"width":0,"height":0},"44":{"x":0,"y":347,"width":1920,"height":30},"45":{"x":0,"y":377,"width":0,"height":0},"46":{"x":0,"y":377,"width":0,"height":0},"47":{"x":0,"y":377,"width":0,"height":0},"48":{"x":0,"y":377,"width":0,"height":0},"49":{"x":0,"y":377,"width":0,"height":0},"50":{"x":0,"y":377,"width":0,"height":0},"51":{"x":0,"y":377,"width":0,"height":0},"52":{"x":0,"y":377,"width":0,"height":0},"53":{"x":0,"y":497,"width":1920,"height":507},"54":{"x":0,"y":497,"width":0,"height":0},"55":{"x":0,"y":497,"width":0,"height":0},"56":{"x":0,"y":497,"width":0,"height":0},"57":{"x":0,"y":747,"width":0,"height":0},"58":{"x":0,"y":747,"width":0,"height":0},"59":{"x":0,"y":747,"width":0,"height":0},"60":{"x":0,"y":747,"width":0,"height":0},"61":{"x":0,"y":747,"width":0,"height":0},"62":{"x":0,"y":747,"width":0,"height":0},"63":{"x":0,"y":831,"width":1920,"height":61},"64":{"x":0,"y":892,"width":0,"height":0},"65":{"x":0,"y":892,"width":0,"height":0},"66":{"x":0,"y":892,"width":0,"height":0},"67":{"x":0,"y":892,"width":0,"height":0},"68":{"x":0,"y":892,"width":0,"height":0},"69":{"x":0,"y":892,"width":0,"height":0},"70":{"x":0,"y":892,"width":0,"height":0},"71":{"x":0,"y":892,"width":0,"height":0},"72":{"x":15,"y":5,"width":90,"height":20},"73":{"x":200,"y":8,"width":55,"height":20},"74":{"x":280,"y":8,"width":66,"height":20},"75":{"x":370,"y":8,"width":97,"height":20},"76":{"x":0,"y":0,"width":0,"height":0},"77":{"x":0,"y":0,"width":0,"height":0},"78":{"x":0,"y":0,"width":0,"height":0},"79":{"x":0,"y":0,"width":0,"height":0},"80":{"x":0,"y":0,"width":0,"height":0},"81":{"x":0,"y":0,"width":0,"height":0},"82":{"x":0,"y":0,"width":0,"height":0},"83":{"x":0,"y":0,"width":0,"height":0},"84":{"x":0,"y":0,"width":0,"height":0},"85":{"x":0,"y":0,"width":0,"height":0},"86":{"x":0,"y":0,"width":0,"height":0},"87":{"x":0,"y":0,"width":0,"height":0},"88":{"x":0,"y":0,"width":0,"height":0},"89":{"x":633.59375,"y":64.109375,"width":500,"height":82},"90":{"x":633.59375,"y":170.21875,"width":490,"height":16},"91":{"x":633.59375,"y":170.21875,"width":0,"height":0},"92":{"x":633.59375,"y":186.21875,"width":467,"height":32},"93":{"x":0,"y":195,"width":1920,"height":117},"94":{"x":0,"y":312,"width":0,"height":0},"95":{"x":0,"y":347,"width":0,"height":0},"96":{"x":630,"y":541,"width":660,"height":204},"97":{"x":630,"y":541,"width":660,"height":40},"98":{"x":630,"y":583,"width":660,"height":162},"99":{"x":740.5,"y":831,"width":35,"height":14},"100":{"x":791.5,"y":831,"width":63,"height":14},"101":{"x":870.5,"y":831,"width":43,"height":14},"102":{"x":929.5,"y":831,"width":35,"height":14},"103":{"x":980.5,"y":831,"width":36,"height":14},"104":{"x":1032.5,"y":831,"width":47,"height":14},"105":{"x":1095.5,"y":831,"width":76,"height":14},"106":{"x":0,"y":831,"width":0,"height":0},"107":{"x":0,"y":831,"width":0,"height":0},"108":{"x":1005.5,"y":863,"width":95,"height":14},"109":{"x":1136.5,"y":863,"width":58,"height":14},"110":{"x":0,"y":831,"width":0,"height":0},"111":{"x":0,"y":831,"width":0,"height":0},"112":{"x":15,"y":15,"width":90,"height":15},"113":{"x":200,"y":8,"width":55,"height":21},"114":{"x":280,"y":8,"width":66,"height":21},"115":{"x":370,"y":8,"width":97,"height":21},"116":{"x":1493,"y":8,"width":157,"height":21},"117":{"x":1669,"y":8,"width":91,"height":21},"118":{"x":1791,"y":12,"width":69,"height":15},"119":{"x":633.59375,"y":64.109375,"width":95,"height":41},"120":{"x":728.59375,"y":64.109375,"width":224,"height":41},"121":{"x":633.59375,"y":105.109375,"width":240,"height":41},"122":{"x":0,"y":254,"width":0,"height":0},"123":{"x":0,"y":269,"width":1920,"height":43},"124":{"x":630,"y":541,"width":660,"height":40},"125":{"x":630,"y":583,"width":660,"height":162},"126":{"x":15,"y":5,"width":38,"height":28},"127":{"x":53,"y":5,"width":52,"height":28},"128":{"x":200,"y":8,"width":55,"height":21},"129":{"x":280,"y":8,"width":66,"height":21},"130":{"x":370,"y":8,"width":97,"height":21},"131":{"x":1493,"y":8,"width":157,"height":21},"132":{"x":1669,"y":8,"width":91,"height":21},"133":{"x":604.5,"y":195,"width":711,"height":59},"134":{"x":604.5,"y":195,"width":711,"height":43},"135":{"x":604.5,"y":238,"width":711,"height":16},"136":{"x":0,"y":269,"width":1920,"height":43},"137":{"x":0,"y":269,"width":1920,"height":43},"138":{"x":630,"y":541,"width":0,"height":0},"139":{"x":631,"y":561,"width":150,"height":19},"140":{"x":630,"y":583,"width":0,"height":0},"141":{"x":631,"y":600,"width":649,"height":48},"142":{"x":630,"y":583,"width":0,"height":0},"143":{"x":630,"y":583,"width":0,"height":0},"144":{"x":630,"y":664,"width":634,"height":48},"145":{"x":630,"y":583,"width":0,"height":0},"146":{"x":630,"y":583,"width":0,"height":0},"147":{"x":631,"y":728,"width":205,"height":16},"148":{"x":630,"y":583,"width":0,"height":0},"149":{"x":208,"y":11,"width":39,"height":15},"150":{"x":288,"y":11,"width":50,"height":15},"151":{"x":378,"y":11,"width":81,"height":15},"152":{"x":1501,"y":11,"width":141,"height":15},"153":{"x":1677,"y":11,"width":75,"height":15},"154":null,"155":null,"156":{"x":604.5,"y":195,"width":81,"height":43},"157":{"x":685.5,"y":195,"width":531,"height":43},"158":{"x":1216.5,"y":195,"width":99,"height":43},"159":{"x":604.5,"y":238,"width":81,"height":16},"160":{"x":685.5,"y":238,"width":531,"height":16},"161":{"x":1216.5,"y":238,"width":99,"height":16},"162":{"x":0,"y":269,"width":1920,"height":43},"163":{"x":604.5,"y":202.5,"width":81,"height":28},"164":{"x":685.5,"y":195,"width":531,"height":43},"165":{"x":1216.5,"y":202.5,"width":99,"height":28},"166":{"x":604.5,"y":238,"width":4,"height":16},"167":{"x":685.5,"y":240,"width":448,"height":14},"168":{"x":1216.5,"y":238,"width":4,"height":16},"169":{"x":696.5,"y":206,"width":509,"height":21},"170":{"x":866,"y":280,"width":184,"height":24}}