{"3":{"x":0,"y":0,"width":1920,"height":1080},"4":{"x":489,"y":18,"width":210,"height":40},"5":{"x":490,"y":135.78125,"width":580,"height":326.390625},"6":{"x":941,"y":28,"width":98,"height":20.59375},"7":{"x":1049,"y":28,"width":54,"height":20.59375},"8":{"x":1113,"y":28,"width":86,"height":19.59375},"17":{"x":489,"y":10,"width":942,"height":0},"18":{"x":1214,"y":10,"width":217,"height":42},"19":{"x":489,"y":10,"width":942,"height":0},"20":{"x":837,"y":28,"width":362,"height":20.59375},"21":{"x":0,"y":72.1875,"width":1920,"height":504.671875},"22":{"x":480,"y":102.1875,"width":960,"height":464.671875},"23":{"x":1015,"y":102.1875,"width":415,"height":33.59375},"24":{"x":490,"y":135.78125,"width":580,"height":431.078125},"25":{"x":650,"y":476.859375,"width":18,"height":18},"26":{"x":731,"y":476.859375,"width":18,"height":18},"27":{"x":828,"y":476.859375,"width":18,"height":18},"28":{"x":921,"y":476.859375,"width":18,"height":18},"29":{"x":1002,"y":476.859375,"width":18,"height":18},"30":{"x":490,"y":516.859375,"width":580,"height":50},"31":{"x":490,"y":516.859375,"width":580,"height":55},"32":{"x":480,"y":606.859375,"width":960,"height":614.53125},"33":{"x":490,"y":616.859375,"width":700,"height":115.1875},"34":{"x":1230,"y":586.859375,"width":200,"height":584.53125},"35":{"x":1230,"y":596.859375,"width":200,"height":16.796875},"36":{"x":1230,"y":615.65625,"width":200,"height":18.1875},"37":{"x":1230,"y":645.84375,"width":200,"height":145.5},"38":{"x":1230,"y":803.34375,"width":200,"height":16.796875},"39":{"x":1230,"y":822.140625,"width":200,"height":18.1875},"40":{"x":1230,"y":852.328125,"width":200,"height":16.796875},"41":{"x":1230,"y":871.125,"width":200,"height":18.1875},"42":{"x":1230,"y":901.3125,"width":200,"height":16.796875},"43":{"x":1230,"y":920.109375,"width":200,"height":18.1875},"44":{"x":1230,"y":948.296875,"width":200,"height":16.796875},"45":{"x":1777,"y":1035,"width":133,"height":35},"47":{"x":1870,"y":1039,"width":37,"height":29},"48":{"x":1878,"y":1042,"width":24,"height":24},"50":{"x":1371,"y":27,"width":60,"height":24},"51":{"x":847,"y":28,"width":84,"height":20.59375},"52":{"x":524,"y":472.859375,"width":16,"height":16},"53":{"x":541,"y":472.859375,"width":16,"height":16},"54":{"x":558,"y":472.859375,"width":16,"height":16},"55":{"x":575,"y":472.859375,"width":16,"height":16},"56":{"x":591,"y":472.859375,"width":53,"height":18.1875},"57":{"x":644,"y":472.859375,"width":426,"height":44},"58":{"x":725,"y":472.859375,"width":92,"height":26},"59":{"x":822,"y":472.859375,"width":88,"height":26},"60":{"x":915,"y":472.859375,"width":76,"height":26},"61":{"x":996,"y":472.859375,"width":69,"height":26},"62":{"x":1230,"y":1013.46875,"width":200,"height":16.796875},"63":{"x":1230,"y":1032.265625,"width":200,"height":18.1875},"64":{"x":1230,"y":1063.453125,"width":200,"height":107.9375},"65":{"x":1230,"y":1063.453125,"width":88,"height":31},"66":{"x":0,"y":1231.390625,"width":1920,"height":65.5},"67":{"x":10,"y":1241.390625,"width":134,"height":52},"68":{"x":167,"y":1241.390625,"width":70,"height":52},"69":{"x":260,"y":1241.390625,"width":40,"height":52},"70":{"x":323,"y":1241.390625,"width":130,"height":52},"71":{"x":1518,"y":1241.390625,"width":382,"height":41},"72":{"x":1609.1875,"y":1259.390625,"width":22.609375,"height":17},"73":{"x":1638.796875,"y":1259.390625,"width":165,"height":14},"74":{"x":1813.796875,"y":1259.390625,"width":84.203125,"height":17},"77":{"x":490,"y":466.359375,"width":580,"height":100.5},"78":{"x":0,"y":0,"width":1920,"height":1296.890625},"79":{"x":0,"y":10,"width":1920,"height":1286.890625},"80":null,"81":null,"82":{"x":0,"y":10,"width":1920,"height":1286.890625},"83":null,"84":null,"85":null,"86":null,"87":null,"88":null,"89":null,"90":null,"91":null,"92":null,"93":null,"94":null,"95":{"x":0,"y":0,"width":1920,"height":1080},"96":{"x":-16001,"y":47,"width":1,"height":1},"97":{"x":-16001,"y":46,"width":47,"height":46.390625},"98":{"x":93.59375,"y":48,"width":1732.796875,"height":984},"99":{"x":0,"y":10,"width":1920,"height":52.1875},"100":{"x":490,"y":102.1875,"width":34,"height":23.59375},"101":{"x":490,"y":606.859375,"width":700,"height":614.53125},"102":{"x":1230,"y":645.84375,"width":200,"height":145.5},"103":null,"104":null,"105":null,"106":null,"107":{"x":1230,"y":966.09375,"width":35,"height":20},"108":{"x":1265,"y":966.09375,"width":42,"height":20},"109":{"x":1230,"y":967.09375,"width":0,"height":0},"110":{"x":1230,"y":984.28125,"width":117,"height":20},"111":{"x":1230,"y":1063.453125,"width":200,"height":107.9375},"112":{"x":1230,"y":1063.453125,"width":200,"height":0},"113":{"x":1230,"y":1079.453125,"width":88,"height":20},"114":{"x":1230,"y":1063.453125,"width":0,"height":0},"115":{"x":1230,"y":1097.640625,"width":162,"height":20},"116":{"x":1230,"y":1115.828125,"width":172,"height":56.375},"117":{"x":1273,"y":1152.203125,"width":4,"height":20},"118":{"x":1778,"y":1036,"width":131,"height":33},"119":{"x":93.59375,"y":48,"width":1732.796875,"height":61},"120":{"x":93.59375,"y":48,"width":1674.8125,"height":61},"121":{"x":93.59375,"y":48,"width":1674.8125,"height":61},"122":{"x":93.59375,"y":48,"width":1674.8125,"height":61},"123":{"x":93.59375,"y":48,"width":1673.8125,"height":60},"124":{"x":93.59375,"y":48,"width":60,"height":60},"125":{"x":111.59375,"y":66,"width":24,"height":24},"126":{"x":153.59375,"y":52,"width":1613.8125,"height":52},"127":{"x":153.59375,"y":67.5,"width":1599.8125,"height":21},"128":{"x":153.59375,"y":67.5,"width":1599.8125,"height":21},"129":{"x":153.59375,"y":67.5,"width":1599.8125,"height":21},"130":{"x":153.59375,"y":67.5,"width":1599.8125,"height":21},"131":null,"132":{"x":-11907.40625,"y":77.5,"width":1,"height":1},"133":{"x":-11907.40625,"y":77.5,"width":42,"height":14},"134":{"x":1768.40625,"y":48,"width":57.984375,"height":61},"135":{"x":1785.390625,"y":66,"width":24,"height":24},"136":null,"137":null,"138":{"x":1789.610595703125,"y":70.22000122070312,"width":15.550048828125,"height":15.55999755859375},"139":{"x":1789.610595703125,"y":70.22000122070312,"width":15.550048828125,"height":15.55999755859375},"140":{"x":1278.390625,"y":125,"width":172,"height":16.890625},"141":null,"142":null,"143":null,"144":null,"145":null,"146":null,"147":null,"148":{"x":1278.390625,"y":125,"width":172,"height":16.890625},"149":{"x":-11722.609375,"y":132.9375,"width":1,"height":1},"150":{"x":-11722.609375,"y":130.9375,"width":23,"height":36.890625},"151":{"x":1278.390625,"y":125,"width":72,"height":16.890625},"152":{"x":1280.390625,"y":123,"width":59,"height":20},"153":{"x":1339.390625,"y":123,"width":9,"height":20},"154":{"x":1350.390625,"y":125,"width":54,"height":16.890625},"155":{"x":1352.390625,"y":123,"width":41,"height":20},"156":{"x":1393.390625,"y":123,"width":9,"height":20},"157":{"x":1404.390625,"y":125,"width":46,"height":16.890625},"158":{"x":1406.390625,"y":123,"width":37,"height":20},"159":{"x":1443.390625,"y":123,"width":5,"height":20},"160":{"x":93.59375,"y":109,"width":1732.796875,"height":66.796875},"161":{"x":93.59375,"y":109,"width":1412.796875,"height":66.796875},"162":{"x":149.59375,"y":125,"width":1300.796875,"height":20.796875},"163":{"x":149.59375,"y":123,"width":118,"height":24},"164":{"x":1506.390625,"y":109,"width":320,"height":66.796875},"165":{"x":1539.390625,"y":109,"width":255,"height":34.796875},"166":{"x":1539.390625,"y":123,"width":255,"height":20.796875},"167":{"x":1539.390625,"y":123,"width":255,"height":20.796875},"168":{"x":1539.390625,"y":121,"width":96,"height":24},"169":{"x":1539.390625,"y":143.796875,"width":255,"height":0},"170":{"x":1539.390625,"y":143.796875,"width":255,"height":0},"171":{"x":1539.390625,"y":143.796875,"width":255,"height":0},"172":{"x":1539.390625,"y":143.796875,"width":255,"height":0},"173":{"x":1539.390625,"y":143.796875,"width":255,"height":0},"174":{"x":1539.390625,"y":143.796875,"width":255,"height":0},"175":{"x":489,"y":10,"width":210,"height":52.1875},"176":{"x":490,"y":101.1875,"width":34,"height":20},