{"3":{"x":0,"y":0,"width":1920,"height":1080},"4":{"x":510,"y":301.1875,"width":900,"height":72},"5":{"x":510,"y":392.1875,"width":900,"height":48},"6":{"x":510,"y":459.1875,"width":900,"height":24},"7":{"x":510,"y":502.1875,"width":855,"height":554.375},"8":{"x":510,"y":1060.5625,"width":900,"height":189},"9":{"x":510,"y":1268.5625,"width":900,"height":406},"10":{"x":510,"y":0,"width":900,"height":297.1875},"11":{"x":942.4375,"y":1103.0625,"width":467.5625,"height":24},"12":{"x":510,"y":0,"width":900,"height":2217.5625},"13":{"x":600.8125,"y":303.1875,"width":171.28125,"height":19},"14":{"x":510,"y":303.1875,"width":900.03125,"height":43},"15":{"x":681.453125,"y":327.1875,"width":235.453125,"height":19},"16":{"x":510,"y":327.1875,"width":900.015625,"height":43},"17":{"x":942.4375,"y":1060.5625,"width":467.5625,"height":189},"18":{"x":664,"y":461.1875,"width":111,"height":19},"19":{"x":775,"y":461.1875,"width":92,"height":19},"20":{"x":942.4375,"y":1063.0625,"width":467.5625,"height":16},"21":{"x":942.4375,"y":1079.0625,"width":467.5625,"height":24},"22":{"x":0,"y":0,"width":1920,"height":2217.5625},"23":{"x":510,"y":282.1875,"width":900,"height":19},"24":{"x":510,"y":373.1875,"width":0,"height":0},"25":{"x":510,"y":440.1875,"width":0,"height":0},"26":{"x":510,"y":483.1875,"width":0,"height":0},"27":{"x":510,"y":1041.5625,"width":855,"height":19},"28":{"x":510,"y":483.1875,"width":0,"height":0},"29":{"x":510,"y":1249.5625,"width":0,"height":0},"30":{"x":510,"y":1674.5625,"width":0,"height":0},"31":{"x":510,"y":1693.5625,"width":900,"height":21},"32":{"x":510,"y":1714.5625,"width":900,"height":72},"33":{"x":510,"y":1786.5625,"width":0,"height":0},"34":{"x":510,"y":1805.5625,"width":900,"height":21},"35":{"x":510,"y":1826.5625,"width":900,"height":24},"36":{"x":510,"y":1850.5625,"width":0,"height":0},"37":{"x":510,"y":1869.5625,"width":900,"height":21},"38":{"x":510,"y":1890.5625,"width":900,"height":24},"39":{"x":510,"y":1914.5625,"width":900,"height":24},"40":{"x":510,"y":1938.5625,"width":900,"height":24},"41":{"x":510,"y":1962.5625,"width":900,"height":24},"42":{"x":510,"y":1986.5625,"width":0,"height":0},"43":{"x":510,"y":2005.5625,"width":900,"height":21},"44":{"x":510,"y":2026.5625,"width":900,"height":24},"45":{"x":510,"y":2050.5625,"width":900,"height":24},"46":{"x":510,"y":2074.5625,"width":0,"height":0},"47":{"x":510,"y":2074.5625,"width":0,"height":0},"48":{"x":510,"y":2074.5625,"width":0,"height":0},"49":{"x":510,"y":2074.5625,"width":0,"height":0},"50":{"x":510,"y":2074.5625,"width":0,"height":0},"51":{"x":510,"y":2074.5625,"width":0,"height":0},"52":{"x":510,"y":2074.5625,"width":0,"height":0},"53":{"x":510,"y":303.1875,"width":90.8125,"height":19},"54":{"x":510,"y":394.1875,"width":901,"height":43},"55":{"x":510,"y":461.1875,"width":154,"height":19},"56":{"x":775,"y":461.1875,"width":92,"height":19},"57":{"x":510,"y":1060.5625,"width":900,"height":189},"58":{"x":510,"y":1060.5625,"width":900,"height":189},"59":{"x":527,"y":1277.5625,"width":0,"height":0},"60":{"x":527,"y":1296.5625,"width":871,"height":26},"61":{"x":527,"y":1322.5625,"width":0,"height":0},"62":{"x":527,"y":1341.5625,"width":871,"height":24},"63":{"x":527,"y":1365.5625,"width":871,"height":48},"64":{"x":527,"y":1413.5625,"width":871,"height":48},"65":{"x":527,"y":1461.5625,"width":0,"height":0},"66":{"x":527,"y":1461.5625,"width":0,"height":0},"67":{"x":527,"y":1499.5625,"width":871,"height":24},"68":{"x":527,"y":1523.5625,"width":871,"height":24},"69":{"x":527,"y":1547.5625,"width":871,"height":24},"70":{"x":527,"y":1571.5625,"width":871,"height":24},"71":{"x":527,"y":1595.5625,"width":871,"height":24},"72":{"x":527,"y":1619.5625,"width":871,"height":24},"73":{"x":527,"y":1643.5625,"width":0,"height":0},"74":{"x":510,"y":1691.5625,"width":102,"height":19},"75":{"x":509,"y":1716.5625,"width":657,"height":19},"76":{"x":1166,"y":1716.5625,"width":108,"height":19},"77":{"x":510,"y":1716.5625,"width":854,"height":43},"78":{"x":661,"y":1740.5625,"width":45,"height":19},"79":{"x":510,"y":1740.5625,"width":876,"height":43},"80":{"x":576,"y":1764.5625,"width":108,"height":19},"81":{"x":684,"y":1764.5625,"width":602,"height":19},"82":{"x":510,"y":1803.5625,"width":197,"height":19},"83":{"x":510,"y":1828.5625,"width":379,"height":19},"84":{"x":889,"y":1828.5625,"width":37,"height":19},"85":{"x":926,"y":1828.5625,"width":215,"height":19},"86":{"x":1141,"y":1828.5625,"width":37,"height":19},"87":{"x":1178,"y":1828.5625,"width":5,"height":19},"88":{"x":510,"y":1867.5625,"width":351,"height":19},"89":{"x":510,"y":1892.5625,"width":305,"height":19},"90":{"x":510,"y":1916.5625,"width":224,"height":19},"91":{"x":734,"y":1916.5625,"width":349,"height":19},"92":{"x":1083,"y":1916.5625,"width":5,"height":19},"93":{"x":510,"y":1940.5625,"width":207,"height":19},"94":{"x":510,"y":1964.5625,"width":520,"height":19},"95":{"x":510,"y":2003.5625,"width":70,"height":19},"96":{"x":510,"y":2028.5625,"width":410,"height":19},"97":{"x":919,"y":2028.5625,"width":272,"height":19},"98":{"x":1191,"y":2028.5625,"width":5,"height":19},"99":{"x":510,"y":2052.5625,"width":220,"height":19},"100":{"x":730,"y":2052.5625,"width":37,"height":19},"101":{"x":767,"y":2052.5625,"width":5,"height":19},"102":{"x":510,"y":461.1875,"width":154,"height":19},"103":{"x":510,"y":1060.5625,"width":432.4375,"height":189},"104":{"x":527,"y":1285.5625,"width":333,"height":48},"105":{"x":527,"y":1343.5625,"width":345,"height":19},"106":{"x":872,"y":1343.5625,"width":5,"height":19},"107":{"x":877,"y":1343.5625,"width":85,"height":19},"108":{"x":527,"y":1367.5625,"width":818,"height":43},"109":{"x":527,"y":1415.5625,"width":10,"height":19},"110":{"x":537,"y":1415.5625,"width":723,"height":43},"111":{"x":527,"y":1501.5625,"width":220,"height":19},"112":{"x":527,"y":1525.5625,"width":86,"height":19},"113":{"x":613,"y":1525.5625,"width":194,"height":19},"114":{"x":527,"y":1549.5625,"width":86,"height":19},"115":{"x":613,"y":1549.5625,"width":324,"height":19},"116":{"x":527,"y":1573.5625,"width":86,"height":19},"117":{"x":613,"y":1573.5625,"width":299,"height":19},"118":{"x":527,"y":1597.5625,"width":86,"height":19},"119":{"x":613,"y":1597.5625,"width":299,"height":19},"120":{"x":527,"y":1621.5625,"width":27,"height":19},"121":{"x":554,"y":1621.5625,"width":193,"height":19},"122":{"x":889,"y":1828.5625,"width":37,"height":19},"123":{"x":1141,"y":1828.5625,"width":37,"height":19},"124":{"x":733,"y":1916.5625,"width":350,"height":19},"125":{"x":730,"y":2052.5625,"width":37,"height":19},"126":{"x":510,"y":1060.5625,"width":432.4375,"height":21},"127":{"x":510,"y":1081.5625,"width":432.4375,"height":24},"128":{"x":510,"y":1105.5625,"width":432.4375,"height":24},"129":{"x":510,"y":1129.5625,"width":432.4375,"height":24},"130":{"x":510,"y":1153.5625,"width":432.4375,"height":24},"131":{"x":510,"y":1177.5625,"width":432.4375,"height":24},"132":{"x":510,"y":1201.5625,"width":432.4375,"height":24},"133":{"x":510,"y":1225.5625,"width":432.4375,"height":24},"134":{"x":942.4375,"y":1127.0625,"width":467.5625,"height":24},"135":{"x":942.4375,"y":1151.0625,"width":467.5625,"height":24},"136":{"x":942.4375,"y":1175.0625,"width":467.5625,"height":24},"137":{"x":942.4375,"y":1199.0625,"width":467.5625,"height":24},"138":{"x":942.4375,"y":1223.0625,"width":467.5625,"height":24},"139":{"x":578,"y":1294.5625,"width":231,"height":30},"140":{"x":877,"y":1343.5625,"width":85,"height":19},"141":{"x":527,"y":1525.5625,"width":86,"height":19},"142":{"x":527,"y":1549.5625,"width":86,"height":19},"143":{"x":527,"y":1573.5625,"width":86,"height":19},"144":{"x":527,"y":1597.5625,"width":86,"height":19},"145":{"x":527,"y":1621.5625,"width":27,"height":19},"146":{"x":510,"y":1058.5625,"width":80,"height":19},"147":{"x":510,"y":1083.5625,"width":136,"height":19},"148":{"x":510,"y":1107.5625,"width":229,"height":19},"149":{"x":510,"y":1131.5625,"width":259,"height":19},"150":{"x":510,"y":1155.5625,"width":271,"height":19},"151":{"x":510,"y":1179.5625,"width":237,