{"3":{"x":0,"y":0,"width":1920,"height":1080},"4":{"x":650,"y":298.6875,"width":620,"height":28.796875},"5":{"x":650,"y":540.875,"width":620,"height":28.796875},"6":{"x":624,"y":33.203125,"width":137,"height":22.390625},"7":{"x":624,"y":35.203125,"width":137,"height":18},"8":{"x":1206,"y":30,"width":254,"height":28.796875},"9":{"x":1206,"y":30,"width":254,"height":28.796875},"10":{"x":1206,"y":30,"width":254,"height":28.796875},"11":{"x":1206,"y":30,"width":41,"height":28.796875},"12":{"x":1206,"y":32,"width":41,"height":23},"13":{"x":1277,"y":30,"width":93,"height":28.796875},"14":{"x":1277,"y":32,"width":93,"height":23},"15":{"x":1400,"y":30,"width":60,"height":28.796875},"16":{"x":1400,"y":32,"width":60,"height":23},"17":{"x":697.8125,"y":182.59375,"width":61,"height":20},"18":{"x":696.8125,"y":303.6875,"width":61,"height":20},"19":{"x":729.8125,"y":545.875,"width":61,"height":20},"22":{"x":460,"y":0,"width":1000,"height":88.796875},"23":{"x":650,"y":118.796875,"width":620,"height":28.796875},"24":{"x":650,"y":177.59375,"width":620,"height":679.171875},"25":{"x":650,"y":210.890625,"width":310,"height":60.796875},"26":{"x":650,"y":331.984375,"width":310,"height":60.796875},"27":{"x":650,"y":453.078125,"width":310,"height":60.796875},"28":{"x":650,"y":574.171875,"width":620,"height":200},"29":{"x":650,"y":886.765625,"width":620,"height":150.390625},"30":{"x":650,"y":895.765625,"width":66,"height":27.390625},"31":{"x":656,"y":942.15625,"width":18,"height":18},"32":{"x":737,"y":942.15625,"width":18,"height":18},"33":{"x":650,"y":987.15625,"width":620,"height":50},"34":{"x":650,"y":987.15625,"width":620,"height":55},"35":{"x":460,"y":1037.15625,"width":1000,"height":309.59375},"36":{"x":1871,"y":1035,"width":39,"height":35},"37":{"x":30,"y":0,"width":1860,"height":88.796875},"38":{"x":460,"y":33.203125,"width":301,"height":22.390625},"39":{"x":460,"y":34.265625,"width":134,"height":20.25},"40":{"x":460,"y":34.265625,"width":134,"height":19},"41":{"x":30,"y":118.796875,"width":1860,"height":918.359375},"42":{"x":650,"y":935.15625,"width":620,"height":34},"43":{"x":650,"y":938.15625,"width":76,"height":26},"44":{"x":676,"y":944.15625,"width":41,"height":14},"45":{"x":731,"y":935.15625,"width":92,"height":29},"46":{"x":731,"y":938.15625,"width":92,"height":26},"47":{"x":758,"y":944.15625,"width":56,"height":14},"48":{"x":30,"y":1037.15625,"width":1860,"height":369.59375},"49":{"x":1872,"y":1036,"width":37,"height":30},"50":{"x":1870,"y":1037,"width":37,"height":30},"51":{"x":1878,"y":1040,"width":24,"height":24},"52":{"x":0,"y":0,"width":1920,"height":1406.75},"53":{"x":0,"y":0,"width":1920,"height":1406.75},"54":{"x":-9999,"y":0,"width":0,"height":0},"55":null,"56":null,"57":null,"58":null,"59":null,"60":null,"61":null,"62":null,"63":null,"64":{"x":-9999,"y":0,"width":0,"height":0},"65":null,"66":null,"67":null,"68":null,"69":null,"70":null,"71":null,"72":null,"73":null,"74":{"x":-9999,"y":0,"width":0,"height":0},"75":null,"76":null,"77":null,"78":null,"79":null,"80":null,"81":null,"82":null,"83":null,"84":{"x":-9999,"y":0,"width":0,"height":0},"85":null,"86":null,"87":null,"88":null,"89":null,"90":null,"91":null,"92":null,"93":null,"94":{"x":-9999,"y":0,"width":0,"height":0},"95":null,"96":null,"97":null,"98":null,"99":null,"100":null,"101":null,"102":null,"103":null,"104":{"x":-9999,"y":0,"width":0,"height":0},"105":null,"106":null,"107":null,"108":null,"109":null,"110":null,"111":null,"112":null,"113":null,"114":{"x":-9999,"y":0,"width":0,"height":0},"115":null,"116":null,"117":null,"118":null,"119":null,"120":null,"121":null,"122":null,"123":null,"124":{"x":-9999,"y":0,"width":0,"height":0},"125":null,"126":null,"127":null,"128":null,"129":null,"130":null,"131":null,"132":null,"133":null,"134":{"x":-18001,"y":-1,"width":1,"height":1},"135":{"x":0,"y":0,"width":1920,"height":1406.75},"136":null,"137":{"x":-9999,"y":1406.75,"width":0,"height":0},"138":null,"139":null,"140":null,"141":null,"142":null,"143":null,"144":null,"145":null,"146":null,"147":null,"148":null,"149":null,"150":null,"151":null,"152":null,"153":null,"154":null,"155":null,"156":{"x":0,"y":1406.75,"width":0,"height":0},"157":null,"158":{"x":-18001,"y":1,"width":57,"height":80.59375},"159":{"x":30,"y":0,"width":1860,"height":88.796875},"160":{"x":0,"y":0,"width":1920,"height":88.796875},"161":{"x":460,"y":33.203125,"width":301,"height":22.390625},"162":{"x":30,"y":118.796875,"width":1860,"height":918.359375},"163":{"x":30,"y":1037.15625,"width":1860,"height":369.59375},"164":{"x":460,"y":1097.15625,"width":1000,"height":189.59375},"165":{"x":460,"y":1097.15625,"width":313.328125,"height":189.59375},"166":{"x":460,"y":1097.15625,"width":313.328125,"height":27},"167":{"x":460,"y":1124.15625,"width":313.328125,"height":25.59375},"168":{"x":460,"y":1179.75,"width":313.328125,"height":30},"169":{"x":803.328125,"y":1097.15625,"width":313.328125,"height":189.59375},"170":{"x":803.328125,"y":1097.15625,"width":313.328125,"height":15.75},"171":{"x":803.328125,"y":1142.90625,"width":313.328125,"height":62.65625},"172":{"x":803.328125,"y":1235.5625,"width":313.328125,"height":51.1875},"173":{"x":1146.65625,"y":1097.15625,"width":313.328125,"height":189.59375},"174":{"x":1146.65625,"y":1097.15625,"width":313.328125,"height":15.75},"175":{"x":1146.65625,"y":1142.90625,"width":313.328125,"height":72},"176":{"x":650,"y":1376.75,"width":620,"height":30},"177":{"x":650,"y":1376.75,"width":620,"height":0},"178":null,"179":null,"180":null,"181":null,"182":{"x":650,"y":120.796875,"width":97,"height":23},"183":{"x":650,"y":177.59375,"width":620,"height":679.171875},"184":{"x":650,"y":895.765625,"width":620,"height":73.390625},"185":{"x":650,"y":895.765625,"width":620,"height":73.390625},"186":{"x":650,"y":935.15625,"width":620,"height":34},"187":{"x":460,"y":1098.15625,"width":219,"height":24},"188":{"x":459,"y":1126.15625,"width":168,"height":21},"189":{"x":460,"y":1179.75,"width":30,"height":30},"190":{"x":520,"y":1179.75,"width":30,"height":30},"191":{"x":580,"y":1179.75,"width":30,"height":30},"192":{"x":803.328125,"y":1096.15625,"width":96,"height":16},"193":{"x":803.328125,"y":1178.765625,"width":313.328125,"height":23},"194":{"x":802.328125,"y":1237.5625,"width":290,"height":46.59375},"195":{"x":944.328125,"y":1263.15625,"width":28,"height":21},"196":{"x":972.328125,"y":1263.15625,"width":3,"height":21},"197":{"x":1146.65625,"y":1096.15625,"width":57,"height":16},"198":{"x":-18001,"y":1141.90625,"width":1,"height":1},"199":{"x":1146.65625,"y":1142.90625,"width":313.328125,"height":72},"200":{"x":1150.65625,"y":1146.90625,"width":193.109375,"height":64},"201":{"x":1355.015625,"y":1146.90625,"width":100.96875,"height":64},"202":{"x":460,"y":34.265625,"width":134,"height":19},"203":{"x":1206,"y":30,"width":254,"height":28.796875},"204":{"x":650,"y":177.59375,"width":620,"height":121.09375},"205":{"x":650,"y":177.59375,"width":620,"height":28.796875},"206":{"x":650,"y":298.6875,"width":620,"height":121.09375},"207":{"x":650,"y":419.78125,"width":620,"height":121.09375},"208":{"x":650,"y":419.78125,"width":620,"height":28.796875},"209":{"x":650,"y":540.875,"width":620,"height":269.09375},"210":{"x":650,"y":827.96875,"width":620,"height":28.796875},"211":null,"212":null,"213":null,"214":null,"215":null,"216":null,"217":{"x":650,"y":895.765625,"width":66,"height":1},"218":{"x":650,"y":908.765625,"width":66,"height":13},"219":{"x":650,"y":935.15625,"width":76,"height":29},"220":{"x":828,"y":950.15625,"width":0,"height":0},"221":null,"222":null,"223":null,"224":null,"225":null,"226":null,"227":null,"228":null,"229":{"x":460,"y":1097.15625,"width":219,"height":25},"230":{"x":460,"y":1179.75,"width":30,"height":30},"231":{"x":520,"y":1179.75,"width":30,"height":30},"232":{"x":580,"y":1179.75,"width":30,"height":30},"233":{"x":944.328125,"y":1263.15625,"width":28,"height":21},"234":{"x":-18001,"y":1143.90625,"width":10,"height":166.984375},"235":{"x":1167.65625,"y":1164.515625,"width":143.109375,