{"3":{"x":0,"y":0,"width":1920,"height":1080},"4":{"x":0,"y":0,"width":129,"height":80},"5":{"x":96,"y":168,"width":1728,"height":913.53125},"6":{"x":96,"y":218.09375,"width":1728,"height":44},"7":{"x":96,"y":272.09375,"width":1728,"height":68},"8":{"x":96,"y":350.09375,"width":1728,"height":44},"9":{"x":96,"y":404.09375,"width":1728,"height":44},"10":{"x":96,"y":458.09375,"width":1728,"height":44},"11":{"x":96,"y":512.09375,"width":1728,"height":44},"12":{"x":96,"y":566.09375,"width":1728,"height":44},"13":{"x":96,"y":620.09375,"width":1728,"height":44},"14":{"x":96,"y":674.09375,"width":1728,"height":44},"15":{"x":96,"y":616.8125,"width":1728,"height":144},"16":{"x":96,"y":779.53125,"width":1728,"height":272},"17":{"x":1019.21875,"y":917.53125,"width":5.046875,"height":19},"18":{"x":106,"y":949.53125,"width":1718,"height":34},"19":{"x":106,"y":983.53125,"width":1718,"height":34},"20":{"x":106,"y":1017.53125,"width":1718,"height":34},"21":{"x":0,"y":0,"width":1920,"height":1080},"22":{"x":0,"y":0,"width":1920,"height":1080},"23":{"x":0,"y":0,"width":1920,"height":1189.53125},"24":{"x":0,"y":1189.53125,"width":1920,"height":83},"25":{"x":0,"y":1189.53125,"width":1920,"height":44},"26":{"x":905,"y":1252.53125,"width":110,"height":16},"27":{"x":0,"y":0,"width":1920,"height":57.59375},"28":{"x":96,"y":168,"width":1728,"height":30},"29":{"x":621.953125,"y":1189.53125,"width":117.53125,"height":44},"30":{"x":743.53125,"y":1189.53125,"width":195.875,"height":44},"31":{"x":943.453125,"y":1189.53125,"width":111.46875,"height":44},"32":{"x":1058.96875,"y":1189.53125,"width":162.71875,"height":44},"33":{"x":1225.734375,"y":1189.53125,"width":82.3125,"height":44},"34":{"x":905,"y":1233.53125,"width":110,"height":32},"35":{"x":0,"y":0,"width":129,"height":87},"36":{"x":140,"y":0,"width":1588,"height":0},"37":{"x":129,"y":40.3125,"width":1987.1875,"height":40.3125},"38":{"x":129,"y":40.3125,"width":318.0625,"height":36.265625},"39":{"x":129,"y":40.3125,"width":1987.1875,"height":36.9375},"40":{"x":96,"y":165,"width":976.09375,"height":35},"41":{"x":96,"y":230.09375,"width":993.5,"height":19},"42":{"x":96,"y":284.09375,"width":1659.640625,"height":43},"43":{"x":96,"y":362.09375,"width":250.109375,"height":19},"44":{"x":346.109375,"y":362.09375,"width":872.203125,"height":19},"45":{"x":96,"y":416.09375,"width":520.390625,"height":19},"46":{"x":616.390625,"y":416.09375,"width":57.265625,"height":19},"47":{"x":96,"y":470.09375,"width":147.65625,"height":19},"48":{"x":243.65625,"y":470.09375,"width":57.265625,"height":19},"49":{"x":96,"y":524.09375,"width":243.171875,"height":19},"50":{"x":339.171875,"y":524.09375,"width":57.265625,"height":19},"51":{"x":96,"y":578.09375,"width":119.578125,"height":19},"52":{"x":215.578125,"y":578.09375,"width":57.265625,"height":19},"53":{"x":96,"y":632.09375,"width":549.5,"height":19},"54":{"x":645.5,"y":632.09375,"width":85.390625,"height":19},"55":{"x":96,"y":686.09375,"width":174.765625,"height":19},"56":{"x":270.765625,"y":686.09375,"width":57.265625,"height":19},"57":{"x":96,"y":737.8125,"width":405.328125,"height":21},"58":{"x":106,"y":779.53125,"width":1718,"height":170},"59":{"x":631.953125,"y":1203.53125,"width":97.53125,"height":16},"60":{"x":753.53125,"y":1203.53125,"width":175.875,"height":16},"61":{"x":953.453125,"y":1203.53125,"width":91.46875,"height":16},"62":{"x":1068.96875,"y":1203.53125,"width":142.71875,"height":16},"63":{"x":1235.734375,"y":1203.53125,"width":62.3125,"height":16},"64":null,"65":null,"66":null,"67":null,"68":null,"69":{"x":140,"y":0,"width":1588,"height":0},"70":{"x":131.234375,"y":42.546875,"width":318.0625,"height":31.796875},"71":{"x":462.0625,"y":50.890625,"width":72.3125,"height":18},"72":null,"73":null,"74":{"x":548.421875,"y":51.78125,"width":74,"height":21},"75":{"x":96,"y":362.09375,"width":250.109375,"height":19},"76":{"x":95,"y":416.09375,"width":523,"height":19},"77":{"x":96,"y":470.09375,"width":147.65625,"height":19},"78":{"x":96,"y":524.09375,"width":243.171875,"height":19},"79":{"x":96,"y":578.09375,"width":119.578125,"height":19},"80":{"x":96,"y":632.09375,"width":549.5,"height":19},"81":{"x":96,"y":686.09375,"width":174.765625,"height":19},"82":{"x":96.953125,"y":784.53125,"width":9.046875,"height":24},"83":{"x":111,"y":786.53125,"width":684.140625,"height":19},"84":{"x":111,"y":808.53125,"width":1708,"height":136},"85":{"x":96.953125,"y":954.53125,"width":9.046875,"height":24},"86":{"x":111,"y":956.53125,"width":61.34375,"height":19},"87":{"x":172.34375,"y":956.53125,"width":408.828125,"height":19},"88":{"x":581.171875,"y":956.53125,"width":276.25,"height":19},"89":{"x":96.953125,"y":988.53125,"width":9.046875,"height":24},"90":{"x":111,"y":990.53125,"width":61.34375,"height":19},"91":{"x":172.34375,"y":990.53125,"width":236.0625,"height":19},"92":{"x":408.40625,"y":990.53125,"width":324.515625,"height":19},"93":{"x":96.953125,"y":1022.53125,"width":9.046875,"height":24},"94":{"x":111,"y":1024.53125,"width":83.421875,"height":19},"95":{"x":194.421875,"y":1024.53125,"width":350.59375,"height":19},"96":{"x":545.015625,"y":1024.53125,"width":600.765625,"height":19},"97":{"x":631.953125,"y":1203.53125,"width":97.53125,"height":16},"98":{"x":753.53125,"y":1203.53125,"width":175.875,"height":16},"99":{"x":952.453125,"y":1203.53125,"width":93,"height":16},"100":{"x":1068.96875,"y":1203.53125,"width":142.71875,"height":16},"101":{"x":1235.734375,"y":1203.53125,"width":62.3125,"height":16},"102":{"x":140,"y":0,"width":116.28125,"height":34},"103":{"x":256.28125,"y":0,"width":237.734375,"height":34},"104":{"x":494.015625,"y":0,"width":103.25,"height":34},"105":null,"106":null,"107":null,"108":{"x":133.46875,"y":44.78125,"width":248,"height":26},"109":{"x":385.515625,"y":46.453125,"width":33.65625,"height":25.65625},"110":{"x":462.0625,"y":50.890625,"width":72.3125,"height":18},"111":{"x":121,"y":808.53125,"width":1698,"height":34},"112":{"x":121,"y":842.53125,"width":1698,"height":34},"113":{"x":121,"y":876.53125,"width":1698,"height":34},"114":{"x":121,"y":910.53125,"width":1698,"height":34},"115":{"x":171.34375,"y":956.53125,"width":411,"height":19},"116":{"x":172.34375,"y":990.53125,"width":236.0625,"height":19},"117":{"x":193.421875,"y":1024.53125,"width":353,"height":19},"118":{"x":140,"y":0,"width":115.28125,"height":34},"119":null,"120":null,"121":null,"122":null,"123":null,"124":null,"125":null,"126":null,"127":null,"128":null,"129":null,"130":null,"131":null,"132":null,"133":null,"134":null,"135":null,"136":null,"137":null,"138":null,"139":null,"140":null,"141":null,"142":null,"143":null,"144":{"x":256.28125,"y":0,"width":236.734375,"height":34},"145":null,"146":null,"147":null,"148":null,"149":null,"150":null,"151":null,"152":null,"153":null,"154":null,"155":null,"156":null,"157":null,"158":null,"159":null,"160":null,"161":{"x":494.015625,"y":0,"width":102.25,"height":34},"162":null,"163":null,"164":null,"165":null,"166":null,"167":null,"168":null,"169":null,"170":null,"171":null,"172":null,"173":null,"174":null,"175":null,"176":null,"177":null,"178":null,"179":null,"180":null,"181":null,"182":null,"183":null,"184":null,"185":null,"186":null,"187":null,"188":null,"189":null,"190":null,"191":null,"192":null,"193":null,"194":null,"195":null,"196":{"x":137.46875,"y":50.28125,"width":240,"height":15},"197":{"x":137.46875,"y":50.28125,"width":240,"height":15},"198":{"x":390.84375,"y":51.78125,"width":23,"height":15},"199":{"x":462.0625,"y":50.890625,"width":72.3125,"height":18},"200":{"x":111.953125,"y":813.53125,"width":9.046875,"height":24},"201":{"x":126,"y":815.53125,"width":142.71875,"height":19},"202":{"x":268.71875,"y":815.53125,"width":250.109375,"height":19},"203":{"x":518.828125,"y":815.53125,"width":5.046875,"height":19},"204":{"x":111.953125,"y":847.53125,"width":9.046875,"height":24},"205":{"x":126,"y":849.53125,"width":140.6875,"height":19},"206":{"x":266.6875,"y":849.53125,"width":265.171875,"height":19},"207":{"x":531.859375,"y":849.53125,"width":5.046875,