{"3":{"x":0,"y":0,"width":1536,"height":864},"5":{"x":236,"y":190,"width":1064,"height":232},"6":{"x":0,"y":120,"width":1536,"height":402},"7":{"x":952.171875,"y":234,"width":24,"height":16},"8":{"x":976.171875,"y":234,"width":184,"height":16},"9":{"x":837.171875,"y":381,"width":462.828125,"height":1},"10":{"x":837.171875,"y":387,"width":462.828125,"height":35},"11":{"x":450.5,"y":522,"width":635,"height":297},"12":{"x":638,"y":554,"width":260,"height":46},"13":{"x":48,"y":0,"width":1440,"height":120},"14":{"x":48,"y":0,"width":1440,"height":120},"15":{"x":98,"y":40,"width":60,"height":60},"16":{"x":236,"y":190,"width":1064,"height":262},"17":{"x":236,"y":352,"width":156,"height":28},"18":{"x":837.171875,"y":190,"width":462.828125,"height":232},"19":{"x":837.171875,"y":260,"width":462.828125,"height":35},"20":{"x":837.171875,"y":295,"width":462.828125,"height":35},"21":{"x":837.171875,"y":335,"width":462.828125,"height":1},"22":{"x":837.171875,"y":341,"width":462.828125,"height":35},"23":{"x":892.171875,"y":393,"width":10,"height":23},"24":{"x":902.171875,"y":393,"width":330,"height":23},"25":{"x":0,"y":819,"width":1536,"height":636.515625},"26":{"x":236,"y":889,"width":1064,"height":496.515625},"27":{"x":236,"y":1075,"width":462.828125,"height":81},"28":{"x":750,"y":889,"width":800,"height":466.515625},"29":{"x":236,"y":183,"width":172,"height":89},"30":{"x":236,"y":315,"width":462.828125,"height":68},"31":{"x":852.171875,"y":196,"width":80,"height":23},"32":{"x":932.171875,"y":196,"width":10,"height":23},"33":{"x":942.171875,"y":196,"width":130,"height":23},"34":{"x":837.171875,"y":225,"width":462.828125,"height":35},"35":{"x":852.171875,"y":231,"width":90,"height":23},"36":{"x":942.171875,"y":231,"width":10,"height":23},"37":{"x":852.171875,"y":266,"width":70,"height":23},"38":{"x":922.171875,"y":266,"width":10,"height":23},"39":{"x":932.171875,"y":266,"width":30,"height":23},"40":{"x":852.171875,"y":301,"width":70,"height":23},"41":{"x":922.171875,"y":301,"width":10,"height":23},"42":{"x":932.171875,"y":301,"width":160,"height":23},"43":{"x":852.171875,"y":347,"width":40,"height":23},"44":{"x":892.171875,"y":347,"width":10,"height":23},"45":{"x":902.171875,"y":347,"width":260,"height":23},"46":{"x":852.171875,"y":393,"width":40,"height":23},"47":{"x":638,"y":565,"width":260,"height":23},"48":{"x":468.5,"y":600,"width":599,"height":37},"49":{"x":480,"y":608.5,"width":576,"height":20},"50":{"x":458,"y":649,"width":620,"height":20},"51":{"x":458,"y":647,"width":620,"height":24},"52":{"x":450.5,"y":699,"width":635,"height":60},"53":{"x":450.5,"y":697,"width":620,"height":64},"54":{"x":236,"y":887,"width":242,"height":50},"55":{"x":236,"y":965,"width":462.828125,"height":80},"56":{"x":236,"y":963,"width":460,"height":84},"57":{"x":236,"y":1073,"width":390,"height":45},"58":{"x":750,"y":889,"width":600,"height":462.515625},"59":{"x":0,"y":0,"width":1536,"height":864},"60":{"x":0,"y":0,"width":1536,"height":864},"61":{"x":0,"y":0,"width":1536,"height":120},"62":{"x":0,"y":120,"width":1536,"height":1463.515625},"63":{"x":0,"y":0,"width":1536,"height":120},"64":{"x":0,"y":120,"width":1536,"height":1335.515625},"65":null,"66":{"x":1052,"y":58.5,"width":386,"height":16},"67":{"x":1052,"y":58.5,"width":386,"height":16},"68":{"x":1052,"y":58.5,"width":386,"height":16},"69":{"x":236,"y":190,"width":462.828125,"height":232},"70":{"x":236,"y":190,"width":462.828125,"height":75},"71":{"x":837.171875,"y":190,"width":462.828125,"height":232},"72":{"x":236,"y":889,"width":1064,"height":466.515625},"73":{"x":236,"y":889,"width":462.828125,"height":466.515625},"74":{"x":236,"y":889,"width":462.828125,"height":46},"75":{"x":236,"y":1186,"width":462.828125,"height":100},"76":{"x":1052,"y":58.5,"width":134,"height":16},"77":{"x":1186,"y":58.5,"width":94,"height":16},"78":{"x":1280,"y":58.5,"width":158,"height":16},"79":{"x":236,"y":318,"width":312,"height":28},"80":{"x":236,"y":315,"width":0,"height":0},"81":{"x":837.171875,"y":190,"width":462.828125,"height":35},"82":{"x":246,"y":1095,"width":260,"height":20},"83":{"x":236,"y":1094,"width":430,"height":44},"84":{"x":616,"y":1114,"width":41,"height":24},"85":{"x":656,"y":1114,"width":40,"height":24},"86":{"x":236,"y":1134,"width":40,"height":24},"87":{"x":276,"y":1134,"width":110,"height":24},"88":{"x":236,"y":1184,"width":460,"height":104},"89":{"x":1082,"y":44.5,"width":104,"height":44},"90":{"x":1216,"y":44.5,"width":64,"height":44},"91":{"x":1310,"y":44.5,"width":128,"height":44},"92":{"x":942.171875,"y":196,"width":130,"height":23},"93":{"x":952.171875,"y":234,"width":24,"height":16},"94":{"x":932.171875,"y":266,"width":30,"height":23},"95":{"x":932.171875,"y":301,"width":160,"height":23},"96":{"x":902.171875,"y":347,"width":260,"height":23},"97":{"x":902.171875,"y":393,"width":330,"height":23},"98":{"x":1102,"y":56.5,"width":64,"height":20},"99":{"x":1236,"y":56.5,"width":25,"height":20},"100":{"x":1330,"y":56.5,"width":88,"height":20}}