{"3":{"x":0,"y":0,"width":1536,"height":864},"4":{"x":630,"y":231.078125,"width":316,"height":38},"5":{"x":568,"y":152.078125,"width":400,"height":381},"7":{"x":530.921875,"y":46.078125,"width":474.15625,"height":88},"8":{"x":568,"y":479.078125,"width":400,"height":46},"9":{"x":917.5,"y":281.078125,"width":17,"height":38},"10":{"x":568,"y":152.078125,"width":400,"height":381},"11":{"x":0,"y":0,"width":1536,"height":864},"12":{"x":0,"y":46.078125,"width":1536,"height":512},"13":{"x":796.5,"y":373.375,"width":11,"height":13},"14":{"x":568,"y":472.078125,"width":400,"height":61},"15":{"x":0,"y":46.078125,"width":1536,"height":487},"16":{"x":574.5,"y":544.078125,"width":387,"height":14},"17":{"x":0,"y":46.078125,"width":1536,"height":91},"18":{"x":574.5,"y":544.078125,"width":387,"height":14},"19":{"x":0,"y":46.078125,"width":1536,"height":91},"20":{"x":933,"y":152.078125,"width":35,"height":22},"21":{"x":933,"y":162.078125,"width":25,"height":12},"22":{"x":568,"y":152.078125,"width":400,"height":68},"23":{"x":568,"y":177.078125,"width":400,"height":28},"24":{"x":766,"y":205.078125,"width":4,"height":15},"25":{"x":588,"y":230.078125,"width":360,"height":40},"26":{"x":588,"y":280.078125,"width":360,"height":40},"27":{"x":568,"y":330.078125,"width":380,"height":15},"28":{"x":568,"y":355.078125,"width":400,"height":49},"29":{"x":568,"y":404.078125,"width":400,"height":15},"30":{"x":568,"y":429.078125,"width":400,"height":28},"31":{"x":568,"y":457.078125,"width":400,"height":15},"32":{"x":933,"y":162.078125,"width":25,"height":12},"33":{"x":715.5,"y":177.078125,"width":105,"height":28},"34":{"x":589,"y":231.078125,"width":40,"height":38},"35":{"x":589,"y":281.078125,"width":40,"height":38},"36":{"x":630,"y":281.078125,"width":272,"height":38},"37":{"x":906,"y":281.078125,"width":40,"height":38},"38":{"x":944,"y":330.078125,"width":4,"height":15},"39":{"x":658,"y":355.078125,"width":220,"height":49},"40":{"x":766,"y":404.078125,"width":4,"height":15},"41":{"x":598,"y":429.078125,"width":160,"height":28},"42":{"x":778,"y":429.078125,"width":160,"height":28},"43":{"x":766,"y":457.078125,"width":4,"height":15},"44":{"x":602.5,"y":231.078125,"width":13,"height":38},"45":{"x":642,"y":241.078125,"width":292,"height":18},"46":{"x":642,"y":241.078125,"width":292,"height":18},"47":{"x":603.5,"y":281.078125,"width":11,"height":38},"48":{"x":642,"y":291.078125,"width":248,"height":18},"49":{"x":642,"y":291.078125,"width":248,"height":18},"50":{"x":728.5,"y":370.078125,"width":62,"height":19},"51":{"x":796.5,"y":374.078125,"width":11,"height":11},"52":null,"53":null,"54":null,"55":null,"56":null,"57":null,"58":null,"59":null,"60":null,"61":null,"62":null,"63":null,"64":null,"65":null,"66":null,"67":null,"68":null,"69":null,"70":null,"71":null,"72":null,"73":null,"74":null,"75":null,"76":null,"77":null,"78":null,"79":null,"80":null,"81":null,"82":null,"83":null,"84":null,"85":null,"86":null,"87":null,"88":null,"89":null}