{"3":{"x":0,"y":0,"width":1536,"height":864},"4":{"x":0,"y":94,"width":1536,"height":898.5625},"5":{"x":198,"y":290.78125,"width":580.5,"height":580.5},"6":{"x":198,"y":381.5,"width":560,"height":378.546875},"7":{"x":778.5,"y":384.109375,"width":560,"height":373.328125},"8":{"x":168,"y":94,"width":1200,"height":898.5625},"9":{"x":198,"y":179,"width":1140,"height":790.5625},"10":{"x":188,"y":179,"width":1160,"height":99.78125},"11":{"x":188,"y":278.78125,"width":1160,"height":604.5},"12":{"x":778.5,"y":290.78125,"width":580.5,"height":580.5},"13":{"x":778.5,"y":290.78125,"width":559.5,"height":559.5},"14":{"x":188,"y":883.28125,"width":1160,"height":86.28125},"15":{"x":0,"y":801.203125,"width":1536,"height":62.796875},"16":{"x":0,"y":822.203125,"width":1536,"height":22.390625},"17":{"x":25,"y":822.203125,"width":722.265625,"height":22.390625},"18":{"x":168,"y":94,"width":1200,"height":898.5625},"19":null,"20":{"x":1400,"y":0,"width":101,"height":92.390625},"21":{"x":1400,"y":38,"width":101,"height":15},"22":{"x":198,"y":179,"width":1140,"height":87.78125},"23":{"x":198,"y":204.5,"width":1140,"height":22.390625},"24":{"x":388,"y":937.171875,"width":61,"height":18},"25":{"x":25,"y":822.203125,"width":722.265625,"height":22.390625},"26":{"x":35,"y":822.203125,"width":702.265625,"height":22.390625},"27":{"x":0,"y":0,"width":1536,"height":1055.5625},"28":{"x":0,"y":0,"width":0,"height":0},"29":{"x":0,"y":94,"width":1536,"height":898.5625},"30":{"x":0,"y":0,"width":1536,"height":94},"31":{"x":1526,"y":104,"width":0,"height":0},"32":{"x":0,"y":0,"width":1536,"height":0},"33":{"x":0,"y":0,"width":1536,"height":0},"34":{"x":0,"y":822.203125,"width":737.265625,"height":22.390625},"35":{"x":0,"y":0,"width":1536,"height":0},"36":null,"37":null,"38":null,"39":null,"40":null,"41":null,"42":null,"43":null,"44":null,"45":null,"46":null,"47":{"x":35,"y":0,"width":215.609375,"height":94},"48":{"x":25,"y":822.203125,"width":722.265625,"height":22.390625},"49":{"x":1400,"y":36,"width":101,"height":19},"50":{"x":35,"y":35,"width":33.8125,"height":24},"51":{"x":88.609375,"y":35,"width":87.609375,"height":24},"52":{"x":196.015625,"y":35,"width":39,"height":24},"53":{"x":188,"y":179,"width":1160,"height":790.5625},"54":{"x":35,"y":822.203125,"width":702.265625,"height":22.390625},"55":{"x":1400,"y":36,"width":101,"height":19},"56":{"x":35,"y":39,"width":33.8125,"height":19},"57":{"x":88.609375,"y":39,"width":87.609375,"height":19},"58":{"x":196.015625,"y":39,"width":39,"height":19},"59":{"x":188,"y":179,"width":1160,"height":790.5625},"60":{"x":35,"y":824.203125,"width":144,"height":19},"61":{"x":1400,"y":36,"width":101,"height":19},"62":{"x":35,"y":39,"width":33.8125,"height":16},"63":{"x":88.609375,"y":39,"width":87.609375,"height":16},"64":{"x":196.015625,"y":39,"width":39,"height":16},"65":{"x":35,"y":824.203125,"width":144,"height":18},"66":{"x":198,"y":179,"width":1140,"height":18},"67":{"x":198,"y":244.390625,"width":1140,"height":22.390625},"68":{"x":198,"y":290.78125,"width":1140,"height":580.5},"69":{"x":198,"y":895.28125,"width":1140,"height":62.28125},"70":{"x":198,"y":895.28125,"width":1140,"height":22.390625},"71":{"x":198,"y":935.171875,"width":1140,"height":22.390625},"72":{"x":198,"y":178,"width":254,"height":19},"73":{"x":198,"y":206.5,"width":28,"height":18},"74":{"x":198,"y":260.390625,"width":0,"height":0},"75":{"x":198,"y":290.78125,"width":1140,"height":580.5},"76":{"x":198,"y":911.28125,"width":0,"height":0},"77":{"x":198,"y":937.171875,"width":190,"height":18},"78":{"x":388,"y":937.171875,"width":61,"height":19},"79":{"x":198,"y":290.78125,"width":1161,"height":0},"80":{"x":198,"y":871.28125,"width":1140,"height":0},"81":{"x":198,"y":290.78125,"width":559.5,"height":559.5},"82":{"x":198,"y":290.78125,"width":559.5,"height":559.5},"83":{"x":778.5,"y":290.78125,"width":559.5,"height":559.5},"84":{"x":198,"y":290.78125,"width":1,"height":1},"85":{"x":197,"y":292.78125,"width":41,"height":40.390625},"86":null,"87":null,"88":{"x":778.5,"y":290.78125,"width":1,"height":1},"89":{"x":777.5,"y":292.78125,"width":41,"height":40.390625},"90":null,"91":null}