{"3":{"x":0,"y":0,"width":1536,"height":864},"4":{"x":978,"y":206.96875,"width":264,"height":75.921875},"5":{"x":978,"y":282.890625,"width":264,"height":81.140625},"6":{"x":978,"y":364.03125,"width":264,"height":37.328125},"7":{"x":978,"y":401.359375,"width":264,"height":173.40625},"8":{"x":978,"y":574.765625,"width":264,"height":54.5},"9":{"x":298,"y":237.359375,"width":640,"height":45.96875},"10":{"x":298,"y":655.265625,"width":940,"height":104.96875},"11":{"x":728,"y":30,"width":159.5,"height":30},"12":{"x":766.5,"y":30,"width":121,"height":15.390625},"13":{"x":887.5,"y":30,"width":174.5,"height":30},"14":{"x":926,"y":30,"width":136,"height":15.390625},"15":{"x":298,"y":242.359375,"width":616,"height":35.984375},"16":{"x":1170.5,"y":30,"width":67.5,"height":30},"17":{"x":1209,"y":30,"width":29,"height":15.390625},"18":{"x":278,"y":0,"width":980,"height":760.234375},"19":{"x":533,"y":30,"width":705,"height":30},"20":{"x":593.5,"y":30,"width":644.5,"height":30},"21":{"x":593.5,"y":30,"width":134.5,"height":30},"22":{"x":632,"y":30,"width":96,"height":15.390625},"23":{"x":1062,"y":30,"width":108.5,"height":30},"24":{"x":1100.5,"y":30,"width":70,"height":15.390625},"25":{"x":298,"y":72,"width":940,"height":78.984375},"26":{"x":567.5,"y":98,"width":401,"height":28},"27":{"x":298,"y":150.984375,"width":940.40625,"height":25.984375},"28":{"x":308.203125,"y":156.984375,"width":40,"height":13},"29":{"x":348.203125,"y":156.984375,"width":2,"height":13},"30":{"x":350.203125,"y":156.984375,"width":30,"height":13},"31":{"x":380.203125,"y":156.984375,"width":2,"height":13},"32":{"x":382.203125,"y":156.984375,"width":6,"height":13},"33":{"x":388.203125,"y":156.984375,"width":2,"height":13},"34":{"x":390.203125,"y":156.984375,"width":71,"height":13},"35":{"x":298,"y":206.96875,"width":940,"height":0},"36":{"x":434,"y":263.34375,"width":469,"height":15},"37":{"x":298,"y":305.3125,"width":640,"height":25},"38":{"x":978,"y":206.96875,"width":260,"height":448.296875},"39":{"x":0,"y":0,"width":1536,"height":760.234375},"40":{"x":298,"y":237.359375,"width":640,"height":92.953125},"41":{"x":390,"y":690.265625,"width":65,"height":13},"42":{"x":298,"y":708.25,"width":940,"height":21.984375},"43":{"x":357,"y":712.25,"width":55,"height":13},"44":{"x":412,"y":712.25,"width":23,"height":13},"45":{"x":435,"y":712.25,"width":33,"height":13},"46":{"x":0,"y":0,"width":1536,"height":760.234375},"47":{"x":0,"y":0,"width":1536,"height":760.234375},"48":{"x":298,"y":0,"width":940,"height":0},"49":{"x":298,"y":20,"width":235,"height":50},"50":{"x":298,"y":206.96875,"width":640,"height":180},"51":{"x":298,"y":686.265625,"width":940,"height":43.96875},"52":{"x":298,"y":686.265625,"width":940,"height":21.984375},"53":{"x":298,"y":20,"width":235,"height":30},"54":null,"55":null,"56":{"x":593.5,"y":30,"width":644.5,"height":30},"57":{"x":350.203125,"y":156.984375,"width":30,"height":13},"58":{"x":298,"y":206.96875,"width":640,"height":0},"59":{"x":298,"y":206.96875,"width":640,"height":129.34375},"60":{"x":978,"y":206.96875,"width":260,"height":422.296875},"61":{"x":298,"y":690.265625,"width":92,"height":13},"62":{"x":390,"y":690.265625,"width":65,"height":13},"63":{"x":298,"y":712.25,"width":59,"height":13},"64":{"x":357,"y":712.25,"width":55,"height":13},"65":{"x":435,"y":712.25,"width":33,"height":13},"66":{"x":298,"y":17,"width":209,"height":35},"67":{"x":298,"y":206.96875,"width":640,"height":20.796875},"68":{"x":298,"y":305.3125,"width":640,"height":25},"69":{"x":978,"y":206.96875,"width":260,"height":422.296875},"70":{"x":298,"y":17,"width":212,"height":35},"71":null,"72":null,"73":null,"74":null,"75":{"x":298,"y":206.96875,"width":94,"height":19},"76":{"x":298,"y":240.359375,"width":109,"height":15},"77":{"x":298,"y":305.3125,"width":640,"height":25},"78":{"x":298,"y":305.3125,"width":145,"height":25},"79":null,"80":{"x":978,"y":236.328125,"width":264,"height":15},"81":{"x":978,"y":206.96875,"width":0,"height":0},"82":{"x":978,"y":314.859375,"width":264,"height":15},"83":{"x":978,"y":206.96875,"width":0,"height":0},"84":{"x":978,"y":374.09375,"width":264,"height":15},"85":{"x":978,"y":206.96875,"width":0,"height":0},"86":{"x":978,"y":479.453125,"width":264,"height":15},"87":{"x":978,"y":206.96875,"width":0,"height":0},"88":{"x":978,"y":593.40625,"width":264,"height":15},"89":{"x":632,"y":31,"width":96,"height":13},"90":{"x":766.5,"y":31,"width":121,"height":13},"91":{"x":926,"y":31,"width":136,"height":13},"92":{"x":1100.5,"y":31,"width":54,"height":13},"93":{"x":1209,"y":31,"width":29,"height":13},"94":{"x":304,"y":311.3125,"width":133,"height":13},"95":{"x":304,"y":311.3125,"width":82,"height":13}}