{"3":{"x":0,"y":0,"width":1366,"height":768},"4":{"x":193,"y":10,"width":263,"height":78},"5":{"x":995,"y":23,"width":178,"height":48},"6":{"x":1058,"y":70,"width":115,"height":32},"7":{"x":995,"y":23,"width":178,"height":46},"8":{"x":193,"y":273.984375,"width":980,"height":36},"9":{"x":193,"y":168,"width":980,"height":400},"10":{"x":193,"y":0,"width":980,"height":970},"11":{"x":193,"y":0,"width":980,"height":115},"12":{"x":193,"y":0,"width":318,"height":115},"13":{"x":511,"y":0,"width":662,"height":115},"14":{"x":511,"y":6,"width":371,"height":110},"15":{"x":544.5,"y":7,"width":180,"height":51},"17":{"x":728.5,"y":7,"width":120,"height":51},"18":{"x":511,"y":68,"width":371,"height":38},"19":{"x":511,"y":68,"width":280,"height":38},"20":{"x":797,"y":68,"width":85,"height":38},"21":{"x":909,"y":6,"width":264,"height":96},"22":{"x":911,"y":6,"width":260,"height":12},"23":{"x":1106,"y":6,"width":65,"height":12},"25":{"x":1058,"y":70,"width":115,"height":32},"26":{"x":193,"y":115,"width":980,"height":40},"27":{"x":193,"y":115,"width":980,"height":40},"28":{"x":193,"y":155,"width":980,"height":426},"29":{"x":193,"y":309.984375,"width":980,"height":18},"30":{"x":193,"y":327.984375,"width":980,"height":18},"31":{"x":193,"y":345.984375,"width":980,"height":18},"32":{"x":193,"y":363.984375,"width":980,"height":18},"33":{"x":193,"y":381.984375,"width":980,"height":18},"34":{"x":193,"y":399.984375,"width":980,"height":18},"35":{"x":193,"y":417.984375,"width":980,"height":18},"36":{"x":193,"y":435.984375,"width":980,"height":18},"37":{"x":193,"y":453.984375,"width":980,"height":18},"38":{"x":193,"y":581,"width":980,"height":389},"39":{"x":230,"y":614,"width":582,"height":130},"40":{"x":230,"y":614,"width":582,"height":130},"41":{"x":230,"y":614,"width":582,"height":110},"42":{"x":396,"y":614,"width":166,"height":22},"43":{"x":562,"y":614,"width":166,"height":22},"44":{"x":396,"y":636,"width":166,"height":22},"45":{"x":562,"y":636,"width":166,"height":22},"46":{"x":396,"y":658,"width":166,"height":22},"47":{"x":562,"y":658,"width":166,"height":22},"48":{"x":396,"y":680,"width":166,"height":22},"49":{"x":562,"y":680,"width":166,"height":22},"50":{"x":230,"y":614,"width":879,"height":0},"51":{"x":852,"y":614,"width":257,"height":78},"52":{"x":852,"y":648,"width":257,"height":36},"53":{"x":1031.90625,"y":648,"width":77.09375,"height":36},"54":{"x":230,"y":744,"width":439.5,"height":33},"55":{"x":230,"y":744,"width":439.5,"height":33},"56":{"x":230,"y":744,"width":21,"height":24},"57":{"x":265,"y":744,"width":22,"height":24},"58":{"x":301,"y":744,"width":21,"height":24},"59":{"x":336,"y":744,"width":21,"height":24},"60":{"x":193,"y":829,"width":980,"height":90},"61":{"x":302,"y":855,"width":336,"height":38},"63":{"x":670,"y":829,"width":65,"height":90},"65":{"x":767,"y":848,"width":135,"height":52},"66":{"x":916,"y":866.5,"width":4,"height":14},"67":{"x":934,"y":839,"width":130,"height":70},"68":{"x":413.5,"y":934,"width":539,"height":36},"69":{"x":416.5,"y":936,"width":533,"height":32},"70":{"x":193,"y":198.796875,"width":980,"height":24.1875},"71":{"x":193,"y":237.984375,"width":980,"height":234},"72":{"x":688,"y":275.984375,"width":136,"height":14},"73":{"x":193,"y":275.984375,"width":979,"height":32},"74":{"x":243,"y":329.984375,"width":157,"height":14},"75":{"x":249,"y":347.984375,"width":88,"height":14},"76":{"x":309,"y":365.984375,"width":88,"height":14},"77":{"x":281,"y":455.984375,"width":533,"height":14},"81":{"x":0,"y":0,"width":1366,"height":970},"82":{"x":0,"y":0,"width":1366,"height":970},"83":{"x":0,"y":0,"width":1366,"height":970},"84":null,"85":null,"86":null,"87":null,"88":null,"89":null,"90":null,"91":null,"92":null,"93":null,"94":null,"95":null,"96":null,"97":null,"98":null,"99":null,"100":null,"101":null,"102":null,"103":null,"104":null,"105":null,"106":null,"107":null,"108":null,"109":null,"110":null,"111":null,"112":null,"113":null,"114":null,"115":null,"116":null,"117":null,"118":null,"119":null,"120":null,"121":null,"122":null,"123":null,"124":null,"125":null,"126":null,"127":null,"128":null,"129":null,"130":null,"131":null,"132":null,"133":null,"134":null,"135":null,"136":null,"137":null,"138":null,"139":null,"140":null,"141":null,"142":null,"143":null,"144":null,"145":null,"146":null,"147":null,"148":null,"149":null,"150":null,"151":null,"152":null,"153":null,"154":null,"155":null,"156":null,"157":null,"158":null,"159":null,"160":null,"161":null,"162":null,"163":null,"164":null,"165":null,"166":null,"167":null,"168":null,"169":null,"170":null,"171":null,"172":null,"173":null,"174":null,"175":null,"176":null,"177":null,"178":null,"179":null,"180":null,"181":null,"182":null,"183":null,"184":null,"185":null,"186":null,"187":null,"188":null,"189":null,"190":null,"191":null,"192":null,"193":null,"194":null,"195":null,"196":null,"197":null,"198":null,"199":null,"200":null,"201":null,"202":null,"203":{"x":0,"y":970,"width":1366,"height":0},"204":{"x":193,"y":115,"width":980,"height":0},"205":{"x":193,"y":115,"width":980,"height":0},"206":{"x":193,"y":155,"width":980,"height":0},"207":{"x":193,"y":581,"width":980,"height":0},"208":{"x":511,"y":59,"width":371,"height":0},"209":{"x":511,"y":59,"width":371,"height":0},"210":{"x":511,"y":116,"width":371,"height":0},"211":{"x":909,"y":6,"width":264,"height":0},"212":{"x":909,"y":6,"width":264,"height":0},"213":{"x":909,"y":18,"width":264,"height":0},"214":{"x":909,"y":23,"width":264,"height":48},"215":{"x":909,"y":70,"width":264,"height":0},"216":{"x":1058,"y":70,"width":0,"height":0},"217":{"x":909,"y":102,"width":264,"height":0},"218":{"x":193,"y":0,"width":980,"height":0},"219":{"x":193,"y":115,"width":980,"height":0},"220":null,"221":null,"222":null,"223":null,"224":{"x":193,"y":115,"width":980,"height":0},"225":{"x":193,"y":168,"width":980,"height":400},"226":{"x":193,"y":568,"width":980,"height":0},"227":{"x":193,"y":581,"width":980,"height":233},"228":{"x":230,"y":744,"width":879,"height":0},"229":{"x":669.5,"y":744,"width":439.5,"height":0},"230":{"x":230,"y":777,"width":879,"height":0},"231":{"x":193,"y":0,"width":0,"height":0},"232":{"x":559.5,"y":7,"width":150,"height":50},"233":{"x":760,"y":7,"width":58,"height":16},"234":{"x":728.5,"y":7,"width":0,"height":0},"235":{"x":756,"y":24,"width":65,"height":33},"236":{"x":511,"y":59,"width":371,"height":0},"237":{"x":909,"y":6,"width":264,"height":0},"238":null,"239":null,"240":null,"241":null,"242":null,"243":null,"244":null,"245":null,"246":null,"247":null,"248":null,"249":null,"250":null,"251":null,"252":null,"253":null,"254":{"x":193,"y":155,"width":980,"height":0},"255":{"x":193,"y":155,"width":980,"height":0},"256":{"x":230,"y":614,"width":582,"height":0},"257":{"x":230,"y":614,"width":879,"height":0},"258":{"x":230,"y":754,"width":31,"height":14},"259":{"x":265,"y":754,"width":32,"height":14},"260":{"x":301,"y":754,"width":31,"height":14},"261":{"x":336,"y":754,"width":31,"height":14},"262":{"x":656,"y":866.5,"width":97,"height":14},"263":{"x":753,"y":866.5,"width":163,"height":14},"264":{"x":920,"y":866.5,"width":158,"height":14},"265":{"x":511,"y":68,"width":371,"height":38},"266":null,"267":null,"268":{"x":911,"y":6,"width":260,"height":12},"269":{"x":202,"y":115,"width":96,"height":40},"270":{"x":298,"y":115,"width":97,"height":40},"271":{"x":395,"y":115,"width":66,"height":40},"272":{"x":461,"y":115,"width":111,"height":40},"273":{"x":572,"y":115,"width":69,"height":40},"274":{"x":641,"y":115,"width":171,"height":40},"275":{"x":812,"y":115,"width":66,"height":40},"276":{"x":878,"y":115,"width":137,"height":40},"277":null,"278":null,"279":null,"280":null,"281":null,"282":null,"283":null,"284":null,"285":null,"286":null,"287":null,"288":null,"289":null,"290":null,"291":null,"292":null,"293":null,"294":null,"295":null,"296":null,"297":null,"298":null,"299":null,"300":null,"301":null,"302":null,"303":null,"304":null,"305":null,"306":null,"307":null,"308":null,"309":null,"310":null,"311":null,"312":null,"313":null,"314":null,"315":null,