{"3":{"x":0,"y":0,"width":1280,"height":720},"4":{"x":774,"y":115.34375,"width":70,"height":19},"5":{"x":844,"y":115.34375,"width":421,"height":19},"6":{"x":8,"y":150.34375,"width":1264,"height":114},"7":{"x":48,"y":169.34375,"width":1224,"height":19},"8":{"x":48,"y":188.34375,"width":1224,"height":19},"9":{"x":48,"y":207.34375,"width":1224,"height":19},"10":{"x":48,"y":226.34375,"width":1224,"height":19},"11":{"x":48,"y":245.34375,"width":1224,"height":19},"12":{"x":8,"y":280.34375,"width":1264,"height":19},"13":{"x":8,"y":315.34375,"width":1264,"height":19},"14":{"x":8,"y":8,"width":1264,"height":696},"15":{"x":8,"y":115.34375,"width":1264,"height":19},"16":{"x":221,"y":318.34375,"width":192,"height":15},"17":{"x":413,"y":315.34375,"width":5,"height":19},"18":{"x":0,"y":0,"width":1280,"height":720},"19":{"x":8,"y":8,"width":1264,"height":38},"20":{"x":8,"y":67.4375,"width":1264,"height":28},"21":{"x":8,"y":8,"width":209,"height":38},"22":{"x":8,"y":67.4375,"width":619,"height":28},"23":{"x":8,"y":115.34375,"width":766,"height":19},"24":{"x":774,"y":115.34375,"width":70,"height":19},"25":{"x":48,"y":150.34375,"width":1224,"height":19},"26":{"x":8,"y":280.34375,"width":414,"height":19},"27":{"x":8,"y":315.34375,"width":213,"height":19},"28":{"x":221,"y":315.34375,"width":192,"height":19},"29":{"x":30,"y":150.34375,"width":7,"height":19},"30":{"x":48,"y":150.34375,"width":986,"height":19},"31":{"x":30,"y":169.34375,"width":7,"height":19},"32":{"x":48,"y":169.34375,"width":495,"height":19},"33":{"x":30,"y":188.34375,"width":7,"height":19},"34":{"x":48,"y":188.34375,"width":352,"height":19},"35":{"x":30,"y":207.34375,"width":7,"height":19},"36":{"x":48,"y":207.34375,"width":469,"height":19},"37":{"x":30,"y":226.34375,"width":7,"height":19},"38":{"x":48,"y":226.34375,"width":509,"height":19},"39":{"x":30,"y":245.34375,"width":7,"height":19},"40":{"x":48,"y":245.34375,"width":624,"height":19}}