{"3":{"x":0,"y":0,"width":1920,"height":1080},"4":{"x":0,"y":125,"width":100,"height":38},"5":{"x":0,"y":0,"width":92,"height":121},"6":{"x":125,"y":134,"width":580,"height":420},"8":{"x":616,"y":709,"width":5,"height":19},"9":{"x":621,"y":709,"width":115,"height":19},"10":{"x":736,"y":709,"width":5,"height":19},"11":{"x":741,"y":709,"width":124,"height":19},"12":{"x":865,"y":709,"width":5,"height":19},"13":{"x":870,"y":709,"width":118,"height":19},"14":{"x":988,"y":709,"width":5,"height":19},"15":{"x":993,"y":709,"width":175,"height":19},"16":{"x":1168,"y":709,"width":5,"height":19},"17":{"x":1173,"y":709,"width":161,"height":19},"18":{"x":1334,"y":709,"width":5,"height":19},"19":{"x":1339,"y":709,"width":126,"height":19},"20":{"x":1645.296875,"y":708,"width":273.703125,"height":21},"21":{"x":1676,"y":709,"width":242,"height":19},"22":{"x":100,"y":55,"width":1820,"height":734},"23":{"x":0,"y":0,"width":1920,"height":789},"24":{"x":0,"y":0,"width":1920,"height":789},"25":{"x":0,"y":0,"width":1920,"height":789},"26":{"x":0,"y":0,"width":1920,"height":789},"27":{"x":0,"y":0,"width":1920,"height":789},"28":{"x":0,"y":0,"width":1920,"height":789},"29":{"x":0,"y":0,"width":1920,"height":789},"30":{"x":0,"y":0,"width":100,"height":789},"31":{"x":100,"y":0,"width":1820,"height":789},"32":{"x":0,"y":0,"width":0,"height":0},"33":{"x":100,"y":0,"width":1820,"height":55},"34":{"x":0,"y":689,"width":1920,"height":100},"35":{"x":9,"y":125,"width":82,"height":19},"36":{"x":0,"y":125,"width":0,"height":0},"37":{"x":0.5,"y":144,"width":44,"height":19},"38":{"x":44.5,"y":144,"width":6,"height":19},"39":{"x":50.5,"y":144,"width":44,"height":19},"40":{"x":94.5,"y":144,"width":5,"height":19},"41":{"x":100,"y":0,"width":1820,"height":53},"42":{"x":100,"y":55,"width":615,"height":515},"43":{"x":100,"y":570,"width":0,"height":0},"44":{"x":100,"y":605,"width":1820,"height":19},"45":{"x":100,"y":640,"width":1820,"height":16},"46":{"x":100,"y":670,"width":0,"height":0},"47":{"x":0,"y":697,"width":1920,"height":2},"48":{"x":0,"y":707,"width":1920,"height":23},"49":{"x":100,"y":0,"width":84,"height":53},"50":{"x":184,"y":0,"width":118,"height":53},"51":{"x":302,"y":0,"width":96,"height":53},"52":{"x":398,"y":0,"width":122,"height":53},"53":{"x":520,"y":0,"width":91,"height":53},"54":{"x":611,"y":0,"width":181,"height":53},"55":{"x":101,"y":56,"width":613,"height":513},"56":{"x":101,"y":56,"width":613,"height":513},"57":{"x":99,"y":605,"width":281,"height":19},"58":{"x":99,"y":640,"width":224,"height":16},"59":{"x":323,"y":640,"width":174,"height":16},"60":{"x":497,"y":640,"width":105,"height":16},"61":{"x":602,"y":640,"width":135,"height":16},"62":{"x":1,"y":708,"width":1918,"height":21},"63":{"x":1,"y":708,"width":1918,"height":21},"64":{"x":100,"y":0,"width":84,"height":53},"65":{"x":184,"y":0,"width":118,"height":53},"66":null,"67":null,"68":null,"69":null,"70":null,"71":null,"72":null,"73":null,"74":null,"75":null,"76":null,"77":null,"78":null,"79":null,"80":null,"81":null,"82":null,"83":null,"84":null,"85":null,"86":null,"87":null,"88":null,"89":null,"90":null,"91":null,"92":null,"93":null,"94":null,"95":null,"96":null,"97":null,"98":null,"99":null,"100":null,"101":{"x":302,"y":0,"width":96,"height":53},"102":null,"103":null,"104":null,"105":null,"106":null,"107":null,"108":null,"109":null,"110":null,"111":null,"112":null,"113":null,"114":null,"115":{"x":398,"y":0,"width":122,"height":53},"116":{"x":520,"y":0,"width":91,"height":53},"117":{"x":611,"y":0,"width":181,"height":53},"118":null,"119":null,"120":null,"121":null,"122":null,"123":null,"124":null,"125":null,"126":null,"127":{"x":101,"y":56,"width":22,"height":513},"128":{"x":124,"y":56,"width":582,"height":513},"129":{"x":707,"y":56,"width":7,"height":513},"130":{"x":1,"y":708,"width":1643.296875,"height":21},"131":{"x":120,"y":17,"width":44,"height":18},"132":{"x":204,"y":17,"width":78,"height":18},"133":{"x":322,"y":17,"width":56,"height":18},"134":{"x":418,"y":17,"width":82,"height":18},"135":{"x":539,"y":17,"width":52,"height":18},"136":{"x":631,"y":17,"width":141,"height":18},"137":{"x":102,"y":57,"width":5,"height":19},"138":{"x":125,"y":81,"width":580,"height":473},"139":{"x":125,"y":81,"width":580,"height":29},"140":{"x":125,"y":134,"width":580,"height":32},"141":{"x":125,"y":180,"width":580,"height":32},"142":{"x":125,"y":226,"width":580,"height":64},"143":{"x":125,"y":304,"width":580,"height":32},"144":{"x":125,"y":350,"width":580,"height":16},"145":{"x":125,"y":380,"width":580,"height":174},"146":{"x":708,"y":303,"width":5,"height":19},"147":{"x":2,"y":709,"width":95,"height":19},"148":{"x":97,"y":709,"width":10,"height":19},"149":{"x":107,"y":709,"width":57,"height":19},"150":{"x":164,"y":709,"width":5,"height":19},"151":{"x":169,"y":709,"width":87,"height":19},"152":{"x":256,"y":709,"width":5,"height":19},"153":{"x":261,"y":709,"width":54,"height":19},"154":{"x":315,"y":709,"width":5,"height":19},"155":{"x":320,"y":709,"width":148,"height":19},"156":{"x":468,"y":709,"width":5,"height":19},"157":{"x":473,"y":709,"width":143,"height":19},"158":{"x":621,"y":709,"width":115,"height":19},"159":{"x":741,"y":709,"width":124,"height":19},"160":{"x":870,"y":709,"width":118,"height":19},"161":{"x":993,"y":709,"width":175,"height":19},"162":{"x":1173,"y":709,"width":161,"height":19},"163":{"x":1339,"y":709,"width":126,"height":19},"164":{"x":125,"y":81,"width":304,"height":29},"165":{"x":125,"y":134,"width":524,"height":32},"166":{"x":125,"y":180,"width":536,"height":32},"167":{"x":125,"y":226,"width":551,"height":64},"168":{"x":124,"y":304,"width":535,"height":32},"169":{"x":125,"y":350,"width":80,"height":16},"170":{"x":165,"y":380,"width":540,"height":16},"171":{"x":165,"y":396,"width":540,"height":16},"172":{"x":165,"y":412,"width":540,"height":16},"173":{"x":165,"y":428,"width":540,"height":16},"174":{"x":165,"y":444,"width":540,"height":16},"175":{"x":165,"y":460,"width":540,"height":16},"176":{"x":165,"y":476,"width":540,"height":16},"177":{"x":165,"y":492,"width":540,"height":16},"178":{"x":165,"y":508,"width":540,"height":46},"179":{"x":107,"y":709,"width":57,"height":19},"180":{"x":169,"y":709,"width":87,"height":19},"181":{"x":260,"y":709,"width":56,"height":19},"182":{"x":320,"y":709,"width":148,"height":19},"183":{"x":473,"y":709,"width":143,"height":19},"184":{"x":149,"y":380,"width":6,"height":16},"185":{"x":165,"y":380,"width":151,"height":16},"186":{"x":149,"y":396,"width":6,"height":16},"187":{"x":165,"y":396,"width":139,"height":16},"188":{"x":149,"y":412,"width":6,"height":16},"189":{"x":165,"y":412,"width":151,"height":16},"190":{"x":149,"y":428,"width":6,"height":16},"191":{"x":165,"y":428,"width":139,"height":16},"192":{"x":149,"y":444,"width":6,"height":16},"193":{"x":165,"y":444,"width":154,"height":16},"194":{"x":149,"y":460,"width":6,"height":16},"195":{"x":165,"y":460,"width":161,"height":16},"196":{"x":149,"y":476,"width":6,"height":16},"197":{"x":165,"y":476,"width":149,"height":16},"198":{"x":149,"y":492,"width":6,"height":16},"199":{"x":165,"y":492,"width":161,"height":16},"200":{"x":149,"y":508,"width":6,"height":16},"201":{"x":165,"y":508,"width":149,"height":16},"202":{"x":165,"y":538,"width":540,"height":16},"203":{"x":165,"y":538,"width":203,"height":16},"204":{"x":368,"y":538,"width":45,"height":16},"205":{"x":413,"y":538,"width":8,"height":16},"206":{"x":421,"y":538,"width":38,"height":16},"207":{"x":459,"y":538,"width":8,"height":16},"208":{"x":467,"y":538,"width":45,"height":16},"209":{"x":512,"y":538,"width":34,"height":16},"210":{"x":546,"y":538,"width":45,"height":16}}