{"3":{"x":0,"y":0,"width":1280,"height":720},"6":{"x":180,"y":290.8125,"width":920,"height":60.46875},"7":{"x":183,"y":551.453125,"width":914,"height":21.265625},"8":{"x":156,"y":16,"width":968,"height":903.59375},"9":{"x":180,"y":48.390625,"width":920,"height":111.25},"10":{"x":176,"y":35.390625,"width":396,"height":65},"11":{"x":180,"y":120.578125,"width":920,"height":39.0625},"12":{"x":195.828125,"y":125.578125,"width":36,"height":16},"14":{"x":268.484375,"y":125.578125,"width":65,"height":16},"16":{"x":370.140625,"y":125.578125,"width":48,"height":16},"17":{"x":180,"y":175.640625,"width":920,"height":526.140625},"18":{"x":180,"y":175.640625,"width":920,"height":44.796875},"19":{"x":180,"y":234.828125,"width":920,"height":466.953125},"20":{"x":180,"y":440.890625,"width":38.109375,"height":19.328125},"21":{"x":261.796875,"y":532.125,"width":6,"height":6},"22":{"x":180,"y":722.171875,"width":920,"height":173.421875},"23":{"x":480,"y":742.5625,"width":320,"height":49.1875},"24":{"x":480,"y":756.15625,"width":250,"height":22},"25":{"x":734,"y":756.15625,"width":66,"height":22},"26":{"x":612.5,"y":802.625,"width":55,"height":65},"27":{"x":473,"y":876.109375,"width":249,"height":16},"28":{"x":722,"y":876.109375,"width":80,"height":16},"29":{"x":802,"y":876.109375,"width":4,"height":16},"30":{"x":180,"y":529.453125,"width":920,"height":131.328125},"31":{"x":0,"y":0,"width":1280,"height":935.59375},"32":{"x":180,"y":234.828125,"width":920,"height":466.953125},"33":{"x":212,"y":235.828125,"width":14,"height":14},"34":{"x":226,"y":235.828125,"width":60,"height":14},"35":{"x":180,"y":259.140625,"width":920,"height":213.3125},"36":{"x":180,"y":362.796875,"width":920,"height":20.15625},"37":{"x":180,"y":394.46875,"width":920,"height":40.3125},"38":{"x":180,"y":488.453125,"width":920,"height":213.328125},"39":{"x":179,"y":491.453125,"width":88,"height":19},"41":{"x":272,"y":488.453125,"width":292,"height":25},"42":{"x":180,"y":529.453125,"width":920,"height":131.328125},"43":{"x":180,"y":548.453125,"width":920,"height":112.328125},"44":{"x":180,"y":676.78125,"width":920,"height":25},"46":{"x":180,"y":802.625,"width":920,"height":92.96875},"47":{"x":0,"y":16,"width":1280,"height":903.59375},"48":{"x":0,"y":16,"width":1,"height":1},"49":{"x":0,"y":16,"width":1280,"height":903.59375},"50":{"x":0,"y":16,"width":61,"height":76},"51":{"x":180,"y":175.640625,"width":920,"height":0},"52":null,"53":{"x":180,"y":48.390625,"width":920,"height":111.25},"54":{"x":180,"y":48.390625,"width":920,"height":40.1875},"55":{"x":180,"y":140.484375,"width":1,"height":1},"56":{"x":180,"y":175.640625,"width":0,"height":0},"57":{"x":180,"y":175.640625,"width":920,"height":526.140625},"58":{"x":180,"y":175.640625,"width":920,"height":526.140625},"59":{"x":180,"y":175.640625,"width":920,"height":44.796875},"60":{"x":180,"y":722.171875,"width":920,"height":173.421875},"61":{"x":180,"y":742.5625,"width":920,"height":49.1875},"62":{"x":180,"y":895.59375,"width":920,"height":0},"63":{"x":180,"y":48.390625,"width":920,"height":40.1875},"64":{"x":180,"y":48.390625,"width":920,"height":40.1875},"65":{"x":180,"y":120.578125,"width":920,"height":39.0625},"66":{"x":180,"y":175.640625,"width":920,"height":44.796875},"67":{"x":180,"y":234.828125,"width":920,"height":237.625},"68":{"x":180,"y":742.5625,"width":920,"height":49.1875},"69":{"x":180,"y":802.625,"width":920,"height":92.96875},"70":{"x":180,"y":802.625,"width":920,"height":92.96875},"71":{"x":180,"y":802.625,"width":920,"height":92.96875},"72":{"x":180,"y":895.59375,"width":920,"height":0},"73":{"x":180,"y":895.59375,"width":920,"height":0},"74":{"x":180,"y":35.390625,"width":392,"height":65},"75":{"x":180,"y":142.484375,"width":68,"height":61.59375},"76":{"x":180,"y":120.390625,"width":72.65625,"height":22.1875},"77":{"x":252.65625,"y":120.390625,"width":101.65625,"height":22.1875},"78":{"x":354.3125,"y":120.390625,"width":79.65625,"height":22.1875},"79":{"x":180,"y":178.640625,"width":335,"height":38},"80":null,"81":{"x":180,"y":234.828125,"width":920,"height":17.125},"82":{"x":180,"y":259.140625,"width":920,"height":175.640625},"83":{"x":180,"y":259.140625,"width":920,"height":20.15625},"84":{"x":180,"y":488.453125,"width":920,"height":25},"85":null,"86":null,"87":null,"88":null,"89":null,"90":null,"91":null,"92":null,"93":{"x":180,"y":802.625,"width":0,"height":0},"94":{"x":722,"y":876.109375,"width":80,"height":16},"95":{"x":181.4375,"y":118.390625,"width":64.78125,"height":30.375},"96":{"x":254.09375,"y":118.390625,"width":93.78125,"height":30.375},"97":{"x":355.75,"y":118.390625,"width":76.78125,"height":30.375},"98":{"x":180,"y":234.828125,"width":920,"height":17.125},"99":{"x":180,"y":261.140625,"width":462,"height":16},"100":{"x":180,"y":292.8125,"width":913,"height":56.3125},"101":{"x":180,"y":364.796875,"width":739,"height":16},"102":{"x":180,"y":396.46875,"width":60,"height":16},"103":{"x":180,"y":394.46875,"width":0,"height":0},"104":{"x":180,"y":416.625,"width":37,"height":16},"105":{"x":180,"y":442.890625,"width":38.109375,"height":14},"106":{"x":180,"y":491.453125,"width":87,"height":19},"107":{"x":180,"y":529.453125,"width":920,"height":131.328125},"108":{"x":180,"y":529.453125,"width":92.59375,"height":19},"109":{"x":180,"y":548.453125,"width":920,"height":112.328125},"110":null,"111":null,"112":null,"113":null,"114":null,"115":null,"116":null,"117":null,"118":null,"119":null,"120":null,"121":null,"122":null,"123":null,"124":null,"125":null,"126":null,"127":{"x":180,"y":676.78125,"width":55,"height":25},"128":{"x":480,"y":742.5625,"width":320,"height":49.1875},"129":{"x":180,"y":235.828125,"width":32,"height":14},"130":{"x":226,"y":235.828125,"width":60,"height":14},"131":{"x":180,"y":442.890625,"width":32,"height":14},"132":{"x":276,"y":491.453125,"width":284,"height":19},"133":{"x":180,"y":529.453125,"width":78,"height":19},"134":{"x":188,"y":679.78125,"width":39,"height":19},"135":null,"136":null,"137":{"x":480,"y":756.15625,"width":250,"height":22},"138":{"x":734,"y":756.15625,"width":66,"height":22},"139":{"x":180,"y":442.890625,"width":32,"height":14},"140":{"x":484,"y":759.15625,"width":242,"height":16},"141":{"x":484,"y":759.15625,"width":242,"height":16},"142":{"x":742,"y":759.15625,"width":50,"height":16}}