{"3":{"x":0,"y":0,"width":1536,"height":864},"4":{"x":0,"y":38.90625,"width":1536,"height":522.1875},"5":{"x":168,"y":38.90625,"width":1200,"height":522.1875},"6":{"x":783,"y":98.90625,"width":545,"height":358.1875},"7":{"x":768,"y":88.90625,"width":575,"height":392.1875},"8":{"x":0,"y":0,"width":1536,"height":600},"9":{"x":208,"y":88.90625,"width":1120,"height":392.1875},"10":{"x":208,"y":88.90625,"width":1120,"height":392.1875},"11":{"x":193,"y":88.90625,"width":1150,"height":392.1875},"12":{"x":783,"y":88.90625,"width":545,"height":392.1875},"13":{"x":40,"y":34.5,"width":103.828125,"height":19},"14":{"x":40,"y":20,"width":1456,"height":48},"15":{"x":40,"y":20,"width":1456,"height":48},"16":{"x":40,"y":20,"width":103.828125,"height":48},"17":{"x":143.828125,"y":20,"width":1352.171875,"height":48},"18":{"x":662.578125,"y":20,"width":833.421875,"height":48},"19":{"x":208,"y":670,"width":1120,"height":467},"20":{"x":0,"y":600,"width":1536,"height":663},"21":{"x":0,"y":600,"width":1536,"height":663},"22":{"x":0,"y":0,"width":1536,"height":864},"23":{"x":0,"y":0,"width":1536,"height":864},"24":{"x":0,"y":0,"width":1536,"height":1520},"25":{"x":0,"y":0,"width":1536,"height":88},"26":{"x":0,"y":0,"width":1536,"height":600},"27":{"x":0,"y":600,"width":1536,"height":663},"28":{"x":0,"y":1263,"width":1536,"height":257},"29":{"x":0,"y":1263,"width":1536,"height":257},"30":{"x":168,"y":1263,"width":1200,"height":257},"31":null,"32":null,"33":null,"34":null,"35":null,"36":null,"37":null,"38":null,"39":null,"40":null,"41":null,"42":null,"43":null,"44":null,"45":null,"46":null,"47":null,"48":null,"49":null,"50":null,"51":null,"52":null,"53":null,"54":null,"55":null,"56":{"x":0,"y":1520,"width":1536,"height":0},"57":{"x":40,"y":68,"width":1456,"height":0},"58":{"x":0,"y":0,"width":1536,"height":600},"59":{"x":0,"y":0,"width":1536,"height":600},"60":{"x":0,"y":600,"width":1536,"height":663},"61":{"x":208,"y":1323,"width":1120,"height":50},"62":{"x":208,"y":1323,"width":1120,"height":50},"63":{"x":208,"y":1373,"width":1120,"height":50},"64":{"x":208,"y":1373,"width":1120,"height":50},"65":{"x":208,"y":1423,"width":1120,"height":37},"66":{"x":208,"y":1423,"width":1120,"height":10},"67":{"x":1144,"y":1433,"width":135,"height":17},"68":{"x":1279,"y":1433,"width":49,"height":17},"69":{"x":208,"y":1450,"width":1120,"height":10},"70":null,"71":null,"72":{"x":0,"y":561.09375,"width":1536,"height":0},"73":{"x":0,"y":600,"width":1536,"height":663},"74":{"x":168,"y":600,"width":1200,"height":663},"75":{"x":193,"y":1323,"width":1150,"height":50},"76":{"x":193,"y":1323,"width":1150,"height":50},"77":{"x":193,"y":1373,"width":1150,"height":50},"78":{"x":193,"y":1373,"width":1150,"height":50},"79":{"x":1279,"y":1433,"width":49,"height":17},"80":{"x":40,"y":34.5,"width":103.828125,"height":19},"81":{"x":40,"y":34.5,"width":4,"height":19},"82":null,"83":null,"84":null,"85":{"x":662.578125,"y":25,"width":83.40625,"height":38},"86":{"x":754.984375,"y":25,"width":164,"height":38},"87":{"x":927.984375,"y":25,"width":88,"height":38},"88":{"x":1024.984375,"y":25,"width":107.203125,"height":38},"89":{"x":1141.1875,"y":25,"width":103.203125,"height":38},"90":{"x":1253.390625,"y":25,"width":147.203125,"height":38},"91":{"x":1409.59375,"y":25,"width":81.40625,"height":38},"92":{"x":208,"y":88.90625,"width":1120,"height":392.1875},"93":{"x":208,"y":88.90625,"width":1120,"height":392.1875},"94":{"x":208,"y":670,"width":1120,"height":523},"95":{"x":208,"y":670,"width":1120,"height":523},"96":{"x":208,"y":670,"width":1120,"height":523},"97":null,"98":{"x":208,"y":1203,"width":1120,"height":0},"99":{"x":193,"y":1323,"width":1150,"height":50},"100":{"x":193,"y":1323,"width":1150,"height":50},"101":{"x":193,"y":1373,"width":1150,"height":50},"102":{"x":193,"y":1373,"width":1150,"height":50},"103":{"x":662.578125,"y":25,"width":83.40625,"height":38},"104":{"x":754.984375,"y":25,"width":164,"height":38},"105":{"x":927.984375,"y":25,"width":88,"height":38},"106":{"x":1024.984375,"y":25,"width":107.203125,"height":38},"107":{"x":1141.1875,"y":25,"width":103.203125,"height":38},"108":{"x":1253.390625,"y":25,"width":147.203125,"height":38},"109":{"x":1409.59375,"y":25,"width":81.40625,"height":38},"110":{"x":193,"y":88.90625,"width":1150,"height":392.1875},"111":{"x":208,"y":670,"width":1120,"height":467},"112":null,"113":null,"114":{"x":208,"y":1147,"width":1120,"height":46},"115":{"x":193,"y":1323,"width":575,"height":50},"116":{"x":768,"y":1323,"width":575,"height":50},"117":{"x":193,"y":1373,"width":575,"height":50},"118":{"x":768,"y":1373,"width":575,"height":50},"119":{"x":683.578125,"y":36,"width":41.40625,"height":15},"120":{"x":775.984375,"y":36,"width":122,"height":15},"121":{"x":948.984375,"y":36,"width":46,"height":15},"122":{"x":1045.984375,"y":36,"width":65.203125,"height":15},"123":{"x":1162.1875,"y":36,"width":61.203125,"height":15},"124":{"x":1274.390625,"y":36,"width":105.203125,"height":15},"125":{"x":1430.59375,"y":36,"width":39.40625,"height":15},"126":{"x":193,"y":88.90625,"width":1150,"height":392.1875},"127":{"x":193,"y":88.90625,"width":1150,"height":392.1875},"128":null,"129":null,"130":null,"131":null,"132":{"x":-9831,"y":600,"width":4,"height":4},"133":{"x":209,"y":1148,"width":108.171875,"height":40},"134":{"x":239,"y":1160,"width":48.171875,"height":15},"135":{"x":208,"y":1323,"width":545,"height":50},"136":{"x":783,"y":1323,"width":545,"height":50},"137":{"x":208,"y":1373,"width":545,"height":50},"138":{"x":783,"y":1373,"width":545,"height":50},"139":{"x":193,"y":88.90625,"width":575,"height":392.1875},"140":{"x":208,"y":670,"width":1120,"height":30},"141":{"x":208,"y":735,"width":187,"height":12},"142":{"x":208,"y":762,"width":1120,"height":116},"143":{"x":208,"y":762,"width":400,"height":116},"144":{"x":208,"y":764,"width":168,"height":16},"145":{"x":208,"y":795,"width":400,"height":83},"146":null,"147":{"x":208,"y":893,"width":1120,"height":78},"148":{"x":208,"y":893,"width":400,"height":78},"149":{"x":208,"y":895,"width":231,"height":16},"150":{"x":208,"y":921,"width":400,"height":50},"151":null,"152":{"x":208,"y":976,"width":1120,"height":78},"153":{"x":208,"y":976,"width":400,"height":78},"154":{"x":208,"y":978,"width":62,"height":16},"155":{"x":208,"y":1004,"width":400,"height":50},"156":null,"157":{"x":208,"y":1059,"width":1120,"height":78},"158":{"x":208,"y":1059,"width":400,"height":28},"159":{"x":208,"y":1061,"width":61,"height":16},"160":{"x":208,"y":1087,"width":400,"height":0},"161":{"x":208,"y":1087,"width":160,"height":50},"162":{"x":388,"y":1087,"width":220,"height":50},"163":null,"164":{"x":208,"y":1137,"width":1120,"height":0},"165":{"x":-9829,"y":602,"width":46,"height":15},"166":{"x":783,"y":88.90625,"width":545,"height":392.1875},"167":{"x":208,"y":670,"width":245,"height":29},"168":{"x":208,"y":733,"width":7,"height":15},"169":{"x":213,"y":733,"width":183,"height":15},"170":{"x":208,"y":762,"width":161,"height":19},"171":{"x":369,"y":762,"width":7,"height":19},"172":{"x":208,"y":795,"width":400,"height":23},"173":{"x":208,"y":795,"width":20,"height":20},"174":{"x":233,"y":800,"width":26,"height":19},"175":{"x":233,"y":800,"width":26,"height":19},"176":{"x":208,"y":825,"width":400,"height":23},"177":{"x":208,"y":825,"width":20,"height":20},"178":{"x":233,"y":830,"width":23,"height":19},"179":{"x":233,"y":830,"width":23,"height":19},"180":{"x":208,"y":855,"width":400,"height":23},"181":{"x":208,"y":855,"width":20,"height":20},"182":{"x":233,"y":860,"width":54,"height":19},"183":{"x":233,"y":860,"width":54,"height":19},"184":{"x":208,"y":893,"width":224,"height":19},"185":{"x":432,"y":893,"width":7,"height":19},"186":{"x":208,"y":921,"width":100,"height":40},"187":{"x":208,"y":976,"width":55,"height":19},"188":{"x":263,"y":976,"width":7,"height":19},"189":{"x":208,"y":1004,"width":370,"height":40},"190":{"x":208,"y":1059,"width":54,"height":19},"191":{"x":262,"y":1059,"width":7,"height":19},"192":{"x":208,"y":1087,"width":160,"height":40},"193":null,