{"3":{"x":0,"y":0,"width":1366,"height":768},"5":{"x":356.5,"y":76,"width":572,"height":38},"7":{"x":10,"y":6.25,"width":32,"height":32},"8":{"x":683,"y":164,"width":565,"height":126.390625},"9":{"x":683,"y":376.390625,"width":169.5,"height":32},"12":{"x":1238,"y":0,"width":118,"height":44},"13":{"x":1238,"y":0,"width":118,"height":44},"14":{"x":1296,"y":6,"width":55,"height":30},"15":{"x":341.5,"y":60,"width":683,"height":70},"16":{"x":356.5,"y":76,"width":653,"height":38},"17":{"x":927.5,"y":76,"width":82,"height":38},"18":{"x":927.5,"y":76,"width":82,"height":38},"19":{"x":683,"y":164,"width":678,"height":810},"20":{"x":698,"y":250.390625,"width":535,"height":24},"21":{"x":1248,"y":164,"width":113,"height":126.390625},"22":{"x":1263,"y":164,"width":24,"height":67},"23":{"x":1264,"y":166.5,"width":22,"height":22},"24":{"x":1264,"y":197,"width":22,"height":1},"25":{"x":683,"y":290.390625,"width":678,"height":118},"26":{"x":683,"y":290.390625,"width":169.5,"height":86},"27":{"x":852.5,"y":290.390625,"width":508.5,"height":78},"29":{"x":1106.5,"y":294.390625,"width":73,"height":31},"31":{"x":1192.5,"y":294.390625,"width":91,"height":31},"33":{"x":871.5,"y":333.390625,"width":55,"height":31},"35":{"x":939.5,"y":333.390625,"width":65,"height":31},"37":{"x":1017.5,"y":333.390625,"width":81,"height":31},"38":{"x":1111.5,"y":333.390625,"width":92,"height":31},"40":{"x":1216.5,"y":333.390625,"width":52,"height":31},"41":{"x":852.5,"y":376.390625,"width":508.5,"height":24},"42":{"x":698,"y":424.390625,"width":648,"height":158},"43":{"x":971,"y":486.390625,"width":102,"height":19},"44":{"x":719,"y":523.390625,"width":606,"height":38},"45":{"x":719,"y":523.390625,"width":194.75,"height":38},"46":{"x":762.375,"y":532.390625,"width":108,"height":19},"47":{"x":912.75,"y":523.390625,"width":130.75,"height":38},"48":{"x":956.125,"y":532.390625,"width":44,"height":19},"49":{"x":1042.5,"y":523.390625,"width":150.75,"height":38},"50":{"x":1085.875,"y":532.390625,"width":64,"height":19},"51":{"x":1192.25,"y":523.390625,"width":132.75,"height":38},"52":{"x":1235.625,"y":532.390625,"width":46,"height":19},"53":{"x":20,"y":1006,"width":1326,"height":0},"54":{"x":5,"y":1038,"width":1356,"height":175.59375},"55":{"x":5,"y":1062,"width":678,"height":151.59375},"56":{"x":683,"y":1062,"width":678,"height":151.59375},"57":{"x":698,"y":1103.59375,"width":648,"height":102},"58":{"x":0,"y":1231.59375,"width":1366,"height":143.984375},"59":{"x":0,"y":0,"width":1366,"height":44},"60":{"x":10,"y":5.75,"width":185,"height":32.5},"61":{"x":1243,"y":11,"width":43,"height":19},"62":{"x":0,"y":44,"width":1366,"height":102},"63":{"x":0,"y":146,"width":1366,"height":1085.59375},"64":{"x":5,"y":164,"width":678,"height":810},"65":{"x":698,"y":210.390625,"width":535,"height":24},"66":{"x":722,"y":212.390625,"width":78,"height":19},"67":{"x":799,"y":212.390625,"width":360,"height":19},"69":{"x":932.5,"y":294.390625,"width":74,"height":31},"71":{"x":1019.5,"y":294.390625,"width":74,"height":31},"72":{"x":719,"y":477.390625,"width":606,"height":38},"74":{"x":0,"y":0,"width":1366,"height":1375.578125},"75":{"x":0,"y":0,"width":1366,"height":1375.578125},"76":null,"77":null,"78":null,"79":null,"80":null,"81":{"x":0,"y":146,"width":1366,"height":0},"82":null,"83":null,"84":null,"85":null,"86":null,"87":null,"88":null,"89":null,"90":null,"91":null,"92":null,"93":null,"94":null,"95":null,"96":null,"97":null,"98":null,"99":null,"100":null,"101":null,"102":null,"103":null,"104":null,"105":null,"106":null,"107":null,"108":null,"109":null,"110":null,"111":null,"112":null,"113":null,"114":null,"115":null,"116":null,"117":null,"118":{"x":0,"y":60,"width":1366,"height":70},"119":{"x":5,"y":164,"width":1356,"height":810},"120":{"x":0,"y":1231.59375,"width":1366,"height":95.984375},"121":{"x":0,"y":1335.578125,"width":1366,"height":40},"122":{"x":10,"y":5.75,"width":185,"height":32.5},"123":{"x":1243,"y":11,"width":43,"height":19},"124":{"x":356.5,"y":76,"width":653,"height":38},"125":{"x":683,"y":164,"width":678,"height":126.390625},"126":{"x":303,"y":1023,"width":760,"height":0},"127":{"x":20,"y":1062,"width":648,"height":33.59375},"128":{"x":20,"y":1119.59375,"width":648,"height":56},"129":{"x":698,"y":1062,"width":648,"height":33.59375},"130":{"x":0,"y":1231.59375,"width":1366,"height":95.984375},"131":{"x":542.5625,"y":1334.390625,"width":38.375,"height":25.375},"132":{"x":580.9375,"y":1337.578125,"width":5,"height":19},"133":{"x":585.9375,"y":1334.390625,"width":64.375,"height":25.375},"134":{"x":650.3125,"y":1337.578125,"width":5,"height":19},"135":{"x":655.3125,"y":1334.390625,"width":66.375,"height":25.375},"136":{"x":721.6875,"y":1337.578125,"width":5,"height":19},"137":{"x":726.6875,"y":1334.390625,"width":64.375,"height":25.375},"138":{"x":791.0625,"y":1334.390625,"width":32.375,"height":25.375},"139":{"x":42,"y":8.75,"width":6,"height":24},"140":{"x":58,"y":8.75,"width":138,"height":24},"141":{"x":1308,"y":11,"width":30,"height":19},"142":{"x":698,"y":164,"width":535,"height":38.390625},"143":{"x":1263,"y":164,"width":83,"height":67},"144":{"x":699,"y":425.390625,"width":646,"height":156},"145":{"x":719,"y":445.390625,"width":606,"height":24},"146":{"x":303,"y":1023,"width":760,"height":0},"147":{"x":20,"y":1062,"width":118,"height":33},"148":{"x":20,"y":1119.59375,"width":648,"height":56},"149":{"x":698,"y":1062,"width":152,"height":33},"150":{"x":699,"y":1104.59375,"width":646,"height":100},"151":{"x":719,"y":1124.59375,"width":606,"height":48},"152":{"x":362,"y":1274.78125,"width":342,"height":28},"153":{"x":704,"y":1274.78125,"width":300,"height":28},"154":{"x":545.75,"y":1337.578125,"width":32,"height":19},"155":{"x":589.125,"y":1337.578125,"width":58,"height":19},"156":{"x":658.5,"y":1337.578125,"width":60,"height":19},"157":{"x":729.875,"y":1337.578125,"width":58,"height":19},"158":{"x":794.25,"y":1337.578125,"width":26,"height":19},"159":{"x":698,"y":164,"width":177,"height":38},"160":{"x":698,"y":212.390625,"width":24,"height":19},"161":{"x":722,"y":212.390625,"width":77,"height":19},"162":{"x":698,"y":252.390625,"width":161,"height":19},"163":null,"164":null,"165":null,"166":null,"167":null,"168":null,"169":null,"170":null,"171":null,"172":null,"173":null,"174":null,"175":null,"176":null,"177":null,"178":null,"179":null,"180":null,"181":null,"182":null,"183":null,"184":null,"185":null,"186":null,"187":null,"188":null,"189":null,"190":null,"191":null,"192":null,"193":null,"194":{"x":698,"y":292.390625,"width":41,"height":19},"195":{"x":871.5,"y":294.390625,"width":48,"height":31},"196":{"x":698,"y":378.390625,"width":135,"height":19},"197":{"x":866.5,"y":378.390625,"width":27,"height":19},"198":{"x":719,"y":445.390625,"width":99,"height":24},"199":{"x":303,"y":1023,"width":760,"height":0},"200":{"x":20,"y":1119.59375,"width":64,"height":31.671875},"201":{"x":100,"y":1119.59375,"width":568,"height":56},"202":{"x":100,"y":1119.59375,"width":568,"height":48},"203":{"x":100,"y":1171.59375,"width":568,"height":0},"204":{"x":719,"y":1124.59375,"width":208,"height":24},"205":{"x":927,"y":1124.59375,"width":50,"height":24},"206":{"x":719,"y":1124.59375,"width":552,"height":48},"207":{"x":704,"y":1274.78125,"width":300,"height":28},"208":{"x":369.5,"y":85.5,"width":546,"height":19},"209":{"x":369.5,"y":85.5,"width":546,"height":19},"210":{"x":940.5,"y":85,"width":56,"height":19},"211":{"x":1270,"y":208,"width":10,"height":19},"212":{"x":880.5,"y":301.390625,"width":30,"height":16},"213":{"x":941.5,"y":301.390625,"width":56,"height":16},"214":{"x":1028.5,"y":301.390625,"width":56,"height":16},"215":{"x":1115.5,"y":301.390625,"width":55,"height":16},"216":{"x":1201.5,"y":301.390625,"width":73,"height":16},"217":{"x":880.5,"y":340.390625,"width":38,"height":16},"218":{"x":948.5,"y":340.390625,"width":47,"height":16},"219":{"x":1026.5,"y":340.390625,"width":63,"height":16},"220":{"x":1120.5,"y":340.390625,"width":74,"height":16},"221":{"x":1225.5,"y":340.390625,"width":34,"height":16},