{"3":{"x":0,"y":0,"width":1280,"height":720},"4":{"x":212,"y":263.6875,"width":546,"height":982.015625},"5":{"x":212,"y":509.421875,"width":546,"height":36.96875},"16":{"x":160,"y":30,"width":960,"height":1683.6875},"17":{"x":160,"y":30,"width":960,"height":1683.6875},"18":{"x":160,"y":30,"width":960,"height":1683.6875},"19":{"x":160,"y":30,"width":960,"height":1683.6875},"20":{"x":200,"y":40,"width":880,"height":159.1875},"21":{"x":200,"y":40,"width":880,"height":159.1875},"22":{"x":200,"y":40,"width":880,"height":159.1875},"23":{"x":200,"y":199.1875,"width":880,"height":1397.703125},"24":{"x":200,"y":199.1875,"width":880,"height":1397.703125},"25":{"x":200,"y":199.1875,"width":880,"height":1397.703125},"26":{"x":200,"y":234.1875,"width":880,"height":1297.703125},"27":{"x":200,"y":234.1875,"width":570,"height":1297.703125},"28":{"x":770,"y":234.1875,"width":310,"height":1297.703125},"29":{"x":200,"y":234.1875,"width":570,"height":1297.703125},"30":{"x":212,"y":234.1875,"width":546,"height":1102.109375},"31":{"x":212,"y":234.1875,"width":546,"height":13},"32":{"x":212,"y":263.6875,"width":546,"height":25},"33":{"x":212,"y":304.875,"width":546,"height":879.171875},"34":{"x":212,"y":323.359375,"width":546,"height":33.59375},"35":{"x":770,"y":234.1875,"width":310,"height":860.625},"36":{"x":800,"y":234.1875,"width":250,"height":97.171875},"37":{"x":800,"y":234.1875,"width":250,"height":13},"38":{"x":800,"y":361.359375,"width":250,"height":19.65625},"39":{"x":800,"y":361.359375,"width":250,"height":19.65625},"40":{"x":800,"y":411.015625,"width":250,"height":604.796875},"41":{"x":800,"y":411.015625,"width":160,"height":600},"42":{"x":800,"y":411.015625,"width":160,"height":600},"43":{"x":800,"y":411.015625,"width":160,"height":600},"44":{"x":785,"y":1045.8125,"width":280,"height":49},"45":{"x":800,"y":1045.8125,"width":109.5,"height":20.390625},"46":{"x":940.5,"y":1045.8125,"width":109.5,"height":45},"47":{"x":940.5,"y":1045.8125,"width":109.5,"height":13},"48":{"x":212,"y":970.828125,"width":546,"height":33.671875},"49":{"x":0,"y":0,"width":1280,"height":720},"50":{"x":0,"y":0,"width":1280,"height":1713.6875},"51":null,"52":{"x":0,"y":0,"width":1280,"height":30},"53":null,"54":null,"55":{"x":0,"y":0,"width":1280,"height":1713.6875},"56":{"x":0,"y":30,"width":1280,"height":1683.6875},"57":null,"58":null,"59":null,"60":null,"61":null,"62":{"x":0,"y":0,"width":1280,"height":30},"63":{"x":0,"y":0,"width":1280,"height":1713.6875},"64":{"x":0,"y":30,"width":1280,"height":1683.6875},"65":{"x":0,"y":0,"width":1280,"height":30},"66":{"x":0,"y":0,"width":1280,"height":400},"67":{"x":0,"y":0,"width":1280,"height":1713.6875},"68":{"x":0,"y":1713.6875,"width":1280,"height":0},"69":{"x":160,"y":30,"width":960,"height":0},"70":{"x":160,"y":1713.6875,"width":960,"height":0},"71":{"x":0,"y":0,"width":1280,"height":30},"72":{"x":0,"y":0,"width":1280,"height":400},"73":{"x":1280,"y":0,"width":0,"height":400},"74":{"x":1280,"y":0,"width":0,"height":1713.6875},"75":{"x":0,"y":0,"width":1280,"height":1713.6875},"76":{"x":0,"y":1713.6875,"width":0,"height":0},"77":{"x":1280,"y":1713.6875,"width":0,"height":0},"78":{"x":160,"y":30,"width":960,"height":0},"79":{"x":160,"y":1713.6875,"width":960,"height":0},"80":{"x":160,"y":30,"width":0,"height":0},"81":{"x":1120,"y":30,"width":0,"height":0},"82":{"x":1120,"y":30,"width":0,"height":1683.6875},"83":{"x":160,"y":30,"width":960,"height":1683.6875},"84":{"x":200,"y":40,"width":880,"height":159.1875},"85":{"x":200,"y":199.1875,"width":880,"height":0},"86":{"x":200,"y":1596.890625,"width":880,"height":107.796875},"87":{"x":160,"y":1713.6875,"width":0,"height":0},"88":{"x":1120,"y":1713.6875,"width":0,"height":0},"89":{"x":160,"y":30,"width":0,"height":0},"90":{"x":1120,"y":30,"width":0,"height":0},"91":{"x":1120,"y":30,"width":0,"height":1683.6875},"92":{"x":160,"y":30,"width":960,"height":1683.6875},"93":{"x":160,"y":1713.6875,"width":0,"height":0},"94":{"x":1120,"y":1713.6875,"width":0,"height":0},"95":{"x":200,"y":199.1875,"width":880,"height":0},"96":{"x":200,"y":199.1875,"width":880,"height":0},"97":{"x":200,"y":199.1875,"width":880,"height":0},"98":{"x":200,"y":199.1875,"width":880,"height":0},"99":{"x":200,"y":1596.890625,"width":880,"height":0},"100":{"x":200,"y":1596.890625,"width":880,"height":107.796875},"101":{"x":200,"y":40,"width":880,"height":0},"102":{"x":200,"y":199.1875,"width":880,"height":0},"103":{"x":200,"y":199.1875,"width":0,"height":0},"104":{"x":1080,"y":199.1875,"width":0,"height":0},"105":{"x":1080,"y":199.1875,"width":0,"height":0},"106":{"x":200,"y":199.1875,"width":880,"height":0},"107":{"x":230,"y":199.1875,"width":820,"height":0},"108":{"x":230,"y":199.1875,"width":820,"height":0},"109":{"x":200,"y":199.1875,"width":0,"height":0},"110":{"x":1080,"y":199.1875,"width":0,"height":0},"111":{"x":200,"y":199.1875,"width":0,"height":0},"112":{"x":1080,"y":199.1875,"width":0,"height":0},"113":{"x":1080,"y":199.1875,"width":0,"height":1397.703125},"114":{"x":200,"y":1596.890625,"width":0,"height":0},"115":{"x":1080,"y":1596.890625,"width":0,"height":0},"116":{"x":200,"y":1597.890625,"width":880,"height":0},"117":{"x":200,"y":1597.890625,"width":880,"height":106.796875},"118":{"x":200,"y":1704.6875,"width":880,"height":0},"119":{"x":200,"y":40,"width":0,"height":0},"120":{"x":1080,"y":40,"width":0,"height":0},"121":{"x":1080,"y":40,"width":0,"height":159.1875},"122":{"x":200,"y":40,"width":880,"height":159.1875},"123":{"x":200,"y":40,"width":880,"height":159.1875},"124":{"x":200,"y":199.1875,"width":0,"height":0},"125":{"x":1080,"y":199.1875,"width":0,"height":0},"126":{"x":200,"y":1597.890625,"width":0,"height":0},"127":{"x":1080,"y":1597.890625,"width":0,"height":0},"128":{"x":1080,"y":1597.890625,"width":0,"height":106.796875},"129":{"x":200,"y":1597.890625,"width":880,"height":106.796875},"130":{"x":230,"y":1627.890625,"width":820,"height":0},"131":{"x":215,"y":1627.890625,"width":850,"height":0},"132":{"x":230,"y":1657.890625,"width":820,"height":16.796875},"133":{"x":200,"y":1704.6875,"width":0,"height":0},"134":{"x":1080,"y":1704.6875,"width":0,"height":0},"135":{"x":200,"y":234.1875,"width":0,"height":1297.703125},"136":{"x":200,"y":234.1875,"width":570,"height":0},"137":{"x":200,"y":234.1875,"width":0,"height":0},"138":{"x":200,"y":1531.890625,"width":570,"height":0},"139":{"x":215,"y":1627.890625,"width":850,"height":0},"140":{"x":215,"y":1627.890625,"width":850,"height":0},"141":{"x":230,"y":1657.890625,"width":820,"height":16.796875},"142":{"x":200,"y":40,"width":880,"height":159.1875},"143":{"x":200,"y":234.1875,"width":570,"height":0},"144":{"x":200,"y":234.1875,"width":570,"height":1297.703125},"145":{"x":200,"y":1531.890625,"width":570,"height":0},"146":{"x":200,"y":234.1875,"width":0,"height":0},"147":{"x":200,"y":234.1875,"width":0,"height":1297.703125},"148":{"x":200,"y":1531.890625,"width":0,"height":0},"149":{"x":770,"y":234.1875,"width":310,"height":0},"150":{"x":770,"y":234.1875,"width":310,"height":1297.703125},"151":{"x":770,"y":1531.890625,"width":310,"height":0},"152":{"x":200,"y":234.1875,"width":570,"height":1297.703125},"153":{"x":212,"y":234.1875,"width":546,"height":1297.703125},"154":{"x":200,"y":234.1875,"width":30,"height":0},"155":{"x":215,"y":234.1875,"width":0,"height":0},"156":{"x":770,"y":234.1875,"width":310,"height":860.625},"157":{"x":785,"y":234.1875,"width":280,"height":860.625},"158":{"x":215,"y":1627.890625,"width":424.5,"height":0},"159":{"x":639.5,"y":1627.890625,"width":425.5,"height":0},"160":{"x":230,"y":1657.890625,"width":820,"height":16.796875},"161":{"x":230,"y":1674.6875,"width":820,"height":0},"162":{"x":200,"y":40,"width":880,"height":100},"163":{"x":200,"y":62,"width":880,"height":46},"164":{"x":200,"y":149,"width":880,"height":25.1875},"165":{"x":200,"y":149,"width":880,"height":25.1875},"166":{"x":200,"y":234.1875,"width":0,"height":0},"167":{"x":770,"y":234.1875,"width":0,"height":0},"168":{"x":770,"y":234.1875,"width":0,"height":1297.703125},