{"3":{"x":0,"y":0,"width":1366,"height":768},"5":{"x":0,"y":0,"width":1366,"height":768},"6":{"x":499,"y":373.984375,"width":368,"height":32},"7":{"x":459,"y":634,"width":448,"height":24},"8":{"x":648.5,"y":222,"width":69,"height":30},"9":{"x":610.5,"y":263.984375,"width":145,"height":19},"10":{"x":499,"y":466.984375,"width":75.5,"height":20},"11":{"x":699.25,"y":515.984375,"width":167.75,"height":48},"13":{"x":730,"y":658,"width":193,"height":22.796875},"14":{"x":787,"y":658,"width":72,"height":22.796875},"15":{"x":859,"y":658,"width":64,"height":22.796875},"17":{"x":501,"y":319.984375,"width":364,"height":52},"19":{"x":459,"y":134,"width":448,"height":4},"20":{"x":443,"y":650,"width":163,"height":32.796875},"21":{"x":443,"y":650,"width":163,"height":32.796875},"23":{"x":459,"y":134,"width":448,"height":8},"24":{"x":459,"y":658,"width":147,"height":16.796875},"25":{"x":788.390625,"y":515.984375,"width":78.609375,"height":48},"26":{"x":788.390625,"y":521.984375,"width":78.609375,"height":36},"27":{"x":491,"y":515.984375,"width":208.25,"height":48},"28":{"x":491,"y":515.984375,"width":208.25,"height":48},"29":{"x":491,"y":521.984375,"width":119.109375,"height":36},"30":{"x":491,"y":521.984375,"width":119.109375,"height":36},"31":{"x":499,"y":182,"width":368,"height":401.984375},"32":{"x":645.5,"y":182,"width":75,"height":24},"33":{"x":645.5,"y":182,"width":75,"height":24},"34":{"x":0,"y":0,"width":1366,"height":768},"35":{"x":0,"y":0,"width":1366,"height":768},"36":{"x":0,"y":0,"width":1366,"height":768},"37":{"x":0,"y":768,"width":1366,"height":0},"38":null,"39":null,"40":null,"41":{"x":0,"y":768,"width":1366,"height":0},"42":{"x":0,"y":0,"width":4,"height":4},"43":null,"44":{"x":0,"y":0,"width":169,"height":20},"45":{"x":0,"y":0,"width":169,"height":20},"46":{"x":0,"y":2,"width":169,"height":16},"47":{"x":459,"y":134,"width":448,"height":8},"48":{"x":459,"y":134,"width":448,"height":8},"49":{"x":-191.346435546875,"y":134,"width":448,"height":8},"50":{"x":14.73358154296875,"y":134,"width":35.8399658203125,"height":8},"51":{"x":213.0977783203125,"y":134,"width":448,"height":8},"52":{"x":419.17779541015625,"y":134,"width":35.8399658203125,"height":8},"53":{"x":499,"y":182,"width":368,"height":24},"54":{"x":499,"y":206,"width":368,"height":377.984375},"55":{"x":645.5,"y":182,"width":75,"height":24},"56":{"x":645.5,"y":182,"width":75,"height":24},"57":{"x":707.541015625,"y":188.72900390625,"width":10.9940185546875,"height":11.919998168945312},"58":{"x":707.541015625,"y":188.72900390625,"width":10.9940185546875,"height":11.919998168945312},"59":{"x":703.6929931640625,"y":182.6699981689453,"width":2.56402587890625,"height":17.44000244140625},"60":{"x":703.6929931640625,"y":182.6699981689453,"width":2.56402587890625,"height":17.44000244140625},"61":{"x":690.718017578125,"y":188.73599243164062,"width":11.4110107421875,"height":17.253005981445312},"62":{"x":690.718017578125,"y":188.73599243164062,"width":11.4110107421875,"height":17.253005981445312},"63":{"x":677.7169799804688,"y":188.73500061035156,"width":11.91400146484375,"height":11.919998168945312},"64":{"x":677.7169799804688,"y":188.73500061035156,"width":11.91400146484375,"height":11.919998168945312},"65":{"x":664.7160034179688,"y":188.7080078125,"width":11.90899658203125,"height":11.919998168945312},"66":{"x":664.7160034179688,"y":188.7080078125,"width":11.90899658203125,"height":11.919998168945312},"67":{"x":645.510986328125,"y":182,"width":18.09002685546875,"height":18.58099365234375},"68":{"x":645.510986328125,"y":182,"width":18.09002685546875,"height":18.58099365234375},"69":{"x":499,"y":206,"width":368,"height":377.984375},"70":{"x":499,"y":206,"width":368,"height":79.984375},"71":{"x":499,"y":206,"width":368,"height":79.984375},"72":{"x":499,"y":206,"width":368,"height":47.984375},"73":{"x":499,"y":253.984375,"width":368,"height":32},"74":{"x":499,"y":309.984375,"width":368,"height":180},"75":{"x":499,"y":309.984375,"width":368,"height":96},"76":{"x":499,"y":309.984375,"width":368,"height":96},"77":{"x":499,"y":437.984375,"width":368,"height":52},"78":{"x":499,"y":437.984375,"width":368,"height":52},"79":{"x":491,"y":515.984375,"width":376,"height":68},"80":{"x":491,"y":515.984375,"width":376,"height":48},"81":{"x":491,"y":515.984375,"width":208.25,"height":48},"82":{"x":499,"y":309.984375,"width":368,"height":96},"83":{"x":499,"y":448.984375,"width":346,"height":16},"84":{"x":491,"y":515.984375,"width":208.25,"height":48},"85":{"x":491,"y":563.984375,"width":208.25,"height":0},"86":null,"87":null,"88":null,"89":null,"90":null,"91":null,"92":null,"93":null,"94":null,"95":null,"96":null,"97":null,"98":null,"99":null,"100":null,"101":{"x":730,"y":658,"width":57,"height":22.796875},"102":null,"103":{"x":459,"y":309.984375,"width":448,"height":96},"104":{"x":499,"y":309.984375,"width":368,"height":96},"105":{"x":499,"y":309.984375,"width":368,"height":64},"106":{"x":499,"y":317.984375,"width":368,"height":56},"107":{"x":499,"y":373.984375,"width":368,"height":0},"108":null,"109":null,"110":null,"111":null,"112":null,"113":null,"114":null,"115":null,"116":null,"117":null,"118":null,"119":null,"120":null,"121":null,"122":null,"123":null,"124":null,"125":null,"126":null,"127":null,"128":null,"129":null,"130":null,"131":null,"132":null,"133":null,"134":null,"135":null,"136":null,"137":null,"138":null,"139":null,"140":null,"141":null,"142":null,"143":null,"144":null,"145":null,"146":null,"147":null,"148":null,"149":null,"150":null,"151":null,"152":null,"153":null,"154":null,"155":null,"156":null,"157":null,"158":null,"159":null,"160":null,"161":null,"162":null,"163":null,"164":null,"165":null,"166":null,"167":null,"168":null,"169":null,"170":null,"171":null,"172":null,"173":null,"174":null,"175":null,"176":null,"177":null,"178":null,"179":null,"180":null,"181":null,"182":null,"183":null,"184":null,"185":null,"186":null,"187":null,"188":null,"189":null,"190":null,"191":null,"192":null,"193":null,"194":null,"195":null,"196":null,"197":null,"198":null,"199":{"x":499,"y":468.984375,"width":75.5,"height":16},"200":{"x":443,"y":-99349,"width":0,"height":0},"201":{"x":443,"y":-99349,"width":0,"height":0},"202":{"x":443,"y":-99349,"width":0,"height":0},"203":{"x":443,"y":-99349,"width":0,"height":0},"204":{"x":443,"y":-99349,"width":0,"height":0},"205":{"x":443,"y":-99349,"width":0,"height":0},"206":{"x":443,"y":-99349,"width":0,"height":0},"207":{"x":443,"y":-99349,"width":0,"height":0},"208":{"x":443,"y":-99349,"width":0,"height":0},"209":{"x":443,"y":-99316.203125,"width":0,"height":0},"210":{"x":443,"y":-99316.203125,"width":0,"height":0},"211":{"x":443,"y":-99316.203125,"width":0,"height":0},"212":{"x":443,"y":-99316.203125,"width":0,"height":0},"213":{"x":443,"y":-99316.203125,"width":0,"height":0},"214":{"x":443,"y":-99316.203125,"width":0,"height":0},"215":{"x":443,"y":-99316.203125,"width":0,"height":0},"216":{"x":443,"y":-99316.203125,"width":0,"height":0},"217":{"x":443,"y":-99316.203125,"width":0,"height":0},"218":{"x":443,"y":-99316.203125,"width":0,"height":0},"219":{"x":443,"y":-99316.203125,"width":0,"height":0},"220":{"x":443,"y":-99316.203125,"width":0,"height":0},"221":{"x":443,"y":-99316.203125,"width":0,"height":0},"222":{"x":443,"y":-99316.203125,"width":0,"height":0},"223":{"x":443,"y":-99316.203125,"width":0,"height":0},"224":{"x":443,"y":-99316.203125,"width":0,"height":0},"225":{"x":443,"y":-99316.203125,"width":0,"height":0},"226":{"x":443,"y":-99316.203125,"width":0,"height":0},"227":{"x":443,"y":-99316.203125,"width":0,"height":0},"228":{"x":443,"y":-99316.203125,"width":0,"height":0},"229":{"x":443,"y":-99316.203125,"width":0,"height":0},"230":{"x":443,"y":-99316.203125,"width":0,"height":0},"231":{"x":443,"y":-99316.203125,"width":0,"height":0},"232":{"x":443,"y":-99316.203125,"width":0,"height":0},"233":{"x":443,"y":-99316.203125,"width":0,"height":0},"234":{"x":443,"y":-99316.203125,"width":0,"height":0},"235":{"x":443,"y":-99316.203125,"width":0,"height":0},"236":{"x":443,