{"3":{"x":0,"y":0,"width":1280,"height":720},"5":{"x":0,"y":67,"width":1280,"height":86.1875},"6":null,"7":{"x":0,"y":145.1875,"width":1280,"height":300},"8":{"x":70,"y":245.1875,"width":570,"height":48},"9":{"x":0,"y":445.1875,"width":1280,"height":462.71875},"10":{"x":312.5,"y":593.296875,"width":655,"height":73},"11":{"x":312.5,"y":593.296875,"width":109.15625,"height":73},"12":{"x":363.65625,"y":593.296875,"width":58,"height":40.078125},"13":{"x":421.65625,"y":593.296875,"width":436.65625,"height":73},"14":{"x":858.3125,"y":593.296875,"width":109.15625,"height":73},"15":{"x":858.3125,"y":593.296875,"width":105,"height":40.078125},"16":{"x":16,"y":13.296875,"width":120,"height":40.40625},"17":{"x":0,"y":445.1875,"width":1280,"height":140.109375},"19":{"x":16,"y":92.765625,"width":165,"height":35.625},"21":{"x":492,"y":534.1875,"width":296,"height":32},"22":{"x":16,"y":8.296875,"width":184,"height":50.40625},"23":{"x":16,"y":86.78125,"width":184,"height":46.609375},"24":{"x":70,"y":245.1875,"width":1140,"height":48},"25":{"x":390.890625,"y":668.296875,"width":498.203125,"height":19},"26":{"x":564.25,"y":726.90625,"width":151.5,"height":42},"27":{"x":0,"y":907.90625,"width":1280,"height":517.1875},"28":{"x":70,"y":947.90625,"width":1140,"height":306},"29":{"x":70,"y":947.90625,"width":855,"height":306},"30":{"x":70,"y":947.90625,"width":213.75,"height":290},"31":{"x":283.75,"y":947.90625,"width":213.75,"height":290},"32":{"x":298.75,"y":1038.90625,"width":183.75,"height":18},"33":{"x":298.75,"y":1064.90625,"width":183.75,"height":18},"34":{"x":298.75,"y":1090.90625,"width":183.75,"height":18},"35":{"x":497.5,"y":947.90625,"width":213.75,"height":290},"36":{"x":711.25,"y":947.90625,"width":213.75,"height":290},"37":{"x":726.25,"y":994.90625,"width":183.75,"height":18},"38":{"x":726.25,"y":1020.90625,"width":183.75,"height":18},"39":{"x":726.25,"y":1046.90625,"width":183.75,"height":18},"40":{"x":726.25,"y":1072.90625,"width":183.75,"height":18},"41":{"x":925,"y":947.90625,"width":285,"height":306},"42":{"x":961,"y":1005.265625,"width":24,"height":24},"43":{"x":1008,"y":1005.265625,"width":12.703125,"height":24},"44":{"x":1043.703125,"y":1005.265625,"width":27,"height":24},"45":{"x":0,"y":593.296875,"width":1280,"height":244.609375},"46":{"x":0,"y":706.90625,"width":1280,"height":131},"47":{"x":85,"y":994.90625,"width":183.75,"height":18},"48":{"x":85,"y":1020.90625,"width":183.75,"height":18},"49":{"x":85,"y":1046.90625,"width":183.75,"height":35},"50":{"x":85,"y":1081.90625,"width":183.75,"height":18},"51":{"x":298.75,"y":994.90625,"width":183.75,"height":36},"52":{"x":512.5,"y":994.90625,"width":183.75,"height":18},"53":{"x":512.5,"y":1020.90625,"width":183.75,"height":18},"54":{"x":512.5,"y":1046.90625,"width":183.75,"height":18},"55":{"x":512.5,"y":1072.90625,"width":183.75,"height":18},"56":{"x":961,"y":998.90625,"width":234,"height":35},"58":{"x":1008,"y":1005.265625,"width":12.703125,"height":24},"60":{"x":1043.703125,"y":1005.265625,"width":27,"height":24},"61":{"x":512.5,"y":947.90625,"width":183.75,"height":45},"62":{"x":0,"y":0,"width":1280,"height":67},"63":{"x":0,"y":0,"width":1280,"height":1425.09375},"64":{"x":0,"y":0,"width":1280,"height":1425.09375},"65":null,"66":null,"67":null,"68":null,"69":null,"70":null,"71":null,"72":null,"73":null,"74":null,"75":null,"76":null,"77":null,"78":null,"79":{"x":0,"y":0,"width":1280,"height":153.1875},"80":null,"81":null,"82":null,"83":null,"84":null,"85":null,"86":null,"87":null,"88":null,"89":null,"90":null,"91":null,"92":null,"93":null,"94":null,"95":null,"96":null,"97":null,"98":null,"99":null,"100":null,"101":null,"102":null,"103":null,"104":null,"105":null,"106":null,"107":null,"108":null,"109":null,"110":null,"111":null,"112":null,"113":null,"114":null,"115":null,"116":null,"117":null,"118":null,"119":null,"120":null,"121":null,"122":null,"123":null,"124":null,"125":null,"126":null,"127":null,"128":null,"129":null,"130":null,"131":null,"132":null,"133":null,"134":null,"135":null,"136":null,"137":null,"138":null,"139":null,"140":null,"141":null,"142":null,"143":null,"144":null,"145":null,"146":null,"147":null,"148":null,"149":null,"150":null,"151":null,"152":null,"153":null,"154":null,"155":null,"156":null,"157":null,"158":null,"159":null,"160":null,"161":null,"162":null,"163":null,"164":null,"165":null,"166":null,"167":null,"168":null,"169":null,"170":null,"171":null,"172":null,"173":null,"174":null,"175":null,"176":null,"177":null,"178":null,"179":null,"180":null,"181":null,"182":null,"183":null,"184":null,"185":null,"186":null,"187":null,"188":null,"189":null,"190":null,"191":null,"192":null,"193":null,"194":null,"195":null,"196":{"x":0,"y":-10000,"width":1280,"height":0},"197":{"x":0,"y":0,"width":1280,"height":720},"198":{"x":0,"y":-10000,"width":1280,"height":164},"199":{"x":1,"y":-9999,"width":1278,"height":150},"200":null,"201":null,"202":null,"203":null,"204":null,"205":null,"206":{"x":216,"y":8,"width":1048,"height":51},"207":null,"208":null,"209":null,"210":null,"211":{"x":216,"y":75,"width":1048,"height":70.1875},"212":{"x":70,"y":245.1875,"width":1140,"height":48},"213":{"x":0,"y":445.1875,"width":1280,"height":392.71875},"214":{"x":0,"y":837.90625,"width":0,"height":0},"215":{"x":0,"y":837.90625,"width":0,"height":0},"216":{"x":85,"y":947.90625,"width":1110,"height":306},"217":{"x":70,"y":947.90625,"width":1140,"height":306},"218":{"x":0,"y":1273.90625,"width":1280,"height":141.1875},"219":{"x":70,"y":1289.90625,"width":1140,"height":125.1875},"220":{"x":70,"y":1289.90625,"width":1140,"height":125.1875},"221":{"x":70,"y":1289.90625,"width":380,"height":125.1875},"222":{"x":450,"y":1289.90625,"width":760,"height":125.1875},"223":{"x":216,"y":8,"width":237.671875,"height":51},"224":{"x":216,"y":75,"width":621.015625,"height":70.1875},"225":{"x":972,"y":75,"width":292,"height":70.1875},"226":{"x":972,"y":75,"width":87,"height":70.1875},"227":{"x":1059,"y":89.09375,"width":205,"height":42},"228":{"x":85,"y":245.1875,"width":540,"height":40},"229":{"x":-15,"y":593.296875,"width":1310,"height":73},"230":{"x":-15,"y":593.296875,"width":327.5,"height":73},"231":{"x":0,"y":666.296875,"width":1280,"height":171.609375},"232":{"x":0,"y":666.296875,"width":1280,"height":24.609375},"233":{"x":70,"y":947.90625,"width":855,"height":306},"234":{"x":940,"y":947.90625,"width":255,"height":86},"235":{"x":961,"y":947.90625,"width":234,"height":35},"236":{"x":85,"y":1289.90625,"width":350,"height":50},"237":{"x":85,"y":1355.90625,"width":350,"height":43.1875},"238":{"x":465,"y":1289.90625,"width":730,"height":25},"239":{"x":216,"y":8,"width":102.671875,"height":51},"240":{"x":318.671875,"y":8,"width":85,"height":51},"241":{"x":403.671875,"y":8,"width":50,"height":51},"242":{"x":216,"y":75,"width":89,"height":70.1875},"243":{"x":305,"y":75,"width":107.671875,"height":70.1875},"244":{"x":412.671875,"y":75,"width":116.671875,"height":70.1875},"245":{"x":529.34375,"y":75,"width":77,"height":70.1875},"246":{"x":606.34375,"y":75,"width":110,"height":70.1875},"247":{"x":716.34375,"y":75,"width":120.671875,"height":70.1875},"248":{"x":988,"y":100.59375,"width":55,"height":19},"249":{"x":1080,"y":101.09375,"width":163,"height":19},"250":{"x":85,"y":246.1875,"width":341,"height":38},"251":{"x":312.5,"y":593.296875,"width":655,"height":73},"252":{"x":85,"y":947.90625,"width":183.75,"height":45},"253":{"x":85,"y":1107.90625,"width":183.75,"height":18},"254":{"x":85,"y":1133.90625,"width":183.75,"height":18},"255":{"x":85,"y":1159.90625,"width":183.75,"height":18},"256":{"x":85,"y":1185.90625,"width":183.75,"height":18},"257":{"x":85,"y":1211.90625,"width":183.75,"height":18},"258":{"x":298.75,"y":947.90625,"width":183.75,"height":45},"259":{"x":298.75,"y":1116.90625,"width":183.75,"height":18},"260":{"x":298.75,"y":1142.90625,"width":183.75,"height":18},"261":{"x":726.25,"y":947.90625,"width":183.75,"height":45},"262":{"x":726.25,"y":1098.90625,"width":183.75,"height":18},"263":{"x":961,"y":956.90625,