{"3":{"x":0,"y":0,"width":1280,"height":720},"4":{"x":190,"y":230,"width":590,"height":338.15625},"5":{"x":190,"y":322,"width":590,"height":245.15625},"6":{"x":140,"y":0,"width":1000,"height":150},"7":{"x":160,"y":150,"width":960,"height":1205.28125},"8":{"x":190,"y":952.71875,"width":590,"height":48},"9":{"x":0,"y":0,"width":1280,"height":1705.84375},"10":{"x":0,"y":0,"width":1280,"height":1705.84375},"11":{"x":0,"y":0,"width":1280,"height":1355.28125},"12":{"x":0,"y":1355.28125,"width":1280,"height":271.5625},"13":{"x":0,"y":1626.84375,"width":1280,"height":65},"14":{"x":0,"y":1691.84375,"width":1280,"height":14},"15":{"x":140,"y":1355.28125,"width":1000,"height":271.5625},"16":{"x":0,"y":1626.84375,"width":1280,"height":41},"17":{"x":473,"y":1691.84375,"width":196,"height":14},"18":{"x":669,"y":1691.84375,"width":137,"height":14},"19":{"x":190,"y":0,"width":300,"height":155},"20":{"x":590,"y":0,"width":500,"height":90},"21":{"x":190,"y":180,"width":590,"height":1131.28125},"22":{"x":810,"y":180,"width":280,"height":1106.375},"23":{"x":190,"y":1311.28125,"width":900,"height":14},"24":{"x":195,"y":1385.28125,"width":290,"height":191.5625},"25":{"x":515,"y":1385.28125,"width":280,"height":191.5625},"26":{"x":825,"y":1385.28125,"width":260,"height":157.96875},"27":{"x":401.5,"y":1656.84375,"width":367,"height":11},"28":{"x":768.5,"y":1656.84375,"width":107,"height":11},"29":{"x":875.5,"y":1656.84375,"width":3,"height":11},"30":{"x":669,"y":1691.84375,"width":137,"height":14},"31":{"x":190,"y":0,"width":300,"height":113},"32":{"x":190,"y":113,"width":300,"height":42},"33":{"x":590,"y":0,"width":500,"height":270},"34":{"x":190,"y":608.15625,"width":590,"height":304.5625},"35":{"x":190,"y":952.71875,"width":590,"height":304.5625},"36":{"x":190,"y":1297.28125,"width":590,"height":14},"37":{"x":810,"y":210,"width":280,"height":1076.375},"38":{"x":190,"y":1311.28125,"width":4,"height":14},"39":{"x":195,"y":1385.28125,"width":290,"height":50},"40":{"x":195,"y":1435.28125,"width":290,"height":129.5625},"41":{"x":515,"y":1385.28125,"width":280,"height":50},"42":{"x":515,"y":1435.28125,"width":280,"height":129.5625},"43":{"x":825,"y":1385.28125,"width":260,"height":50},"44":{"x":825,"y":1435.28125,"width":260,"height":107.96875},"45":{"x":768.5,"y":1656.84375,"width":107,"height":11},"46":{"x":190,"y":60,"width":214,"height":53},"47":{"x":190,"y":113,"width":165,"height":21},"48":{"x":190,"y":113,"width":244,"height":42},"49":{"x":590,"y":0,"width":130,"height":135},"50":{"x":720,"y":0,"width":84,"height":135},"51":{"x":804,"y":0,"width":107,"height":135},"52":{"x":911,"y":0,"width":96,"height":135},"53":{"x":590,"y":135,"width":115,"height":135},"54":{"x":190,"y":230,"width":590,"height":48},"55":{"x":190,"y":278,"width":590,"height":0},"56":{"x":190,"y":278,"width":120,"height":23.390625},"57":{"x":190,"y":282,"width":120,"height":15},"58":{"x":634,"y":278,"width":146,"height":23.390625},"59":{"x":634,"y":282,"width":78,"height":15},"60":{"x":712,"y":282,"width":68,"height":15},"61":{"x":190,"y":308,"width":590,"height":14},"62":{"x":190,"y":322,"width":590,"height":86.375},"63":{"x":190,"y":420.375,"width":590,"height":64.78125},"64":{"x":190,"y":497.15625,"width":590,"height":20},"65":{"x":190,"y":517.15625,"width":88,"height":27},"66":{"x":288,"y":517.15625,"width":88,"height":27},"67":{"x":190,"y":608.15625,"width":590,"height":48},"68":{"x":190,"y":656.15625,"width":590,"height":0},"69":{"x":190,"y":656.15625,"width":120,"height":23.390625},"70":{"x":190,"y":660.15625,"width":120,"height":15},"71":{"x":634,"y":656.15625,"width":146,"height":23.390625},"72":{"x":634,"y":660.15625,"width":78,"height":15},"73":{"x":712,"y":660.15625,"width":68,"height":15},"74":{"x":190,"y":686.15625,"width":590,"height":14},"75":{"x":190,"y":700.15625,"width":590,"height":211.5625},"76":{"x":190,"y":700.15625,"width":590,"height":129.5625},"77":{"x":190,"y":841.71875,"width":590,"height":20},"78":{"x":190,"y":861.71875,"width":88,"height":27},"79":{"x":288,"y":861.71875,"width":88,"height":27},"80":{"x":190,"y":1000.71875,"width":590,"height":0},"81":{"x":190,"y":1000.71875,"width":120,"height":23.390625},"82":{"x":190,"y":1004.71875,"width":120,"height":15},"83":{"x":634,"y":1000.71875,"width":146,"height":23.390625},"84":{"x":634,"y":1004.71875,"width":78,"height":15},"85":{"x":712,"y":1004.71875,"width":68,"height":15},"86":{"x":190,"y":1030.71875,"width":590,"height":14},"87":{"x":190,"y":1044.71875,"width":590,"height":211.5625},"88":{"x":190,"y":1044.71875,"width":590,"height":129.5625},"89":{"x":190,"y":1186.28125,"width":590,"height":20},"90":{"x":190,"y":1206.28125,"width":88,"height":27},"91":{"x":288,"y":1206.28125,"width":88,"height":27},"92":{"x":190,"y":1297.28125,"width":4,"height":14},"93":{"x":810,"y":210,"width":280,"height":101.59375},"94":{"x":810,"y":311.59375,"width":280,"height":122.78125},"95":{"x":810,"y":434.375,"width":280,"height":284},"96":{"x":810,"y":718.375,"width":280,"height":284},"97":{"x":810,"y":1002.375,"width":280,"height":284},"98":{"x":195,"y":1385.28125,"width":285,"height":30},"99":{"x":195,"y":1438.28125,"width":290,"height":121.96875},"100":{"x":515,"y":1385.28125,"width":279,"height":30},"101":{"x":515,"y":1438.28125,"width":277,"height":121.96875},"102":{"x":825,"y":1385.28125,"width":238,"height":30},"103":{"x":845,"y":1435.28125,"width":240,"height":21.59375},"104":{"x":845,"y":1456.875,"width":240,"height":21.59375},"105":{"x":845,"y":1478.46875,"width":240,"height":21.59375},"106":{"x":845,"y":1500.0625,"width":240,"height":21.59375},"107":{"x":845,"y":1521.65625,"width":240,"height":21.59375},"108":{"x":190,"y":60,"width":215,"height":53},"109":{"x":190,"y":113,"width":247,"height":42},"110":{"x":590,"y":0,"width":129,"height":135},"111":{"x":720,"y":0,"width":83,"height":135},"112":{"x":804,"y":0,"width":106,"height":135},"113":{"x":911,"y":0,"width":95,"height":135},"114":{"x":590,"y":135,"width":114,"height":135},"115":{"x":190,"y":237,"width":360,"height":39},"116":{"x":712,"y":282,"width":68,"height":15},"117":{"x":190,"y":308,"width":4,"height":14},"118":{"x":189,"y":325,"width":42,"height":14},"119":{"x":231,"y":325,"width":73,"height":14},"120":{"x":304,"y":325,"width":476,"height":14},"121":{"x":780,"y":325,"width":0,"height":14},"122":{"x":190,"y":346.59375,"width":20.578125,"height":14},"123":{"x":210.578125,"y":346.59375,"width":118.15625,"height":14},"124":{"x":328.734375,"y":346.59375,"width":243.578125,"height":14},"125":{"x":572.3125,"y":346.59375,"width":207.71875,"height":14},"126":{"x":190,"y":368.1875,"width":590,"height":35.59375},"127":{"x":190,"y":423.375,"width":590,"height":57.1875},"128":{"x":203,"y":522.15625,"width":62,"height":14},"129":{"x":299.5,"y":522.15625,"width":65,"height":14},"130":{"x":190,"y":615.15625,"width":409,"height":39},"131":{"x":712,"y":660.15625,"width":68,"height":15},"132":{"x":190,"y":686.15625,"width":4,"height":14},"133":{"x":190,"y":703.15625,"width":590,"height":57.1875},"134":{"x":468.5,"y":746.34375,"width":132.5,"height":14},"135":{"x":190,"y":746.34375,"width":590,"height":78.78125},"136":{"x":203,"y":866.71875,"width":62,"height":14},"137":{"x":299.5,"y":866.71875,"width":65,"height":14},"138":{"x":190,"y":959.71875,"width":370,"height":39},"139":{"x":712,"y":1004.71875,"width":68,"height":15},"140":{"x":190,"y":1030.71875,"width":4,"height":14},"141":{"x":190,"y":1047.71875,"width":590,"height":57.1875},"142":{"x":468.5,"y":1090.90625,"width":132.5,"height":14},"143":{"x":190,"y":1090.90625,"width":590,"height":78.78125},"144":{"x":203,"y":1211.28125,"width":62,"height":14},"145":{"x":299.5,"y":1211.28125,"width":65,"height":14},"146":{"x":810,"y":210,"width":280,"height":80},"147":{"x":810,"y":290,"width":280,"height":21.59375},"148":{"x":810,"y":311.59375,"width":280,"height":38},"149":{"x":810,"y":349.59375,"width":280,"height":84.78125},"150":{"x":810,"y":434.375,"width":280,"height":38},"151":{"x":810,"y":472.375,"width":280,"height":246},