{"3":{"x":0,"y":0,"width":1366,"height":768},"4":{"x":321,"y":473.203125,"width":371,"height":99.59375},"5":{"x":275.671875,"y":292.203125,"width":814.65625,"height":60},"6":{"x":329,"y":506.796875,"width":203,"height":50},"7":{"x":1118,"y":473.203125,"width":134,"height":99.59375},"8":{"x":1126,"y":474.203125,"width":118,"height":18},"9":{"x":275.671875,"y":201.8125,"width":363,"height":38},"10":{"x":114,"y":473.203125,"width":145,"height":99.59375},"11":{"x":182,"y":514.796875,"width":37,"height":24},"12":{"x":219,"y":514.796875,"width":32,"height":24},"13":{"x":332.671875,"y":363.203125,"width":68,"height":18},"14":{"x":400.671875,"y":363.203125,"width":20,"height":18},"15":{"x":420.671875,"y":363.203125,"width":68,"height":18},"16":{"x":488.671875,"y":363.203125,"width":123,"height":18},"17":{"x":532,"y":506.796875,"width":152,"height":50},"18":{"x":0,"y":151.8125,"width":1366,"height":296.390625},"19":{"x":0,"y":151.8125,"width":1366,"height":296.390625},"20":{"x":227.671875,"y":151.8125,"width":910.65625,"height":296.390625},"21":{"x":275.671875,"y":360.203125,"width":814.65625,"height":24},"22":{"x":0,"y":448.203125,"width":1366,"height":201.59375},"23":{"x":83,"y":473.203125,"width":1200,"height":99.59375},"24":{"x":754,"y":473.203125,"width":302,"height":99.59375},"25":{"x":1126,"y":510.796875,"width":91,"height":38},"26":{"x":0,"y":600.796875,"width":1366,"height":49},"27":{"x":83,"y":600.796875,"width":1200,"height":25},"28":{"x":637,"y":600.796875,"width":92,"height":25},"29":{"x":1039.125,"y":91.8125,"width":243.875,"height":25},"30":{"x":275.671875,"y":292.203125,"width":814.65625,"height":92},"31":{"x":122,"y":474.203125,"width":111,"height":18},"32":{"x":329,"y":474.203125,"width":119,"height":18},"33":{"x":329,"y":509.796875,"width":100,"height":18},"34":{"x":329,"y":534.796875,"width":203,"height":18},"35":{"x":548,"y":509.796875,"width":102,"height":18},"36":{"x":0,"y":35,"width":1366,"height":614.796875},"37":{"x":0,"y":0,"width":1366,"height":649.796875},"38":{"x":478.5,"y":5,"width":298,"height":25},"39":{"x":478.5,"y":0,"width":409,"height":35},"40":{"x":478.5,"y":8,"width":298,"height":18},"42":{"x":779.5,"y":0,"width":108,"height":35},"43":{"x":83,"y":35,"width":1200,"height":116.8125},"44":{"x":83,"y":67,"width":116,"height":49.8125},"45":{"x":261.9375,"y":55.8125,"width":719.25,"height":96},"46":{"x":261.9375,"y":55.8125,"width":719.25,"height":96},"47":{"x":261.9375,"y":55.8125,"width":121.375,"height":96},"48":{"x":261.9375,"y":55.8125,"width":121.375,"height":96},"49":{"x":269.125,"y":95.8125,"width":107,"height":24},"50":{"x":383.3125,"y":55.8125,"width":293.375,"height":96},"51":{"x":383.3125,"y":55.8125,"width":293.375,"height":96},"52":{"x":390.5,"y":95.8125,"width":279,"height":24},"53":{"x":676.6875,"y":55.8125,"width":106.375,"height":96},"54":{"x":676.6875,"y":55.8125,"width":106.375,"height":96},"55":{"x":683.875,"y":95.8125,"width":92,"height":24},"56":{"x":783.0625,"y":55.8125,"width":55.375,"height":96},"57":{"x":783.0625,"y":55.8125,"width":55.375,"height":96},"58":{"x":790.25,"y":95.8125,"width":41,"height":24},"59":{"x":838.4375,"y":55.8125,"width":66.375,"height":96},"60":{"x":838.4375,"y":55.8125,"width":66.375,"height":96},"61":{"x":845.625,"y":95.8125,"width":52,"height":24},"62":{"x":904.8125,"y":55.8125,"width":76.375,"height":96},"63":{"x":904.8125,"y":55.8125,"width":76.375,"height":96},"64":{"x":912,"y":95.8125,"width":62,"height":24},"65":{"x":1042.3125,"y":91.8125,"width":25,"height":25},"66":{"x":1073.6875,"y":91.8125,"width":25,"height":25},"67":{"x":1105.0625,"y":91.8125,"width":25,"height":25},"68":{"x":1136.4375,"y":91.8125,"width":25,"height":25},"69":{"x":1167.8125,"y":91.8125,"width":25,"height":25},"70":{"x":1167.8125,"y":92.8125,"width":23,"height":24},"71":{"x":1197.8125,"y":91.3125,"width":82,"height":26},"72":{"x":1258.8125,"y":90.84375,"width":14,"height":25},"73":{"x":1258.8125,"y":95.84375,"width":14,"height":15},"74":{"x":0,"y":0,"width":1366,"height":649.796875},"75":{"x":0,"y":0,"width":1366,"height":35},"76":{"x":0,"y":35,"width":1366,"height":0},"77":null,"78":null,"79":{"x":0,"y":0,"width":1366,"height":35},"80":{"x":0,"y":-10000,"width":0,"height":0},"81":{"x":0,"y":35,"width":1366,"height":116.8125},"82":{"x":1291,"y":673,"width":45,"height":45},"83":{"x":1301.5,"y":680,"width":24,"height":24},"84":{"x":1366,"y":4,"width":190,"height":57},"85":{"x":478.5,"y":0,"width":409,"height":35},"86":{"x":478.5,"y":0,"width":409,"height":35},"87":{"x":478.5,"y":0,"width":409,"height":35},"88":{"x":0,"y":-10000,"width":0,"height":0},"89":null,"90":null,"91":null,"92":null,"93":null,"94":{"x":0,"y":448.203125,"width":1366,"height":152.59375},"95":{"x":83,"y":473.203125,"width":1200,"height":99.59375},"96":{"x":122,"y":473.203125,"width":129,"height":21.59375},"97":{"x":122,"y":506.796875,"width":129,"height":40},"98":{"x":122,"y":514.796875,"width":22,"height":24},"99":{"x":144,"y":514.796875,"width":38,"height":24},"100":{"x":329,"y":473.203125,"width":355,"height":21.59375},"101":{"x":329,"y":506.796875,"width":355,"height":50},"102":{"x":762,"y":473.203125,"width":286,"height":21.59375},"103":{"x":762,"y":506.796875,"width":286,"height":46},"104":{"x":1126,"y":473.203125,"width":118,"height":21.59375},"105":{"x":83,"y":600.796875,"width":1200,"height":25},"106":{"x":1390,"y":27,"width":20,"height":20},"107":{"x":1381,"y":11,"width":38,"height":38},"108":{"x":1381,"y":11,"width":38,"height":38},"109":{"x":1429,"y":19.5,"width":112,"height":25},"110":{"x":1429,"y":20.5,"width":112,"height":22},"111":{"x":83,"y":67,"width":116,"height":49.8125},"112":{"x":261.9375,"y":103.8125,"width":0,"height":0},"113":{"x":15,"y":151.8125,"width":1336,"height":296.390625},"114":{"x":0,"y":151.8125,"width":1366,"height":296.390625},"115":{"x":122,"y":514.796875,"width":14,"height":24},"116":{"x":152,"y":514.796875,"width":22,"height":24},"117":{"x":190,"y":514.796875,"width":21,"height":24},"118":{"x":227,"y":514.796875,"width":24,"height":24},"119":{"x":329,"y":506.796875,"width":0,"height":0},"120":{"x":532,"y":506.796875,"width":0,"height":0},"121":{"x":548,"y":534.796875,"width":120,"height":18},"122":{"x":762,"y":474.203125,"width":286,"height":18},"123":{"x":762,"y":506.796875,"width":286,"height":46},"124":{"x":1139,"y":519.796875,"width":65,"height":19},"125":{"x":637,"y":603.796875,"width":92,"height":18},"126":{"x":784.5,"y":5,"width":103,"height":25},"127":{"x":1050.8125,"y":97.8125,"width":8,"height":14},"128":{"x":1079.6875,"y":97.8125,"width":13,"height":14},"129":{"x":1111.5625,"y":97.8125,"width":12,"height":14},"130":{"x":1141.9375,"y":97.8125,"width":14,"height":14},"131":{"x":1198.8125,"y":90.3125,"width":80,"height":26},"132":{"x":275.671875,"y":199.8125,"width":814.65625,"height":44.390625},"133":{"x":762,"y":510.796875,"width":219,"height":38},"134":{"x":981,"y":510.796875,"width":67,"height":38},"135":{"x":792.5,"y":9,"width":87,"height":17},"136":{"x":261.9375,"y":131.8125,"width":216,"height":335},"137":{"x":261.9375,"y":141.8125,"width":216,"height":40},"138":{"x":261.9375,"y":141.8125,"width":216,"height":40},"139":{"x":281.9375,"y":155.8125,"width":157,"height":12},"140":{"x":281.9375,"y":153.8125,"width":157,"height":14},"141":{"x":261.9375,"y":181.8125,"width":216,"height":40},"142":{"x":261.9375,"y":181.8125,"width":216,"height":40},"143":{"x":281.9375,"y":195.8125,"width":109,"height":12},"144":{"x":281.9375,"y":194.8125,"width":109,"height":13},"145":{"x":261.9375,"y":221.8125,"width":216,"height":40},"146":{"x":261.9375,"y":221.8125,"width":216,"height":40},"147":{"x":281.9375,"y":235.8125,"width":176,"height":12},"148":{"x":281.9375,"y":233.8125,"width":176,"height":14},"149":{"x":261.9375,"y":261.8125,"width":216,"height":40},"150":{"x":261.9375,"y":261.8125,"width":216,"height":40},"151":{"x":281.9375,"y":275.8125,"width":117,"height":12},"152":{"x":281.9375,"y":273.8125,"width":117,"height":14},"153":{"x":261.9375,"y":301.8125,"width":216,"height":40},