{"3":{"x":0,"y":0,"width":1536,"height":864},"4":{"x":268,"y":507.703125,"width":1040,"height":22.390625},"5":{"x":228,"y":658.046875,"width":1080,"height":67.171875},"6":{"x":0,"y":328.390625,"width":1536,"height":1398.21875},"7":{"x":228,"y":462.78125,"width":1080,"height":380.625},"8":{"x":228,"y":462.78125,"width":1080,"height":26.203125},"9":{"x":228,"y":507.703125,"width":1080,"height":134.34375},"10":{"x":228,"y":745.125,"width":1080,"height":33.59375},"11":{"x":228,"y":33,"width":1080,"height":257.390625},"12":{"x":228,"y":349.828125,"width":1080,"height":44.796875},"16":null,"17":{"x":228,"y":33,"width":1080,"height":257.390625},"18":{"x":228,"y":328.390625,"width":1080,"height":1398.21875},"19":{"x":781.828125,"y":416.0625,"width":526.140625,"height":28},"20":{"x":1015,"y":620.65625,"width":109,"height":19},"21":{"x":1144,"y":681.4375,"width":138,"height":19},"22":{"x":228,"y":681.4375,"width":1076,"height":41.390625},"23":{"x":259,"y":703.828125,"width":165,"height":19},"24":{"x":424,"y":703.828125,"width":50,"height":19},"25":{"x":228,"y":843.40625,"width":1080,"height":863.203125},"26":{"x":508,"y":878.40625,"width":520,"height":828.203125},"27":{"x":508,"y":878.40625,"width":250,"height":62.390625},"28":{"x":758,"y":878.40625,"width":250,"height":62.390625},"29":{"x":508,"y":940.796875,"width":250,"height":62.390625},"30":{"x":758,"y":940.796875,"width":250,"height":62.390625},"31":{"x":758,"y":963.1875,"width":242,"height":40},"32":{"x":508,"y":1003.1875,"width":500,"height":62.390625},"33":{"x":508,"y":1003.1875,"width":250,"height":62.390625},"34":{"x":758,"y":1003.1875,"width":250,"height":62.390625},"35":{"x":758,"y":1025.578125,"width":242,"height":40},"36":{"x":508,"y":1065.578125,"width":500,"height":531.03125},"37":{"x":268,"y":530.09375,"width":1040,"height":22.390625},"38":{"x":765,"y":973.6875,"width":228,"height":19},"39":{"x":0,"y":0,"width":1536,"height":1815.609375},"40":{"x":228,"y":328.390625,"width":1080,"height":87.671875},"41":{"x":228,"y":349.828125,"width":1080,"height":44.796875},"42":{"x":228,"y":444.0625,"width":1080,"height":1282.546875},"43":{"x":228,"y":444.0625,"width":1080,"height":1282.546875},"44":{"x":348,"y":508.703125,"width":208,"height":19},"45":{"x":556,"y":508.703125,"width":74,"height":19},"46":{"x":358,"y":531.09375,"width":148,"height":19},"47":{"x":268,"y":552.484375,"width":1040,"height":22.390625},"48":{"x":672,"y":553.484375,"width":320,"height":19},"49":{"x":992,"y":553.484375,"width":5,"height":19},"50":{"x":268,"y":574.875,"width":1040,"height":22.390625},"51":{"x":688,"y":575.875,"width":109,"height":19},"52":{"x":268,"y":597.265625,"width":1040,"height":22.390625},"53":{"x":700,"y":598.265625,"width":109,"height":19},"54":{"x":268,"y":619.65625,"width":1040,"height":22.390625},"55":{"x":508,"y":900.796875,"width":242,"height":40},"56":{"x":758,"y":900.796875,"width":242,"height":40},"57":{"x":508,"y":940.796875,"width":500,"height":62.390625},"58":{"x":0,"y":0,"width":1536,"height":1815.609375},"59":null,"60":null,"61":null,"62":null,"63":null,"64":null,"65":null,"66":null,"67":null,"68":null,"69":null,"70":null,"71":null,"72":null,"73":null,"74":null,"75":null,"76":{"x":0,"y":3,"width":1536,"height":305.390625},"77":{"x":228,"y":33,"width":1080,"height":257.390625},"78":{"x":228,"y":33,"width":1080,"height":257.390625},"79":{"x":228,"y":33,"width":1080,"height":257.390625},"80":{"x":228,"y":33,"width":1080,"height":257.390625},"81":{"x":228,"y":328.390625,"width":1080,"height":87.671875},"82":{"x":228,"y":328.390625,"width":1080,"height":87.671875},"83":{"x":228,"y":349.828125,"width":1080,"height":44.796875},"84":{"x":228,"y":416.0625,"width":1080,"height":28},"85":{"x":228,"y":416.0625,"width":1080,"height":28},"86":{"x":228,"y":416.0625,"width":526.140625,"height":28},"87":{"x":228,"y":416.0625,"width":0,"height":0},"88":{"x":781.828125,"y":416.0625,"width":0,"height":0},"89":{"x":228,"y":444.0625,"width":1080,"height":1282.546875},"90":{"x":228,"y":444.0625,"width":0,"height":0},"91":{"x":0,"y":1746.609375,"width":1536,"height":69},"92":{"x":228,"y":1766.609375,"width":1080,"height":28},"93":{"x":228,"y":1766.609375,"width":1080,"height":28},"94":{"x":228,"y":1766.609375,"width":1080,"height":28},"95":{"x":228,"y":1766.609375,"width":1080,"height":28},"96":{"x":228,"y":1766.609375,"width":1080,"height":22.390625},"97":{"x":228,"y":1766.609375,"width":0,"height":0},"98":{"x":0,"y":-10000,"width":1536,"height":0},"99":{"x":0,"y":0,"width":1536,"height":864},"100":{"x":0,"y":-10000,"width":1536,"height":158.390625},"101":{"x":1,"y":-9999,"width":1534,"height":150},"102":{"x":228,"y":269,"width":1080,"height":19},"103":{"x":228,"y":1726.609375,"width":1080,"height":0},"104":{"x":228,"y":1766.609375,"width":1080,"height":22.390625},"105":{"x":228,"y":269,"width":1080,"height":19},"106":{"x":228,"y":352.828125,"width":263,"height":38},"107":{"x":228,"y":462.78125,"width":0,"height":0},"108":{"x":508,"y":878.40625,"width":0,"height":0},"109":{"x":228,"y":1767.609375,"width":320,"height":19},"110":{"x":228,"y":799.625,"width":1049,"height":41.390625},"111":{"x":227,"y":464.78125,"width":467,"height":21},"112":{"x":228,"y":462.78125,"width":0,"height":0},"113":{"x":228,"y":659.046875,"width":1045,"height":41.390625},"114":{"x":1144,"y":681.4375,"width":138,"height":19},"115":{"x":259,"y":703.828125,"width":165,"height":19},"116":{"x":228,"y":747.125,"width":479,"height":28},"117":{"x":508,"y":878.40625,"width":520,"height":828.203125},"118":{"x":248,"y":507.703125,"width":20,"height":22.390625},"119":{"x":267,"y":508.703125,"width":81,"height":19},"120":{"x":348,"y":508.703125,"width":208,"height":19},"121":{"x":248,"y":530.09375,"width":20,"height":22.390625},"122":{"x":267,"y":531.09375,"width":91,"height":19},"123":{"x":358,"y":531.09375,"width":148,"height":19},"124":{"x":248,"y":552.484375,"width":20,"height":22.390625},"125":{"x":267,"y":553.484375,"width":405,"height":19},"126":{"x":672,"y":553.484375,"width":320,"height":19},"127":{"x":248,"y":574.875,"width":20,"height":22.390625},"128":{"x":267,"y":575.875,"width":421,"height":19},"129":{"x":688,"y":575.875,"width":109,"height":19},"130":{"x":248,"y":597.265625,"width":20,"height":22.390625},"131":{"x":267,"y":598.265625,"width":433,"height":19},"132":{"x":700,"y":598.265625,"width":109,"height":19},"133":{"x":248,"y":619.65625,"width":20,"height":22.390625},"134":{"x":267,"y":620.65625,"width":748,"height":19},"135":{"x":1015,"y":620.65625,"width":109,"height":19},"136":{"x":268,"y":619.65625,"width":0,"height":0},"137":{"x":508,"y":878.40625,"width":500,"height":62.390625},"138":{"x":508,"y":1596.609375,"width":520,"height":60},"139":{"x":508,"y":1596.609375,"width":520,"height":60},"140":{"x":508,"y":1596.609375,"width":256,"height":60},"141":{"x":508,"y":1596.609375,"width":256,"height":66.390625},"142":{"x":508,"y":1663,"width":256,"height":0},"143":null,"144":null,"145":null,"146":null,"147":{"x":508,"y":1656.609375,"width":520,"height":50},"148":null,"149":{"x":508,"y":1656.609375,"width":520,"height":50},"150":null,"151":null,"152":null,"153":{"x":508,"y":879.40625,"width":108,"height":19},"154":null,"155":{"x":758,"y":879.40625,"width":105,"height":19},"156":null,"157":{"x":508,"y":941.796875,"width":57,"height":19},"158":null,"159":{"x":508,"y":963.1875,"width":242,"height":40},"160":{"x":758,"y":941.796875,"width":147,"height":19},"161":null,"162":{"x":508,"y":1004.1875,"width":82,"height":19},"163":null,"164":{"x":508,"y":1025.578125,"width":242,"height":40},"165":{"x":758,"y":1004.1875,"width":195,"height":19},"166":null,"167":{"x":508,"y":1081.578125,"width":500,"height":499.03125},"168":{"x":508,"y":1081.578125,"width":500,"height":134.34375},"169":{"x":508,"y":1081.578125,"width":500,"height":134.34375},"170":{"x":508,"y":1231.921875,"width":500,"height":22.390625},"171":{"x":508,"y":1231.921875,"width":500,"height":22.390625},"172":{"x":508,"y":1231.921875,"width":500,"height":22.390625},"173":null,