{"3":{"x":0,"y":0,"width":1920,"height":1080},"4":null,"5":null,"6":{"x":375,"y":20,"width":1170,"height":50},"7":{"x":1202,"y":20,"width":328,"height":50},"8":{"x":1202,"y":20,"width":74,"height":50},"9":{"x":1202,"y":20,"width":74,"height":50},"10":{"x":1276,"y":20,"width":81,"height":50},"11":{"x":1276,"y":20,"width":81,"height":50},"12":{"x":1357,"y":20,"width":74,"height":50},"13":{"x":1357,"y":20,"width":74,"height":50},"14":{"x":1431,"y":20,"width":99,"height":50},"15":{"x":1431,"y":20,"width":99,"height":50},"16":{"x":0,"y":384,"width":1920,"height":60},"17":{"x":555,"y":379,"width":488,"height":70},"18":{"x":1043,"y":379,"width":320,"height":70},"19":{"x":0,"y":474,"width":1920,"height":85},"20":{"x":925,"y":489,"width":70,"height":70},"21":{"x":0,"y":1080,"width":1920,"height":851.953125},"22":{"x":375,"y":1190,"width":1170,"height":122},"23":{"x":570,"y":1190,"width":780,"height":122},"24":{"x":375,"y":1312,"width":1170,"height":509.953125},"25":{"x":862.5,"y":1312,"width":195,"height":41},"26":{"x":877.5,"y":1322,"width":165,"height":1},"27":{"x":375,"y":1353,"width":390,"height":448.953125},"28":{"x":765,"y":1353,"width":390,"height":423.359375},"29":{"x":947,"y":506,"width":26,"height":40},"30":{"x":0,"y":0,"width":1920,"height":1080},"31":{"x":390,"y":20,"width":127,"height":40},"32":{"x":375,"y":20,"width":142,"height":40},"33":{"x":0,"y":0,"width":1920,"height":1080},"34":{"x":0,"y":0,"width":1920,"height":1080},"35":{"x":0,"y":0,"width":1920,"height":90},"36":{"x":0,"y":1931.953125,"width":1920,"height":1564.03125},"37":{"x":0,"y":3495.984375,"width":1920,"height":872.140625},"38":{"x":0,"y":4368.125,"width":1920,"height":260.59375},"39":null,"40":null,"41":{"x":1202,"y":20,"width":328,"height":50},"42":{"x":0,"y":384,"width":1920,"height":60},"43":{"x":0,"y":1190,"width":1920,"height":122},"44":{"x":375,"y":1190,"width":1170,"height":122},"45":{"x":375,"y":1312,"width":1170,"height":41},"46":{"x":375,"y":1353,"width":1170,"height":448.953125},"47":{"x":390,"y":1801.953125,"width":0,"height":0},"48":{"x":0,"y":2041.953125,"width":1920,"height":122},"49":{"x":375,"y":2041.953125,"width":1170,"height":122},"50":{"x":375,"y":2041.953125,"width":1170,"height":122},"51":{"x":570,"y":2041.953125,"width":780,"height":122},"52":{"x":375,"y":2163.953125,"width":1170,"height":1222.03125},"53":{"x":375,"y":2163.953125,"width":1170,"height":61},"54":{"x":862.5,"y":2163.953125,"width":195,"height":61},"55":{"x":375,"y":2274.953125,"width":1170,"height":232.171875},"56":{"x":395,"y":2294.953125,"width":753.328125,"height":192.171875},"57":{"x":410,"y":2294.953125,"width":723.328125,"height":172.171875},"58":{"x":410,"y":2294.953125,"width":723.328125,"height":172.171875},"59":{"x":410,"y":2294.953125,"width":723.328125,"height":172.171875},"60":{"x":410,"y":2294.953125,"width":0,"height":0},"61":{"x":410,"y":2294.953125,"width":723.328125,"height":19.796875},"62":{"x":410,"y":2293.953125,"width":626,"height":21},"63":{"x":410,"y":2346.75,"width":278,"height":16},"64":{"x":410,"y":2346.75,"width":278,"height":16},"65":{"x":410,"y":2364.75,"width":723.328125,"height":102.375},"66":{"x":410,"y":2367.75,"width":716,"height":95.78125},"67":{"x":1148.328125,"y":2314.953125,"width":376.65625,"height":115.546875},"68":{"x":1163.328125,"y":2363.734375,"width":346.65625,"height":16},"69":{"x":1163.328125,"y":2314.953125,"width":346.65625,"height":115.546875},"70":{"x":375,"y":2557.125,"width":1170,"height":257.765625},"71":{"x":395,"y":2577.125,"width":753.328125,"height":217.765625},"72":{"x":410,"y":2577.125,"width":723.328125,"height":197.765625},"73":{"x":410,"y":2577.125,"width":723.328125,"height":197.765625},"74":{"x":410,"y":2577.125,"width":723.328125,"height":197.765625},"75":{"x":410,"y":2577.125,"width":0,"height":0},"76":{"x":410,"y":2577.125,"width":723.328125,"height":19.796875},"77":{"x":410,"y":2576.125,"width":513,"height":21},"78":{"x":410,"y":2628.921875,"width":95,"height":16},"79":{"x":410,"y":2628.921875,"width":95,"height":16},"80":{"x":410,"y":2646.921875,"width":723.328125,"height":127.96875},"81":{"x":410,"y":2649.921875,"width":721,"height":121.375},"82":{"x":1148.328125,"y":2597.125,"width":376.65625,"height":126.625},"83":{"x":1163.328125,"y":2651.4375,"width":346.65625,"height":16},"84":{"x":1163.328125,"y":2597.125,"width":346.65625,"height":126.625},"85":{"x":375,"y":2864.890625,"width":1170,"height":213.328125},"86":{"x":395,"y":2884.890625,"width":753.328125,"height":166.578125},"87":{"x":410,"y":2884.890625,"width":723.328125,"height":146.578125},"88":{"x":410,"y":2884.890625,"width":723.328125,"height":146.578125},"89":{"x":410,"y":2884.890625,"width":723.328125,"height":146.578125},"90":{"x":410,"y":2884.890625,"width":0,"height":0},"91":{"x":410,"y":2884.890625,"width":723.328125,"height":19.796875},"92":{"x":410,"y":2883.890625,"width":396,"height":21},"93":{"x":410,"y":2936.6875,"width":284,"height":16},"94":{"x":410,"y":2936.6875,"width":284,"height":16},"95":{"x":410,"y":2954.6875,"width":723.328125,"height":76.78125},"96":{"x":410,"y":2957.6875,"width":721,"height":70.1875},"97":{"x":1148.328125,"y":2884.890625,"width":376.65625,"height":173.328125},"98":{"x":1336.65625,"y":2962.5625,"width":173.328125,"height":16},"99":{"x":1336.65625,"y":2884.890625,"width":173.328125,"height":173.328125},"100":{"x":375,"y":3128.21875,"width":1170,"height":257.765625},"101":{"x":395,"y":3148.21875,"width":753.328125,"height":217.765625},"102":{"x":410,"y":3148.21875,"width":723.328125,"height":197.765625},"103":{"x":410,"y":3148.21875,"width":723.328125,"height":197.765625},"104":{"x":410,"y":3148.21875,"width":723.328125,"height":197.765625},"105":{"x":410,"y":3148.21875,"width":0,"height":0},"106":{"x":410,"y":3148.21875,"width":723.328125,"height":19.796875},"107":{"x":410,"y":3147.21875,"width":120,"height":21},"108":{"x":410,"y":3200.015625,"width":160,"height":16},"109":{"x":410,"y":3200.015625,"width":160,"height":16},"110":{"x":410,"y":3218.015625,"width":723.328125,"height":127.96875},"111":{"x":410,"y":3221.015625,"width":718,"height":70.1875},"112":{"x":410,"y":3218.015625,"width":0,"height":0},"113":{"x":410,"y":3218.015625,"width":0,"height":0},"114":{"x":410,"y":3323.390625,"width":405,"height":19},"115":{"x":1148.328125,"y":3198.21875,"width":376.65625,"height":64.984375},"116":{"x":1163.328125,"y":3221.71875,"width":346.65625,"height":16},"117":{"x":1163.328125,"y":3198.21875,"width":346.65625,"height":64.984375},"118":{"x":0,"y":3605.984375,"width":1920,"height":122},"119":{"x":375,"y":3605.984375,"width":1170,"height":122},"120":{"x":375,"y":3605.984375,"width":1170,"height":122},"121":{"x":570,"y":3605.984375,"width":780,"height":122},"122":{"x":375,"y":3727.984375,"width":1170,"height":530.140625},"123":{"x":375,"y":3727.984375,"width":1170,"height":61},"124":{"x":862.5,"y":3727.984375,"width":195,"height":61},"125":{"x":375,"y":3788.984375,"width":1170,"height":325.140625},"126":{"x":375,"y":3788.984375,"width":1170,"height":325.140625},"127":{"x":375,"y":4114.125,"width":1170,"height":144},"128":{"x":375,"y":4114.125,"width":1170,"height":144},"129":{"x":375,"y":4418.125,"width":1170,"height":160.59375},"130":{"x":375,"y":4418.125,"width":1170,"height":160.59375},"131":{"x":375,"y":4418.125,"width":1170,"height":160.59375},"132":{"x":390,"y":25,"width":112,"height":40},"133":{"x":585,"y":1190,"width":750,"height":122},"134":{"x":585,"y":1190,"width":750,"height":122},"135":{"x":585,"y":1190,"width":750,"height":44},"136":{"x":841.5,"y":1189,"width":237,"height":46},"137":{"x":951,"y":1264,"width":18,"height":28},"138":{"x":951,"y":1263,"width":18,"height":29},"139":{"x":390,"y":1373,"width":360,"height":428.953125},"140":{"x":390,"y":1373,"width":360,"height":428.953125},"141":{"x":410,"y":1393,"width":320,"height":368.953125},"142":{"x":410,"y":1393,"width":320,"height":15.390625},"143":{"x":532,"y":1392,"width":76,"height":16},"144":{"x":410,"y":1418.390625,"width":320,"height":25.59375},