{"3":{"x":0,"y":0,"width":1536,"height":864},"4":{"x":420,"y":128.390625,"width":80,"height":80},"5":{"x":529,"y":226.28125,"width":582,"height":48.28125},"6":{"x":468,"y":369.5625,"width":600,"height":140},"7":{"x":1397,"y":16,"width":29,"height":30.390625},"8":{"x":1304,"y":16,"width":77,"height":30.390625},"9":{"x":1203,"y":16,"width":85,"height":30.390625},"10":{"x":468,"y":549.5625,"width":600,"height":28},"12":{"x":388,"y":311.5625,"width":760,"height":3450.65625},"13":{"x":24,"y":0,"width":1488,"height":62.390625},"14":{"x":528,"y":16,"width":480,"height":30.390625},"15":{"x":738,"y":21,"width":60,"height":20},"16":{"x":1008,"y":16,"width":480,"height":30.390625},"17":{"x":1442,"y":16,"width":46,"height":30.390625},"18":{"x":0,"y":62.390625,"width":1536,"height":4328.203125},"19":{"x":348,"y":44.390625,"width":840,"height":4346.203125},"20":{"x":468,"y":702.5625,"width":557,"height":49},"21":{"x":468,"y":785.5625,"width":604,"height":594.65625},"22":{"x":48,"y":16,"width":480,"height":30.390625},"23":{"x":388,"y":84.390625,"width":760,"height":227.171875},"24":{"x":529,"y":121.390625,"width":582,"height":153.171875},"25":{"x":529,"y":225.28125,"width":478,"height":49.140625},"26":{"x":468,"y":372.5625,"width":579,"height":133},"27":{"x":468,"y":597.5625,"width":600,"height":56},"28":{"x":468,"y":600.5625,"width":537,"height":49},"29":{"x":468,"y":671.5625,"width":600,"height":84},"30":{"x":468,"y":674.5625,"width":118,"height":21},"31":{"x":468,"y":674.5625,"width":583,"height":49},"32":{"x":468,"y":773.5625,"width":600,"height":626.65625},"33":{"x":0,"y":0,"width":1536,"height":4856.1875},"34":{"x":0,"y":0,"width":1536,"height":4856.1875},"35":{"x":0,"y":0,"width":1536,"height":4856.1875},"36":null,"37":null,"38":{"x":1536,"y":0,"width":0,"height":0},"39":{"x":0,"y":0,"width":1536,"height":4856.1875},"40":{"x":0,"y":0,"width":1,"height":1},"41":{"x":1536,"y":0,"width":300,"height":150},"42":{"x":0,"y":0,"width":1536,"height":62.390625},"43":{"x":0,"y":62.390625,"width":1536,"height":4328.203125},"44":{"x":0,"y":4430.59375,"width":1536,"height":425.59375},"45":{"x":48,"y":15,"width":94,"height":29},"46":{"x":528,"y":22,"width":480,"height":18.390625},"47":{"x":0,"y":62.390625,"width":1536,"height":102},"48":{"x":529,"y":121.390625,"width":582,"height":34.5},"49":{"x":539,"y":178.890625,"width":117,"height":15},"50":{"x":468,"y":773.5625,"width":600,"height":626.65625},"51":{"x":468,"y":1424.21875,"width":600,"height":28},"52":{"x":468,"y":1476.21875,"width":600,"height":140},"53":{"x":468,"y":1634.21875,"width":600,"height":56},"54":{"x":468,"y":1708.21875,"width":600,"height":84},"55":{"x":468,"y":1816.21875,"width":600,"height":28},"56":{"x":468,"y":1868.21875,"width":600,"height":84},"57":{"x":468,"y":1970.21875,"width":600,"height":112},"58":{"x":468,"y":2106.21875,"width":600,"height":28},"59":{"x":468,"y":2158.21875,"width":600,"height":84},"60":{"x":468,"y":2260.21875,"width":600,"height":112},"61":{"x":468,"y":2396.21875,"width":600,"height":28},"62":{"x":468,"y":2448.21875,"width":600,"height":140},"63":{"x":468,"y":2606.21875,"width":600,"height":56},"64":{"x":468,"y":2686.21875,"width":600,"height":28},"65":{"x":468,"y":2738.21875,"width":600,"height":112},"66":{"x":468,"y":2890.21875,"width":600,"height":28},"67":{"x":468,"y":2938.21875,"width":600,"height":84},"68":{"x":468,"y":3040.21875,"width":600,"height":56},"69":{"x":468,"y":3114.21875,"width":600,"height":112},"70":{"x":468,"y":3266.21875,"width":600,"height":28},"71":{"x":468,"y":3314.21875,"width":600,"height":112},"72":{"x":468,"y":3466.21875,"width":600,"height":240},"73":{"x":468,"y":3466.21875,"width":600,"height":28},"74":{"x":468,"y":3518.21875,"width":600,"height":56},"75":{"x":468,"y":3590.21875,"width":600,"height":28},"76":{"x":468,"y":3634.21875,"width":600,"height":28},"77":{"x":468,"y":3678.21875,"width":600,"height":28},"78":{"x":388,"y":3778.21875,"width":760,"height":92},"79":{"x":412,"y":3794.21875,"width":582.390625,"height":60},"80":{"x":412,"y":3809.21875,"width":179,"height":29},"81":{"x":1002.390625,"y":3798.21875,"width":48,"height":48},"82":{"x":1066.390625,"y":3798.21875,"width":48,"height":48},"83":{"x":388,"y":3930.21875,"width":760,"height":27.59375},"84":{"x":388,"y":3981.8125,"width":760,"height":368.78125},"85":{"x":388,"y":3981.8125,"width":368,"height":368.78125},"86":{"x":780,"y":3981.8125,"width":368,"height":368.78125},"87":{"x":288,"y":4442.59375,"width":960,"height":267.59375},"88":{"x":288,"y":4482.59375,"width":480,"height":227.59375},"89":{"x":288,"y":4506.59375,"width":480,"height":27.59375},"90":{"x":288,"y":4558.1875,"width":480,"height":48},"91":{"x":288,"y":4622.1875,"width":480,"height":52},"92":{"x":808,"y":4482.59375,"width":480,"height":227.59375},"93":{"x":808,"y":4506.59375,"width":480,"height":27.59375},"94":{"x":808,"y":4558.1875,"width":480,"height":72},"95":{"x":808,"y":4646.1875,"width":480,"height":48},"96":{"x":288,"y":4750.1875,"width":960,"height":56},"97":{"x":288,"y":4766.1875,"width":480,"height":24},"98":{"x":808,"y":4766.1875,"width":480,"height":24},"99":{"x":1183,"y":4766.1875,"width":105,"height":24},"100":{"x":1100,"y":4766.1875,"width":59,"height":24},"101":{"x":48,"y":15,"width":94,"height":29},"102":{"x":1442,"y":21,"width":46,"height":20},"103":{"x":1397,"y":21,"width":29,"height":20},"104":{"x":1304,"y":21,"width":77,"height":20},"105":{"x":1203,"y":21,"width":85,"height":20},"106":{"x":529,"y":120.390625,"width":291,"height":36},"107":{"x":468,"y":545.5625,"width":195,"height":36},"108":{"x":468,"y":1423.21875,"width":66,"height":29},"109":{"x":468,"y":1479.21875,"width":576,"height":133},"110":{"x":468,"y":1637.21875,"width":567,"height":49},"111":{"x":468,"y":1711.21875,"width":244,"height":21},"112":{"x":712,"y":1711.21875,"width":231,"height":21},"113":{"x":468,"y":1711.21875,"width":578,"height":77},"114":{"x":468,"y":1815.21875,"width":158,"height":29},"115":{"x":468,"y":1871.21875,"width":522,"height":77},"116":{"x":468,"y":1973.21875,"width":294,"height":21},"117":{"x":762,"y":1973.21875,"width":204,"height":21},"118":{"x":468,"y":1973.21875,"width":578,"height":105},"119":{"x":468,"y":2105.21875,"width":109,"height":29},"120":{"x":468,"y":2161.21875,"width":599,"height":77},"121":{"x":468,"y":2263.21875,"width":578,"height":105},"122":{"x":468,"y":2395.21875,"width":97,"height":29},"123":{"x":468,"y":2451.21875,"width":578,"height":133},"124":{"x":468,"y":2609.21875,"width":588,"height":49},"125":{"x":468,"y":2685.21875,"width":107,"height":29},"126":{"x":468,"y":2741.21875,"width":595,"height":105},"127":{"x":468,"y":2886.21875,"width":534,"height":36},"128":{"x":468,"y":2941.21875,"width":587,"height":77},"129":{"x":468,"y":3043.21875,"width":541,"height":49},"130":{"x":508,"y":3114.21875,"width":560,"height":28},"131":{"x":508,"y":3142.21875,"width":560,"height":28},"132":{"x":508,"y":3170.21875,"width":560,"height":28},"133":{"x":508,"y":3198.21875,"width":560,"height":28},"134":{"x":468,"y":3262.21875,"width":152,"height":36},"135":{"x":468,"y":3317.21875,"width":386,"height":21},"136":{"x":468,"y":3317.21875,"width":543,"height":49},"137":{"x":468,"y":3345.21875,"width":576,"height":77},"138":{"x":468,"y":3465.21875,"width":102,"height":29},"139":{"x":468,"y":3521.21875,"width":555,"height":49},"140":{"x":468,"y":3593.21875,"width":509,"height":21},"141":{"x":468,"y":3637.21875,"width":282,"height":21},"142":{"x":468,"y":3681.21875,"width":319,"height":21},"143":{"x":1014.390625,"y":3810.21875,"width":24,"height":24},"144":{"x":971.203125,"y":3730.21875,"width":112,"height":52},"145":{"x":993.703125,"y":3746.21875,"width":67,"height":20},"146":{"x":1078.390625,"y":3818.21875,"width":24,"height":20},"147":{"x":1035.203125,"y":3710.21875,"width":112,"height":72},"148":{"x":1058.203125,"y":3726.21875,"width":66,"height":40},"149":{"x":388,"y":3929.21875,"width":68,"height":29},"150":{"x":456,"y":3929.21875,"width":199,"height":29},"151":{"x":655,"y":3929.21875,"width":69,