{"3":{"x":0,"y":0,"width":1920,"height":1080},"4":{"x":1329,"y":590.796875,"width":281,"height":153.390625},"5":{"x":1543,"y":709.1875,"width":24,"height":24},"6":{"x":0,"y":1080,"width":1920,"height":50},"7":{"x":944,"y":1038,"width":32,"height":32},"8":{"x":944,"y":1038,"width":32,"height":32},"9":{"x":944,"y":1038,"width":32,"height":32},"10":{"x":0,"y":1010,"width":1920,"height":849.9375},"12":{"x":310,"y":254.421875,"width":900,"height":634.96875},"16":{"x":242,"y":16.25,"width":110,"height":37.5},"17":{"x":374.5,"y":16.25,"width":111,"height":37.5},"18":{"x":1549.5,"y":18.25,"width":55,"height":33.5},"19":{"x":1627,"y":18.25,"width":30,"height":33.5},"20":{"x":1679.5,"y":18.25,"width":78,"height":33.5},"21":{"x":1780,"y":18.25,"width":120,"height":33.5},"22":{"x":25,"y":20.7578125,"width":40,"height":28.484375},"23":{"x":70,"y":16.25,"width":1830,"height":37.5},"24":{"x":310,"y":0,"width":1300,"height":1080},"25":{"x":310,"y":254.421875,"width":900,"height":641.15625},"26":{"x":1329,"y":590.796875,"width":281,"height":37.796875},"27":{"x":1329,"y":628.59375,"width":281,"height":37.796875},"28":{"x":1329,"y":696.390625,"width":281,"height":47.796875},"29":{"x":360,"y":1290,"width":1200,"height":419.9375},"30":{"x":0,"y":0,"width":1920,"height":70},"31":{"x":360,"y":1288,"width":398,"height":61},"32":{"x":0,"y":0,"width":1920,"height":7314.609375},"33":{"x":0,"y":0,"width":1920,"height":7314.609375},"34":{"x":0,"y":0,"width":1920,"height":1080},"35":{"x":0,"y":1789.9375,"width":1920,"height":757.359375},"36":{"x":0,"y":2477.296875,"width":1920,"height":849.8125},"37":{"x":0,"y":3257.109375,"width":1920,"height":664.734375},"38":{"x":0,"y":3851.84375,"width":1920,"height":923.296875},"39":{"x":0,"y":4705.140625,"width":1920,"height":2035.96875},"40":{"x":0,"y":6671.109375,"width":1920,"height":592.3125},"41":{"x":0,"y":7263.421875,"width":1920,"height":51.1875},"42":{"x":20,"y":0,"width":1880,"height":70},"43":{"x":20,"y":10,"width":50,"height":50},"44":null,"45":null,"46":null,"47":null,"48":null,"49":{"x":0,"y":1080,"width":1920,"height":779.9375},"50":{"x":360,"y":1290,"width":1200,"height":419.9375},"51":{"x":360,"y":1290,"width":1200,"height":57.59375},"52":{"x":360,"y":1383.59375,"width":1200,"height":25.1875},"53":{"x":360,"y":1504.78125,"width":1200,"height":57.59375},"54":{"x":360,"y":1598.375,"width":1200,"height":50.375},"55":{"x":360,"y":1684.75,"width":1200,"height":25.1875},"56":{"x":0,"y":1859.9375,"width":1920,"height":687.359375},"57":{"x":360,"y":2009.9375,"width":1200,"height":387.359375},"58":{"x":360,"y":2009.9375,"width":1200,"height":387.359375},"59":{"x":360,"y":2009.9375,"width":480,"height":387.359375},"60":{"x":840,"y":2019.9375,"width":720,"height":377.359375},"61":{"x":840,"y":2019.9375,"width":720,"height":377.359375},"62":{"x":840,"y":2019.9375,"width":720,"height":50.375},"63":{"x":840,"y":2130.3125,"width":720,"height":266.984375},"64":{"x":0,"y":2547.296875,"width":1920,"height":779.8125},"65":{"x":360,"y":2697.296875,"width":1200,"height":479.8125},"66":{"x":360,"y":2697.296875,"width":193,"height":56},"67":{"x":360,"y":2773.296875,"width":1200,"height":25.1875},"68":{"x":336,"y":2798.484375,"width":1248,"height":378.625},"69":{"x":336,"y":2798.484375,"width":249.59375,"height":378.625},"70":{"x":360.953125,"y":2858.484375,"width":0,"height":0},"71":{"x":585.59375,"y":2798.484375,"width":249.59375,"height":378.625},"72":{"x":610.546875,"y":2858.484375,"width":0,"height":0},"73":{"x":0,"y":3327.109375,"width":1920,"height":594.734375},"74":{"x":0,"y":3327.109375,"width":1920,"height":594.734375},"75":{"x":0,"y":3327.109375,"width":1920,"height":594.734375},"76":{"x":360,"y":3519.109375,"width":1200,"height":210.734375},"77":{"x":360,"y":3519.109375,"width":1200,"height":210.734375},"78":{"x":360,"y":3519.109375,"width":480,"height":210.734375},"79":{"x":840,"y":3529.109375,"width":720,"height":200.734375},"80":{"x":840,"y":3529.109375,"width":720,"height":236.734375},"81":{"x":840,"y":3529.109375,"width":720,"height":125.9375},"82":{"x":840,"y":3731.046875,"width":310.8125,"height":34.796875},"83":{"x":0,"y":3921.84375,"width":1920,"height":853.296875},"84":{"x":360,"y":4071.84375,"width":1200,"height":553.296875},"85":{"x":360,"y":4071.84375,"width":445,"height":56},"86":{"x":360,"y":4147.84375,"width":1200,"height":25.1875},"87":{"x":336,"y":4173.03125,"width":1248,"height":452.109375},"88":{"x":336,"y":4173.03125,"width":312,"height":452.109375},"89":{"x":360.953125,"y":4233.03125,"width":262.09375,"height":257.171875},"90":{"x":360.953125,"y":4499.203125,"width":262.09375,"height":0},"91":{"x":360.953125,"y":4499.203125,"width":262.09375,"height":100.75},"92":{"x":360.953125,"y":4599.953125,"width":262.09375,"height":0},"93":{"x":648,"y":4173.03125,"width":312,"height":452.109375},"94":{"x":672.953125,"y":4233.03125,"width":262.09375,"height":257.171875},"95":{"x":672.953125,"y":4499.203125,"width":262.09375,"height":0},"96":{"x":672.953125,"y":4499.203125,"width":262.09375,"height":75.5625},"97":{"x":672.953125,"y":4574.765625,"width":262.09375,"height":0},"98":{"x":960,"y":4173.03125,"width":312,"height":452.109375},"99":{"x":984.953125,"y":4233.03125,"width":262.09375,"height":288.671875},"100":{"x":984.953125,"y":4530.703125,"width":262.09375,"height":0},"101":{"x":984.953125,"y":4530.703125,"width":262.09375,"height":75.5625},"102":{"x":984.953125,"y":4606.265625,"width":262.09375,"height":0},"103":{"x":1272,"y":4173.03125,"width":312,"height":452.109375},"104":{"x":1296.953125,"y":4233.03125,"width":262.09375,"height":257.171875},"105":{"x":1296.953125,"y":4499.203125,"width":262.09375,"height":0},"106":{"x":1296.953125,"y":4499.203125,"width":262.09375,"height":125.9375},"107":{"x":1296.953125,"y":4625.140625,"width":262.09375,"height":0},"108":{"x":0,"y":4775.140625,"width":1920,"height":1965.96875},"109":{"x":360,"y":4925.140625,"width":1200,"height":1665.96875},"110":{"x":360,"y":4925.140625,"width":1200,"height":1665.96875},"111":{"x":360,"y":4925.140625,"width":404.96875,"height":1665.96875},"112":{"x":360,"y":4925.140625,"width":192,"height":56},"113":{"x":360,"y":5001.140625,"width":384.96875,"height":50.375},"114":{"x":764.96875,"y":4935.140625,"width":795.03125,"height":1655.96875},"115":{"x":764.96875,"y":4935.140625,"width":795.03125,"height":444.90625},"116":{"x":1182.484375,"y":4935.140625,"width":377.515625,"height":444.90625},"117":{"x":764.96875,"y":5400.046875,"width":795.03125,"height":814.28125},"118":{"x":804.96875,"y":5400.046875,"width":377.515625,"height":436.53125},"119":{"x":1182.484375,"y":5400.046875,"width":377.515625,"height":436.53125},"120":{"x":1182.484375,"y":5836.578125,"width":377.515625,"height":377.75},"121":{"x":764.96875,"y":6234.328125,"width":795.03125,"height":110},"122":{"x":900,"y":6234.328125,"width":220,"height":110},"123":{"x":1120,"y":6234.328125,"width":220,"height":110},"124":{"x":1340,"y":6234.328125,"width":220,"height":110},"125":{"x":764.96875,"y":6364.328125,"width":795.03125,"height":110},"126":{"x":1340,"y":6364.328125,"width":220,"height":110},"127":{"x":764.96875,"y":6494.328125,"width":795.03125,"height":76.78125},"128":{"x":0,"y":6741.109375,"width":1920,"height":522.3125},"129":{"x":360,"y":6891.109375,"width":1200,"height":222.3125},"130":{"x":360,"y":6891.109375,"width":1200,"height":222.3125},"131":{"x":360,"y":6891.109375,"width":480,"height":222.3125},"132":{"x":840,"y":6901.109375,"width":720,"height":212.3125},"133":{"x":840,"y":6901.109375,"width":720,"height":212.3125},"134":{"x":840,"y":6901.109375,"width":720,"height":75.5625},"135":{"x":840,"y":7012.671875,"width":720,"height":100.75},"136":{"x":0,"y":7263.421875,"width":1920,"height":51.1875},"137":{"x":360,"y":7274.421875,"width":1200,"height":30.1875},"138":{"x":360,"y":7274.421875,"width":1200,"height":30.1875},"139":{"x":360,"y":7279.71875,"width":221,"height":19.59375},"140":{"x":1536,"y":7274.421875,"width":24,"height":30.1875},"141":{"x":92.5,"y":16.25,"width":127,