{"3":{"x":0,"y":0,"width":1920,"height":1080},"4":{"x":1210,"y":66,"width":44,"height":44},"5":{"x":685,"y":594.546875,"width":550,"height":105.28125},"6":{"x":960,"y":291.171875,"width":275,"height":18},"7":{"x":685,"y":439.171875,"width":550,"height":140.375},"15":{"x":660,"y":60,"width":600,"height":4255.078125},"16":{"x":660,"y":59,"width":594,"height":60},"17":{"x":1198,"y":59,"width":56,"height":60},"18":{"x":1140,"y":127,"width":58,"height":28},"19":{"x":685,"y":232.171875,"width":550,"height":58},"20":{"x":685,"y":232.171875,"width":547.5,"height":33},"21":{"x":685,"y":290.171875,"width":550,"height":2067.59375},"22":{"x":685,"y":290.171875,"width":550,"height":20},"23":{"x":685,"y":334.171875,"width":550,"height":1999.59375},"24":{"x":685,"y":905.296875,"width":550,"height":70.1875},"25":{"x":660,"y":60,"width":600,"height":4255.078125},"27":{"x":1171,"y":135,"width":27,"height":14},"28":{"x":717,"y":126,"width":88,"height":20},"29":{"x":805,"y":126,"width":45,"height":20},"30":{"x":850,"y":126,"width":57,"height":20},"31":{"x":907,"y":126,"width":81,"height":20},"32":{"x":660,"y":159.390625,"width":600,"height":42.78125},"33":{"x":733,"y":162.390625,"width":4,"height":16},"34":{"x":745,"y":162.390625,"width":58,"height":16},"35":{"x":811,"y":162.390625,"width":4,"height":16},"36":{"x":823,"y":162.390625,"width":84,"height":16},"37":{"x":915,"y":162.390625,"width":4,"height":16},"38":{"x":927,"y":162.390625,"width":40,"height":16},"39":{"x":975,"y":162.390625,"width":4,"height":16},"40":{"x":987,"y":162.390625,"width":46,"height":16},"41":{"x":1041,"y":162.390625,"width":4,"height":16},"42":{"x":1053,"y":162.390625,"width":59,"height":16},"43":{"x":1120,"y":162.390625,"width":4,"height":16},"44":{"x":1132,"y":162.390625,"width":83,"height":16},"45":{"x":1223,"y":162.390625,"width":4,"height":16},"46":{"x":660,"y":202.171875,"width":600,"height":2155.59375},"47":{"x":1194,"y":293.171875,"width":41,"height":14},"48":{"x":685,"y":388.171875,"width":550,"height":21},"49":{"x":782,"y":390.171875,"width":12,"height":16},"50":{"x":793,"y":390.171875,"width":72,"height":16},"51":{"x":865,"y":390.171875,"width":86,"height":16},"52":{"x":951,"y":390.171875,"width":62,"height":16},"53":{"x":685,"y":439.171875,"width":550,"height":671.59375},"54":{"x":912,"y":444.171875,"width":36,"height":24},"55":{"x":685,"y":444.171875,"width":536,"height":129.28125},"56":{"x":685,"y":634.640625,"width":106,"height":24},"57":{"x":685,"y":634.640625,"width":529,"height":59.09375},"58":{"x":685,"y":714.828125,"width":550,"height":175.46875},"59":{"x":685,"y":910.296875,"width":532,"height":59.09375},"60":{"x":722,"y":945.390625,"width":373,"height":24},"61":{"x":685,"y":990.484375,"width":550,"height":70.1875},"62":{"x":685,"y":1075.671875,"width":550,"height":35.09375},"66":{"x":0,"y":0,"width":1920,"height":4315.078125},"67":{"x":660,"y":60,"width":0,"height":0},"68":{"x":660,"y":60,"width":600,"height":59},"69":{"x":660,"y":119,"width":600,"height":30.390625},"70":{"x":685,"y":2417.765625,"width":550,"height":1897.3125},"71":{"x":685,"y":2417.765625,"width":550,"height":132.734375},"72":{"x":685,"y":2570.5,"width":550,"height":1744.578125},"73":{"x":1144,"y":130,"width":20,"height":20},"74":{"x":1140,"y":127,"width":27,"height":28},"75":{"x":684,"y":126,"width":33,"height":20},"76":{"x":717,"y":126,"width":88,"height":20},"77":{"x":850,"y":126,"width":57,"height":20},"78":{"x":660,"y":159.390625,"width":600,"height":42.78125},"79":{"x":685,"y":232.171875,"width":0,"height":0},"80":{"x":685,"y":266.171875,"width":550,"height":12},"81":{"x":685,"y":291.171875,"width":275,"height":18},"82":{"x":685,"y":2417.765625,"width":550,"height":132.734375},"83":{"x":685,"y":2570.5,"width":550,"height":497.375},"84":{"x":685,"y":2570.5,"width":550,"height":60},"85":{"x":685,"y":2642.5,"width":550,"height":425.375},"86":{"x":791,"y":3117.875,"width":338,"height":335.953125},"87":{"x":685,"y":3499.828125,"width":550,"height":507.03125},"88":{"x":685,"y":3499.828125,"width":550,"height":18.1875},"89":{"x":685,"y":3566.015625,"width":550,"height":36.375},"90":{"x":685,"y":3650.390625,"width":550,"height":85.15625},"91":{"x":685,"y":3783.546875,"width":550,"height":36.375},"92":{"x":685,"y":3867.921875,"width":550,"height":54.5625},"93":{"x":685,"y":3970.484375,"width":550,"height":36.375},"94":{"x":685,"y":4054.859375,"width":550,"height":18.1875},"95":{"x":685,"y":4121.046875,"width":550,"height":36.375},"96":{"x":685,"y":4205.421875,"width":550,"height":43.46875},"97":{"x":685,"y":4205.421875,"width":550,"height":43.46875},"98":{"x":685,"y":4296.890625,"width":550,"height":18.1875},"99":{"x":660,"y":62,"width":150,"height":46},"100":{"x":680,"y":162.390625,"width":45,"height":16},"101":{"x":745,"y":162.390625,"width":58,"height":16},"102":{"x":823,"y":162.390625,"width":84,"height":16},"103":{"x":927,"y":162.390625,"width":40,"height":16},"104":{"x":987,"y":162.390625,"width":46,"height":16},"105":{"x":1053,"y":162.390625,"width":59,"height":16},"106":{"x":1132,"y":162.390625,"width":83,"height":16},"107":{"x":672,"y":162.390625,"width":579,"height":36.390625},"108":{"x":672,"y":162.390625,"width":579,"height":36.390625},"109":{"x":1235,"y":163.390625,"width":16,"height":16},"110":{"x":660,"y":159.390625,"width":0,"height":0},"111":{"x":672,"y":184.78125,"width":46,"height":14},"112":{"x":672,"y":184.78125,"width":46,"height":14},"113":{"x":718,"y":182.78125,"width":12,"height":16},"114":{"x":692,"y":239.171875,"width":533.5,"height":19},"115":{"x":692,"y":239.171875,"width":533.5,"height":19},"116":{"x":685,"y":293.171875,"width":65,"height":14},"117":{"x":1194,"y":293.171875,"width":41,"height":14},"118":{"x":685,"y":334.171875,"width":550,"height":75},"119":{"x":685,"y":1140.765625,"width":550,"height":20},"120":{"x":685,"y":1141.765625,"width":275,"height":18},"121":{"x":960,"y":1141.765625,"width":275,"height":18},"122":{"x":685,"y":1160.765625,"width":550,"height":72},"123":{"x":685,"y":1250.765625,"width":550,"height":72},"124":{"x":685,"y":1340.765625,"width":550,"height":993},"125":{"x":685,"y":2357.765625,"width":0,"height":0},"126":{"x":805,"y":2417.765625,"width":310,"height":132.734375},"127":{"x":806,"y":2430.765625,"width":308,"height":83.609375},"128":{"x":935,"y":2452.765625,"width":50,"height":16},"129":{"x":806,"y":2492.765625,"width":308,"height":21.609375},"130":{"x":806,"y":2517.375,"width":308,"height":17.125},"131":{"x":836,"y":2517.375,"width":278,"height":0},"132":{"x":806,"y":2517.375,"width":308,"height":17.125},"133":{"x":926,"y":2574.5,"width":68,"height":16},"134":{"x":685,"y":2661.5,"width":550,"height":30},"135":{"x":685,"y":2739.5,"width":550,"height":328.375},"136":{"x":685,"y":2739.5,"width":550,"height":24},"137":{"x":685,"y":2778.5,"width":550,"height":24},"138":{"x":685,"y":2817.5,"width":550,"height":24},"139":{"x":685,"y":2856.5,"width":550,"height":51.375},"140":{"x":685,"y":2919.875,"width":550,"height":148},"141":{"x":685,"y":2932.875,"width":550,"height":96},"142":{"x":685,"y":3043.875,"width":550,"height":24},"143":{"x":798,"y":3130.875,"width":324,"height":81},"144":{"x":812,"y":3235.875,"width":296,"height":16.390625},"145":{"x":798,"y":3255.265625,"width":324,"height":106.78125},"146":{"x":820,"y":3255.265625,"width":138.59375,"height":100.78125},"147":{"x":988.59375,"y":3287.859375,"width":113.40625,"height":68.1875},"148":{"x":812,"y":3371.046875,"width":296,"height":16.390625},"149":{"x":798,"y":3390.4375,"width":324,"height":56.390625},"150":{"x":820,"y":3390.4375,"width":138.59375,"height":50.390625},"151":{"x":988.59375,"y":3390.4375,"width":113.40625,"height":50.390625},"152":{"x":930,"y":3501.828125,"width":60,"height":14},"153":{"x":911.5,"y":3567.015625,"width":38,"height":15},"154":{"x":949.5,"y":3568.015625,"width":60,"height":14},"155":{"x":685,"y":3566.015625,"width":0,"height":0},"156":{"x":901.5,"y":3586.203125,"width":117,"height":14},"157":{"x":916,"y":3667.609375,"width":88,"height":14},"158":{"x":685,