{"3":{"x":0,"y":0,"width":1536,"height":864},"4":{"x":168,"y":160.5625,"width":1200,"height":238},"6":{"x":108,"y":21,"width":1320,"height":421.5625},"7":{"x":168,"y":605.71875,"width":1200,"height":84},"8":{"x":168,"y":47,"width":133,"height":38},"9":null,"10":{"x":168,"y":439.5625,"width":865,"height":54},"11":{"x":1251,"y":669.5625,"width":70,"height":18},"12":{"x":168,"y":560.71875,"width":68,"height":126},"13":{"x":238,"y":580.71875,"width":793,"height":22},"14":{"x":168,"y":608.71875,"width":998,"height":78},"16":{"x":108,"y":21,"width":1320,"height":3335.90625},"17":{"x":168,"y":21,"width":1200,"height":111.5625},"18":{"x":168,"y":49,"width":251,"height":71.5625},"19":{"x":168,"y":160.5625,"width":1200,"height":238},"20":{"x":108,"y":442.5625,"width":1320,"height":2914.34375},"21":{"x":168,"y":442.5625,"width":1200,"height":1887.15625},"22":{"x":168,"y":442.5625,"width":1200,"height":1887.15625},"23":{"x":1236,"y":517.5625,"width":100,"height":172.390625},"24":{"x":1236,"y":667.5625,"width":100,"height":22.390625},"25":{"x":168,"y":533.5625,"width":1200,"height":1796.15625},"26":{"x":168,"y":689.71875,"width":1200,"height":56},"27":{"x":168,"y":745.71875,"width":1200,"height":140},"28":{"x":168,"y":885.71875,"width":1200,"height":140},"29":{"x":168,"y":1025.71875,"width":1200,"height":28},"30":{"x":168,"y":1053.71875,"width":1200,"height":84},"32":{"x":0,"y":21,"width":1536,"height":3426.90625},"33":{"x":21,"y":21,"width":1494,"height":3426.90625},"34":{"x":167,"y":513.53125,"width":106,"height":26},"35":{"x":168,"y":577.71875,"width":1200,"height":28},"36":{"x":168,"y":510.53125,"width":1200,"height":33.59375},"37":{"x":0,"y":0,"width":1536,"height":3468.90625},"38":{"x":-9999,"y":21,"width":0,"height":0},"39":null,"40":null,"41":null,"42":null,"43":null,"44":null,"45":null,"46":null,"47":null,"48":{"x":-9999,"y":21,"width":0,"height":0},"49":null,"50":null,"51":null,"52":null,"53":null,"54":null,"55":null,"56":null,"57":null,"58":{"x":-9999,"y":21,"width":0,"height":0},"59":null,"60":null,"61":null,"62":null,"63":null,"64":null,"65":null,"66":null,"67":null,"68":{"x":-9999,"y":21,"width":0,"height":0},"69":null,"70":null,"71":null,"72":null,"73":null,"74":null,"75":null,"76":null,"77":null,"78":{"x":-9999,"y":21,"width":0,"height":0},"79":null,"80":null,"81":null,"82":null,"83":null,"84":null,"85":null,"86":null,"87":null,"88":{"x":-9999,"y":21,"width":0,"height":0},"89":null,"90":null,"91":null,"92":null,"93":null,"94":null,"95":null,"96":null,"97":null,"98":{"x":-9999,"y":21,"width":0,"height":0},"99":null,"100":null,"101":null,"102":null,"103":null,"104":null,"105":null,"106":null,"107":null,"108":{"x":-9999,"y":21,"width":0,"height":0},"109":null,"110":null,"111":null,"112":null,"113":null,"114":null,"115":null,"116":null,"117":null,"119":{"x":21,"y":3356.90625,"width":1494,"height":91},"120":{"x":-139879,"y":-139966,"width":46,"height":29},"121":null,"122":null,"123":null,"124":null,"125":null,"126":null,"127":null,"128":null,"129":null,"130":null,"131":null,"132":null,"133":null,"134":null,"135":null,"136":null,"137":null,"138":null,"139":null,"140":null,"141":null,"142":null,"143":null,"144":null,"145":null,"146":null,"147":null,"148":null,"149":null,"150":null,"151":null,"152":null,"153":null,"154":null,"155":null,"156":null,"157":null,"158":null,"159":null,"160":null,"161":null,"162":null,"163":null,"164":null,"165":null,"166":null,"167":null,"168":null,"169":null,"170":null,"171":null,"172":null,"173":null,"174":null,"175":null,"176":null,"177":null,"178":null,"179":null,"180":null,"181":null,"182":null,"183":null,"184":null,"185":null,"186":null,"187":null,"188":null,"189":null,"190":null,"191":null,"192":null,"193":null,"194":null,"195":null,"196":null,"197":null,"198":null,"199":null,"200":null,"201":null,"202":null,"203":null,"204":null,"205":null,"206":null,"207":null,"208":null,"209":null,"210":null,"211":null,"212":null,"213":null,"214":null,"215":null,"216":null,"217":null,"218":null,"219":null,"220":null,"221":null,"222":{"x":88.90625,"y":3363.90625,"width":536,"height":21},"223":{"x":-139856,"y":-139948,"width":63,"height":67},"224":null,"225":{"x":596,"y":49,"width":772,"height":42.09375},"226":{"x":168,"y":160.5625,"width":1200,"height":238},"227":{"x":168,"y":2441.71875,"width":1200,"height":29},"228":{"x":168,"y":2470.71875,"width":1200,"height":774.1875},"229":{"x":88.90625,"y":3364.90625,"width":61,"height":18},"230":{"x":149.90625,"y":3364.90625,"width":3,"height":18},"231":{"x":152.90625,"y":3364.90625,"width":0,"height":18},"232":{"x":152.90625,"y":3364.90625,"width":437,"height":18},"233":{"x":589.90625,"y":3364.90625,"width":35,"height":18},"234":{"x":168,"y":49,"width":251,"height":35},"235":{"x":168,"y":91.75,"width":251,"height":28.8125},"236":{"x":582,"y":49,"width":800,"height":42.09375},"237":{"x":168,"y":442.5625,"width":1200,"height":1887.15625},"238":{"x":168,"y":2441.71875,"width":89,"height":22},"239":null,"240":{"x":167,"y":2440.71875,"width":1,"height":1},"241":{"x":167,"y":2441.71875,"width":41,"height":18},"242":{"x":168,"y":2443.71875,"width":71,"height":18},"243":{"x":239,"y":2441.71875,"width":18,"height":21},"244":{"x":257,"y":2441.71875,"width":129,"height":21},"245":{"x":256,"y":2440.71875,"width":1,"height":1},"246":{"x":256,"y":2442.71875,"width":47,"height":37},"247":{"x":257,"y":2443.71875,"width":111,"height":16},"248":{"x":368,"y":2441.71875,"width":18,"height":21},"249":{"x":385,"y":2440.71875,"width":1,"height":1},"250":{"x":385,"y":2442.71875,"width":73,"height":16},"251":{"x":386,"y":2443.71875,"width":35,"height":16},"252":{"x":421,"y":2443.71875,"width":6,"height":16},"253":{"x":427,"y":2443.71875,"width":81,"height":16},"254":{"x":168,"y":2470.71875,"width":1200,"height":774.1875},"255":{"x":88.90625,"y":3364.90625,"width":61,"height":18},"256":{"x":589.90625,"y":3364.90625,"width":35,"height":18},"257":{"x":168,"y":47,"width":133,"height":38},"258":{"x":168,"y":95.75,"width":251,"height":19},"259":{"x":582,"y":49,"width":800,"height":42.09375},"260":{"x":582,"y":49,"width":800,"height":42.09375},"261":{"x":168,"y":2443.71875,"width":71,"height":18},"262":{"x":257,"y":2443.71875,"width":111,"height":16},"263":{"x":386,"y":2443.71875,"width":36,"height":16},"264":{"x":427,"y":2443.71875,"width":81,"height":16},"265":{"x":168,"y":2470.71875,"width":1200,"height":58.1875},"266":{"x":168,"y":2528.90625,"width":1200,"height":716},"267":{"x":582,"y":49,"width":96,"height":42},"268":{"x":678,"y":49,"width":224,"height":42},"269":{"x":902,"y":49,"width":71,"height":42},"270":{"x":973,"y":49,"width":95,"height":42},"271":{"x":1068,"y":49,"width":78,"height":42},"272":{"x":1146,"y":49,"width":110,"height":42},"273":{"x":1256,"y":49,"width":78,"height":42},"274":{"x":1334,"y":49,"width":48,"height":42.09375},"275":{"x":168,"y":442.5625,"width":1200,"height":49},"276":{"x":168,"y":1137.71875,"width":1200,"height":56},"277":{"x":168,"y":1193.71875,"width":1200,"height":84},"278":{"x":168,"y":1277.71875,"width":1200,"height":28},"279":{"x":168,"y":1305.71875,"width":1200,"height":84},"280":{"x":168,"y":1389.71875,"width":1200,"height":28},"281":{"x":168,"y":1417.71875,"width":1200,"height":140},"282":{"x":168,"y":1557.71875,"width":1200,"height":56},"283":{"x":168,"y":1613.71875,"width":1200,"height":84},"284":{"x":168,"y":1697.71875,"width":1200,"height":112},"285":{"x":168,"y":1809.71875,"width":1200,"height":28},"286":{"x":168,"y":1837.71875,"width":1200,"height":28},"287":{"x":168,"y":1865.71875,"width":1200,"height":28},"288":{"x":168,"y":1893.71875,"width":1200,"height":56},"289":{"x":168,"y":1949.71875,"width":1200,"height":84},"290":{"x":168,"y":2033.71875,"width":1200,"height":56},"291":{"x":168,"y":2089.71875,"width":1200,"height":56},"292":{"x":168,"y":2145.71875,"width":1200,"height":28},"293":{"x":168,"y":2201.71875,"width":1200,"height":0},"294":{"x":168,"y":2201.71875,"width":100,"height":100},"295":{"x":296,"y":2201.71875,"width":1072,"height":111},"296":null,"297":null,