{"3":{"x":0,"y":0,"width":1920,"height":1080},"4":{"x":374,"y":312.390625,"width":739.40625,"height":415.90625},"6":{"x":551,"y":16,"width":995,"height":24},"7":{"x":1382,"y":16,"width":164,"height":24},"8":{"x":374,"y":241.59375,"width":739.40625,"height":22.796875},"9":{"x":485,"y":241.59375,"width":191,"height":22.796875},"10":{"x":598,"y":241.59375,"width":78,"height":22.796875},"11":{"x":374,"y":312.390625,"width":739.40625,"height":415.90625},"12":{"x":374,"y":312.390625,"width":739.40625,"height":415.90625},"13":{"x":707.703125,"y":484.34375,"width":72,"height":72},"14":{"x":342,"y":152,"width":803.40625,"height":2304.71875},"17":{"x":509,"y":1044,"width":749,"height":19.1875},"18":{"x":310,"y":16,"width":1300,"height":24},"19":{"x":310,"y":120,"width":1300,"height":2336.71875},"20":{"x":374,"y":792.296875,"width":739.40625,"height":1632.421875},"21":{"x":374,"y":832.296875,"width":739.40625,"height":685.234375},"22":{"x":374,"y":832.296875,"width":739.40625,"height":656.234375},"23":{"x":1145.40625,"y":152,"width":432.59375,"height":2304.71875},"24":{"x":1177.40625,"y":186.34375,"width":70,"height":22.796875},"25":{"x":1177.40625,"y":253.9375,"width":95,"height":22.796875},"26":{"x":1278.40625,"y":253.9375,"width":83,"height":22.796875},"27":{"x":1367.40625,"y":253.9375,"width":90,"height":22.796875},"28":{"x":1177.40625,"y":282.734375,"width":101,"height":22.796875},"29":{"x":1284.40625,"y":282.734375,"width":174,"height":22.796875},"30":{"x":1464.40625,"y":282.734375,"width":74,"height":22.796875},"31":{"x":1177.40625,"y":311.53125,"width":102,"height":22.796875},"32":{"x":1285.40625,"y":311.53125,"width":64,"height":22.796875},"33":{"x":1355.40625,"y":311.53125,"width":62,"height":22.796875},"34":{"x":1423.40625,"y":311.53125,"width":106,"height":22.796875},"35":{"x":1177.40625,"y":340.328125,"width":82,"height":22.796875},"36":{"x":1265.40625,"y":340.328125,"width":55,"height":22.796875},"37":{"x":1326.40625,"y":340.328125,"width":95,"height":22.796875},"38":{"x":1177.40625,"y":369.125,"width":127,"height":22.796875},"39":{"x":1310.40625,"y":369.125,"width":54,"height":22.796875},"40":{"x":1370.40625,"y":369.125,"width":149,"height":22.796875},"41":{"x":1177.40625,"y":397.921875,"width":52,"height":22.796875},"42":{"x":1235.40625,"y":397.921875,"width":54,"height":22.796875},"43":{"x":1295.40625,"y":397.921875,"width":96,"height":22.796875},"44":{"x":1397.40625,"y":397.921875,"width":107,"height":22.796875},"45":{"x":1177.40625,"y":426.71875,"width":78,"height":22.796875},"46":{"x":0,"y":1023,"width":1920,"height":57},"47":{"x":310,"y":1040,"width":1300,"height":24},"48":{"x":1274,"y":1045,"width":55,"height":16},"49":{"x":1345,"y":1045,"width":66,"height":16},"52":{"x":0,"y":0,"width":1920,"height":1080},"53":{"x":0,"y":0,"width":1920,"height":3865.875},"54":{"x":0,"y":0,"width":1920,"height":3865.875},"55":null,"56":{"x":0,"y":3865.875,"width":280,"height":0},"57":{"x":0,"y":3865.875,"width":280,"height":0},"58":null,"59":null,"60":{"x":1920,"y":0,"width":350,"height":1080},"61":null,"62":{"x":0,"y":0,"width":1920,"height":56},"63":{"x":0,"y":56,"width":1920,"height":3309.34375},"64":{"x":0,"y":2520.71875,"width":1920,"height":780.625},"65":{"x":310,"y":2585.71875,"width":1300,"height":699.625},"66":{"x":0,"y":3364.34375,"width":1920,"height":501.53125},"67":{"x":310,"y":3429.34375,"width":1300,"height":372.53125},"68":{"x":374,"y":16,"width":1172,"height":24},"69":{"x":374,"y":16,"width":177,"height":24},"70":{"x":551,"y":16,"width":267,"height":24},"71":{"x":342,"y":120,"width":1236,"height":2336.71875},"72":{"x":374,"y":2585.71875,"width":640,"height":15.34375},"73":{"x":374,"y":2649.0625,"width":1172,"height":636.28125},"74":{"x":358,"y":2649.0625,"width":1204,"height":636.28125},"75":{"x":342,"y":3429.34375,"width":1236,"height":289.34375},"76":{"x":342,"y":3461.34375,"width":412,"height":257.34375},"77":{"x":754,"y":3461.34375,"width":412,"height":257.34375},"78":{"x":1166,"y":3461.34375,"width":412,"height":257.34375},"79":null,"80":null,"81":null,"82":null,"83":null,"84":null,"85":null,"86":null,"87":null,"88":null,"89":null,"90":null,"91":null,"92":null,"93":null,"94":{"x":374,"y":3782.6875,"width":1172,"height":19.1875},"95":{"x":374,"y":18,"width":113,"height":23},"96":null,"97":null,"98":{"x":551,"y":18,"width":70,"height":23},"99":{"x":637,"y":18,"width":50,"height":23},"100":{"x":703,"y":18,"width":99,"height":23},"101":{"x":1382,"y":18,"width":33,"height":23},"102":{"x":1431,"y":18,"width":37,"height":23},"103":{"x":1484,"y":18,"width":46,"height":23},"104":{"x":374,"y":152,"width":640,"height":57.59375},"105":{"x":374,"y":243.390625,"width":95,"height":19.1875},"106":{"x":482,"y":238.59375,"width":197,"height":28.796875},"107":{"x":374,"y":312.390625,"width":739.40625,"height":415.90625},"108":{"x":374,"y":312.390625,"width":739.40625,"height":415.90625},"109":null,"110":null,"111":null,"112":null,"113":null,"114":null,"115":null,"116":null,"117":null,"118":{"x":374,"y":792.296875,"width":640,"height":24},"119":{"x":374,"y":1493.53125,"width":739.40625,"height":24},"120":{"x":374,"y":1527.53125,"width":640,"height":24},"121":{"x":374,"y":1567.53125,"width":640,"height":72},"122":{"x":374,"y":1655.53125,"width":640,"height":48},"123":{"x":374,"y":1719.53125,"width":640,"height":24},"124":{"x":374,"y":1759.53125,"width":640,"height":24},"125":{"x":374,"y":1799.53125,"width":739.40625,"height":535.1875},"126":{"x":374,"y":2344.71875,"width":640,"height":24},"127":{"x":374,"y":2384.71875,"width":640,"height":24},"128":{"x":1177.40625,"y":152,"width":368.59375,"height":300.515625},"129":{"x":1177.40625,"y":152,"width":368.59375,"height":15.34375},"130":{"x":1177.40625,"y":222.140625,"width":368.59375,"height":230.375},"131":{"x":1174.40625,"y":222.140625,"width":374.59375,"height":230.375},"132":{"x":374,"y":2584.71875,"width":99,"height":16},"133":{"x":358,"y":2681.0625,"width":401.328125,"height":604.28125},"134":{"x":759.328125,"y":2681.0625,"width":401.328125,"height":604.28125},"135":{"x":1160.65625,"y":2681.0625,"width":401.328125,"height":604.28125},"136":{"x":1274,"y":1045,"width":55,"height":16},"137":{"x":1345,"y":1045,"width":66,"height":16},"138":{"x":374,"y":3461.34375,"width":348,"height":15.34375},"139":{"x":374,"y":3492.6875,"width":348,"height":184},"140":{"x":786,"y":3461.34375,"width":348,"height":15.34375},"141":{"x":786,"y":3492.6875,"width":348,"height":209},"142":{"x":1198,"y":3461.34375,"width":348,"height":15.34375},"143":{"x":1198,"y":3492.6875,"width":348,"height":216},"144":{"x":803.5,"y":3783.6875,"width":313,"height":16},"145":{"x":374,"y":18,"width":113,"height":19},"146":{"x":551,"y":18,"width":70,"height":20},"147":{"x":637,"y":18,"width":50,"height":19},"148":{"x":703,"y":18,"width":99,"height":19},"149":{"x":1382,"y":18,"width":33,"height":20},"150":{"x":1431,"y":18,"width":37,"height":19},"151":{"x":1484,"y":18,"width":46,"height":19},"152":{"x":374,"y":151,"width":609,"height":58},"153":{"x":374,"y":244.390625,"width":95,"height":16},"154":{"x":485,"y":241.59375,"width":107,"height":22.796875},"155":{"x":374,"y":794.296875,"width":198,"height":19},"156":{"x":572,"y":794.296875,"width":70,"height":19},"157":{"x":642,"y":794.296875,"width":285,"height":20},"158":{"x":374,"y":1527.53125,"width":0,"height":0},"159":{"x":374,"y":1569.53125,"width":619,"height":67},"160":{"x":374,"y":1657.53125,"width":590,"height":44},"161":{"x":374,"y":1719.53125,"width":0,"height":0},"162":{"x":374,"y":1761.53125,"width":525,"height":20},"163":{"x":374,"y":1799.53125,"width":739.40625,"height":535.1875},"164":{"x":374,"y":2344.71875,"width":0,"height":0},"165":{"x":374,"y":2386.71875,"width":278,"height":19},"166":{"x":652,"y":2386.71875,"width":111,"height":19},"167":{"x":763,"y":2386.71875,"width":4,"height":19},"168":{"x":1177.40625,"y":151,"width":55,"height":16},"169":{"x":1188.40625,"y":191.34375,"width":48,"height":12.796875},"170":{"x":1177.40625,"y":225.140625,"width":99,"height":22.796875},