{"3":{"x":0,"y":0,"width":1366,"height":768},"4":{"x":358,"y":207.75,"width":650,"height":314.84375},"5":{"x":358,"y":154.578125,"width":650,"height":417.921875},"6":{"x":358,"y":0,"width":650,"height":115.1875},"7":{"x":353.8125,"y":35,"width":276,"height":45},"8":{"x":358,"y":154.578125,"width":650,"height":475.5},"9":{"x":614.5,"y":712.515625,"width":33,"height":18},"10":{"x":647.5,"y":712.515625,"width":19,"height":18},"11":{"x":666.5,"y":712.515625,"width":85,"height":18},"12":{"x":564.5,"y":743.234375,"width":180,"height":18},"13":{"x":744.5,"y":743.234375,"width":19,"height":18},"14":{"x":763.5,"y":743.234375,"width":38,"height":18},"15":{"x":542,"y":773.953125,"width":95,"height":18},"16":{"x":637,"y":773.953125,"width":19,"height":18},"17":{"x":655,"y":773.953125,"width":79,"height":18},"18":{"x":734,"y":773.953125,"width":19,"height":18},"19":{"x":753,"y":773.953125,"width":71,"height":18},"20":{"x":648,"y":816.671875,"width":70,"height":70},"21":{"x":497,"y":918.75,"width":110,"height":18},"22":{"x":607,"y":918.75,"width":117,"height":18},"23":{"x":724,"y":918.75,"width":39,"height":18},"24":{"x":763,"y":918.75,"width":106,"height":18},"25":{"x":356,"y":156.578125,"width":277,"height":26},"26":{"x":358,"y":210.75,"width":262,"height":23},"27":{"x":620,"y":210.75,"width":106,"height":23},"28":{"x":358,"y":210.75,"width":640,"height":84.4375},"29":{"x":493,"y":274.1875,"width":70,"height":20},"30":{"x":563,"y":272.1875,"width":48,"height":23},"31":{"x":611,"y":274.1875,"width":80,"height":20},"32":{"x":691,"y":272.1875,"width":6,"height":23},"33":{"x":358,"y":319.09375,"width":650,"height":122.875},"34":{"x":358,"y":322.09375,"width":624,"height":53.71875},"35":{"x":406,"y":354.8125,"width":210,"height":20},"36":{"x":358,"y":352.8125,"width":608,"height":84.4375},"37":{"x":456,"y":416.25,"width":160,"height":20},"38":{"x":616,"y":414.25,"width":43,"height":23},"39":{"x":358,"y":461.15625,"width":650,"height":61.4375},"40":{"x":357,"y":464.15625,"width":43,"height":23},"41":{"x":400,"y":464.15625,"width":100,"height":23},"42":{"x":358,"y":464.15625,"width":586,"height":53.71875},"43":{"x":358,"y":541.78125,"width":650,"height":30.71875},"44":{"x":358,"y":544.78125,"width":109,"height":23},"45":{"x":0,"y":676.15625,"width":1366,"height":317.3125},"46":{"x":0,"y":816.671875,"width":1366,"height":80.71875},"47":{"x":0,"y":912.75,"width":1366,"height":30.71875},"48":{"x":0,"y":0,"width":1366,"height":993.46875},"49":{"x":0,"y":0,"width":1366,"height":993.46875},"50":{"x":0,"y":0,"width":1366,"height":116.1875},"51":{"x":358,"y":154.578125,"width":650,"height":30.71875},"52":{"x":0,"y":706.515625,"width":1366,"height":92.15625},"53":{"x":146.8125,"y":35,"width":529,"height":45},"54":{"x":358,"y":154.578125,"width":650,"height":30.71875},"55":{"x":358,"y":207.75,"width":650,"height":92.15625},"56":{"x":358,"y":544.78125,"width":109,"height":23},"57":{"x":614.5,"y":712.515625,"width":33,"height":18},"58":{"x":666.5,"y":712.515625,"width":85,"height":18},"59":{"x":0,"y":706.515625,"width":0,"height":0},"60":{"x":564.5,"y":743.234375,"width":180,"height":18},"61":{"x":763.5,"y":743.234375,"width":38,"height":18},"62":{"x":0,"y":706.515625,"width":0,"height":0},"63":{"x":542,"y":773.953125,"width":95,"height":18},"64":{"x":656,"y":773.953125,"width":78,"height":18},"65":{"x":753,"y":773.953125,"width":71,"height":18},"66":{"x":648,"y":872.671875,"width":70,"height":18},"67":{"x":607,"y":918.75,"width":117,"height":18},"68":{"x":763,"y":918.75,"width":106,"height":18},"69":{"x":146.8125,"y":35,"width":207,"height":45},"70":{"x":629.8125,"y":35,"width":46,"height":45},"71":{"x":620,"y":210.75,"width":106,"height":23},"72":{"x":400,"y":464.15625,"width":100,"height":23}}