{"3":{"x":0,"y":0,"width":1920,"height":1080},"4":{"x":64,"y":32,"width":258,"height":48},"5":{"x":1623.390625,"y":40,"width":232.609375,"height":32},"6":{"x":1623.390625,"y":44,"width":126.609375,"height":24},"7":{"x":1766,"y":45,"width":90,"height":22},"8":{"x":1143.984375,"y":200,"width":376,"height":388.671875},"9":{"x":1167.984375,"y":427,"width":328,"height":25.8125},"13":{"x":1710.890625,"y":46,"width":39.109375,"height":19},"14":{"x":1167.984375,"y":480.4375,"width":24,"height":24},"15":{"x":1375.3125,"y":337,"width":24,"height":24},"16":{"x":1249.390625,"y":429,"width":124.5625,"height":19},"17":{"x":1249.390625,"y":454.8125,"width":89.203125,"height":19},"18":{"x":1623.390625,"y":46,"width":87.5,"height":19},"19":{"x":0,"y":112,"width":1920,"height":854},"20":{"x":400,"y":200,"width":1120,"height":237},"21":{"x":368,"y":200,"width":1184,"height":237},"22":{"x":368,"y":200,"width":789.328125,"height":237},"23":{"x":400,"y":200,"width":725.328125,"height":237},"24":{"x":400,"y":231,"width":469,"height":66},"25":{"x":1157.328125,"y":200,"width":394.65625,"height":237},"26":{"x":1143.984375,"y":200,"width":376,"height":388.671875},"27":{"x":1167.984375,"y":428.8125,"width":24,"height":24},"28":{"x":1167.984375,"y":454.625,"width":24,"height":24},"29":{"x":1167.984375,"y":520.4375,"width":328,"height":44.234375},"30":{"x":0,"y":477,"width":1920,"height":486.8125},"31":{"x":400,"y":565,"width":1120,"height":358.8125},"32":{"x":368,"y":565,"width":1184,"height":358.8125},"33":{"x":368,"y":565,"width":690.65625,"height":358.8125},"34":{"x":368,"y":565,"width":230.21875,"height":164},"35":{"x":400,"y":565,"width":166.21875,"height":164},"36":{"x":400,"y":565,"width":166.21875,"height":88},"37":{"x":403.109375,"y":681,"width":160,"height":48},"38":{"x":425.171875,"y":682,"width":115.859375,"height":46},"39":{"x":598.21875,"y":565,"width":230.21875,"height":164},"40":{"x":630.21875,"y":565,"width":166.21875,"height":164},"41":{"x":630.21875,"y":565,"width":166.21875,"height":88},"42":{"x":633.328125,"y":681,"width":160,"height":48},"43":{"x":671.59375,"y":682,"width":83.453125,"height":46},"44":{"x":828.4375,"y":565,"width":230.21875,"height":164},"45":{"x":860.4375,"y":565,"width":166.21875,"height":140},"46":{"x":860.4375,"y":565,"width":166.21875,"height":88},"47":{"x":874.265625,"y":681,"width":138.5625,"height":24},"48":{"x":400,"y":773,"width":626.65625,"height":1},"49":{"x":368,"y":818,"width":690.65625,"height":105.8125},"50":{"x":368,"y":818,"width":690.65625,"height":105.8125},"51":{"x":400,"y":818,"width":626.65625,"height":32},"52":{"x":400,"y":858,"width":626.65625,"height":24},"53":{"x":587.703125,"y":899.8125,"width":24,"height":24},"54":{"x":0,"y":966,"width":1920,"height":114},"55":{"x":400,"y":1014,"width":1120,"height":18},"56":{"x":368,"y":1014,"width":1184,"height":18},"57":{"x":368,"y":1014,"width":986.65625,"height":18},"58":{"x":400,"y":1014,"width":922.65625,"height":16},"59":{"x":400,"y":1015,"width":78.203125,"height":14},"60":{"x":481.390625,"y":1015,"width":3.40625,"height":14},"61":{"x":487.984375,"y":1015,"width":70,"height":14},"62":{"x":561.171875,"y":1015,"width":3.40625,"height":14},"63":{"x":567.765625,"y":1015,"width":44.40625,"height":14},"64":{"x":615.359375,"y":1015,"width":3.40625,"height":14},"65":{"x":621.953125,"y":1015,"width":38,"height":14},"66":{"x":663.140625,"y":1015,"width":3.40625,"height":14},"67":{"x":669.734375,"y":1015,"width":415,"height":14},"68":{"x":1354.65625,"y":1014,"width":197.328125,"height":18},"69":{"x":1386.65625,"y":1008,"width":133.328125,"height":24},"70":{"x":1386.65625,"y":1008,"width":133.328125,"height":24},"71":{"x":1471.609375,"y":1012.8125,"width":48.375,"height":18},"72":{"x":400,"y":224,"width":725.328125,"height":76},"73":{"x":1167.984375,"y":264,"width":328,"height":24},"74":{"x":1167.984375,"y":265,"width":141.5,"height":22},"75":{"x":1143.984375,"y":296,"width":376,"height":106},"76":{"x":1143.984375,"y":403,"width":376,"height":117.4375},"77":{"x":1199.984375,"y":429,"width":49.40625,"height":19},"78":{"x":1167.984375,"y":452.8125,"width":328,"height":25.8125},"79":{"x":1199.984375,"y":454.8125,"width":49.40625,"height":19},"80":{"x":1167.984375,"y":478.625,"width":328,"height":25.8125},"81":{"x":1199.984375,"y":480.625,"width":95.5,"height":19},"82":{"x":0,"y":477,"width":1920,"height":486.8125},"83":{"x":0,"y":0,"width":1920,"height":1080},"84":{"x":0,"y":0,"width":1920,"height":1080},"85":{"x":0,"y":0,"width":1920,"height":0},"86":null,"87":null,"88":null,"89":{"x":0,"y":0,"width":1920,"height":0},"90":{"x":0,"y":0,"width":1920,"height":112},"91":null,"92":null,"93":null,"94":null,"95":null,"96":null,"97":null,"98":null,"99":null,"100":null,"101":null,"102":null,"103":null,"104":null,"105":null,"106":null,"107":null,"108":null,"109":null,"110":null,"111":null,"112":null,"113":null,"114":null,"115":null,"116":null,"117":null,"118":null,"119":null,"120":null,"121":null,"122":null,"123":null,"124":null,"125":null,"126":null,"127":null,"128":null,"129":null,"130":null,"131":null,"132":null,"133":null,"134":null,"135":null,"136":null,"137":null,"138":null,"139":null,"140":null,"141":null,"142":null,"143":null,"144":null,"145":null,"146":null,"147":null,"148":null,"149":null,"150":null,"151":null,"152":null,"153":null,"154":null,"155":null,"156":null,"157":null,"158":null,"159":null,"160":null,"161":null,"162":null,"163":null,"164":null,"165":null,"166":null,"167":null,"168":null,"169":null,"170":null,"171":null,"172":null,"173":null,"174":null,"175":null,"176":null,"177":null,"178":null,"179":null,"180":null,"181":null,"182":null,"183":null,"184":null,"185":null,"186":null,"187":null,"188":null,"189":null,"190":null,"191":null,"192":null,"193":null,"194":null,"195":null,"196":null,"197":null,"198":null,"199":null,"200":null,"201":null,"202":null,"203":null,"204":null,"205":null,"206":null,"207":null,"208":null,"209":null,"210":null,"211":null,"212":null,"213":null,"214":null,"215":null,"216":null,"217":null,"218":null,"219":null,"220":null,"221":null,"222":null,"223":null,"224":null,"225":null,"226":null,"227":null,"228":null,"229":null,"230":null,"231":null,"232":null,"233":null,"234":{"x":0,"y":112,"width":1920,"height":854},"235":null,"236":null,"237":null,"238":null,"239":null,"240":null,"241":null,"242":null,"243":null,"244":null,"245":null,"246":{"x":0,"y":112,"width":1920,"height":851.8125},"247":{"x":0,"y":112,"width":0,"height":0},"248":{"x":0,"y":112,"width":1920,"height":365},"249":null,"250":null,"251":null,"252":null,"253":null,"254":null,"255":null,"256":null,"257":null,"258":null,"259":null,"260":null,"261":null,"262":null,"263":null,"264":null,"265":null,"266":null,"267":null,"268":null,"269":null,"270":null,"271":null,"272":null,"273":null,"274":null,"275":null,"276":null,"277":null,"278":null,"279":null,"280":null,"281":null,"282":{"x":0,"y":0,"width":0,"height":0},"283":{"x":0,"y":0,"width":1920,"height":0},"284":{"x":1623.390625,"y":40,"width":232.609375,"height":32},"285":{"x":1623.390625,"y":44,"width":126.609375,"height":24},"286":{"x":400,"y":200,"width":725.328125,"height":132},"287":{"x":400,"y":193,"width":106.109375,"height":37},"288":{"x":400,"y":301,"width":196.859375,"height":37},"289":{"x":400,"y":372,"width":725.328125,"height":65},"290":{"x":400,"y":372,"width":725.328125,"height":65},"291":{"x":400,"y":372,"width":725.328125,"height":65},"292":{"x":400,"y":372,"width":81,"height":65},"293":{"x":481,"y":380.5,"width":124.5625,"height":48},"294":{"x":481,"y":382.5,"width":124.5625,"height":19},"295":{"x":481,"y":404.5,"width":124.5625,"height":24},"296":{"x":368,"y":565,"width":690.65625,"height":164},"297":{"x":400,"y":372,"width":81,"height":65},"298":{"x":481,"y":406.5,"width":109.5625,"height":19},"299":{"x":400,"y":900,"width":211.703125,"height":19},"300":{"x":400,"y":1015,"width":78.203125,"height":14},"301":{"x":487.984375,"y":1015,"width":70,"height":14},"302":{"x":567.765625,"y":1015,"width":44.40625,"height":14},