{"3":{"x":0,"y":0,"width":1366,"height":768},"4":{"x":213,"y":108,"width":290,"height":128},"5":{"x":0,"y":56,"width":1366,"height":1141.390625},"6":{"x":213,"y":534.796875,"width":690,"height":60},"7":{"x":0,"y":56,"width":1366,"height":238},"8":{"x":933,"y":308,"width":220,"height":24},"9":{"x":934,"y":312,"width":25,"height":15},"10":{"x":574,"y":56,"width":579,"height":185},"11":{"x":574,"y":96,"width":579,"height":139},"12":{"x":604,"y":93,"width":31,"height":21},"13":{"x":599,"y":135,"width":102,"height":40},"14":{"x":604,"y":138,"width":74,"height":13},"15":{"x":604,"y":158,"width":77,"height":13},"16":{"x":731,"y":93,"width":63,"height":21},"17":{"x":726,"y":135,"width":78,"height":40},"18":{"x":731,"y":138,"width":53,"height":13},"19":{"x":731,"y":158,"width":33,"height":13},"20":{"x":849,"y":96,"width":165,"height":99},"21":{"x":859,"y":93,"width":70,"height":21},"22":{"x":854,"y":135,"width":160,"height":60},"23":{"x":859,"y":138,"width":50,"height":13},"24":{"x":859,"y":158,"width":43,"height":13},"25":{"x":859,"y":178,"width":135,"height":13},"26":{"x":213,"y":392,"width":112,"height":32},"27":{"x":213,"y":594.796875,"width":690,"height":80},"28":{"x":0,"y":56,"width":1366,"height":1141.390625},"29":{"x":0,"y":56,"width":1366,"height":1141.390625},"30":{"x":0,"y":294,"width":1366,"height":1},"31":{"x":959,"y":312,"width":90,"height":14},"32":{"x":0,"y":342,"width":1366,"height":1},"33":{"x":213,"y":393,"width":690,"height":40.796875},"34":{"x":213,"y":433.796875,"width":690,"height":1},"35":{"x":20,"y":15,"width":1326,"height":26},"36":{"x":213,"y":305,"width":940,"height":27},"37":{"x":213,"y":56,"width":940,"height":238},"38":{"x":1039,"y":135,"width":91,"height":100},"39":{"x":1044,"y":138,"width":43,"height":13},"40":{"x":1044,"y":158,"width":66,"height":13},"41":{"x":1044,"y":178,"width":33,"height":13},"42":{"x":1044,"y":198,"width":64,"height":13},"43":{"x":1044,"y":218,"width":38,"height":13},"44":{"x":213,"y":373,"width":940,"height":0},"45":{"x":213,"y":935.796875,"width":940,"height":140.59375},"46":{"x":512.5,"y":18,"width":224,"height":20},"47":{"x":736.5,"y":15,"width":117,"height":26},"49":{"x":648.5,"y":21,"width":88,"height":14},"50":{"x":0,"y":0,"width":1366,"height":56},"51":{"x":0,"y":0,"width":1366,"height":773.65625},"52":null,"53":{"x":934,"y":312,"width":219,"height":15},"54":{"x":0,"y":373,"width":1366,"height":521.796875},"55":{"x":0,"y":924.796875,"width":1366,"height":272.59375},"56":{"x":213,"y":56,"width":940,"height":0},"57":{"x":934,"y":312,"width":219,"height":15},"58":{"x":213,"y":373,"width":690,"height":521.796875},"59":{"x":213,"y":373,"width":690,"height":0},"60":{"x":213,"y":393,"width":690,"height":40.796875},"61":{"x":213,"y":454.796875,"width":690,"height":80},"62":{"x":213,"y":674.796875,"width":690,"height":40},"63":{"x":213,"y":714.796875,"width":690,"height":80},"64":{"x":213,"y":794.796875,"width":690,"height":40},"65":{"x":213,"y":834.796875,"width":690,"height":60},"66":{"x":933,"y":373,"width":220,"height":0},"67":{"x":0,"y":924.796875,"width":1366,"height":252.59375},"68":{"x":0,"y":1177.390625,"width":1366,"height":0},"69":{"x":511.5,"y":21,"width":137,"height":14},"70":{"x":648.5,"y":21,"width":88,"height":14},"71":{"x":756.5,"y":15,"width":97,"height":26},"72":{"x":213,"y":56,"width":290,"height":238},"73":{"x":213,"y":56,"width":940,"height":0},"74":{"x":213,"y":457.796875,"width":680,"height":54},"75":{"x":213,"y":537.796875,"width":676,"height":34},"76":{"x":213,"y":597.796875,"width":677,"height":54},"77":{"x":213,"y":677.796875,"width":39,"height":14},"78":{"x":213,"y":717.796875,"width":224,"height":14},"79":{"x":437,"y":717.796875,"width":14,"height":13},"80":{"x":213,"y":717.796875,"width":689,"height":54},"81":{"x":213,"y":797.796875,"width":43,"height":14},"82":{"x":213,"y":837.796875,"width":685,"height":34},"83":{"x":0,"y":924.796875,"width":1366,"height":1},"84":{"x":0,"y":935.796875,"width":1366,"height":150.59375},"85":{"x":0,"y":1096.390625,"width":1366,"height":1},"86":{"x":223,"y":1117.390625,"width":920,"height":20},"87":{"x":765.5,"y":21,"width":79,"height":14},"88":{"x":213,"y":225,"width":290,"height":14},"89":{"x":969,"y":312.5,"width":80,"height":13},"90":{"x":213,"y":935.796875,"width":940,"height":0},"91":{"x":213,"y":935.796875,"width":940,"height":0},"92":{"x":213,"y":945.796875,"width":220,"height":130.59375},"93":{"x":453,"y":945.796875,"width":220,"height":110.59375},"94":{"x":693,"y":945.796875,"width":220,"height":70.59375},"95":{"x":213,"y":1076.390625,"width":940,"height":0},"96":{"x":223,"y":1117.390625,"width":143,"height":36},"97":{"x":223,"y":1117.390625,"width":143,"height":18},"98":{"x":223,"y":1135.390625,"width":143,"height":18},"99":{"x":1053,"y":1117.390625,"width":90,"height":32},"100":{"x":969,"y":312.5,"width":34,"height":13},"101":{"x":223,"y":965.796875,"width":200,"height":109.59375},"102":{"x":463,"y":965.796875,"width":200,"height":89.59375},"103":{"x":703,"y":965.796875,"width":200,"height":49.59375},"104":{"x":223,"y":1120.390625,"width":60,"height":11},"105":{"x":223,"y":1138.390625,"width":143,"height":11},"106":{"x":1058,"y":1117.390625,"width":25,"height":32},"107":{"x":1088,"y":1117.390625,"width":25,"height":31},"108":{"x":1118,"y":1117.390625,"width":25,"height":31},"109":{"x":594,"y":96,"width":107,"height":79},"110":{"x":721,"y":96,"width":108,"height":79},"111":{"x":1034,"y":96,"width":119,"height":139},"112":{"x":223,"y":965.796875,"width":200,"height":29.59375},"113":{"x":223,"y":965.796875,"width":200,"height":29.59375},"114":{"x":223,"y":995.390625,"width":200,"height":80},"115":{"x":463,"y":965.796875,"width":200,"height":29.59375},"116":{"x":463,"y":965.796875,"width":200,"height":29.59375},"117":{"x":463,"y":995.390625,"width":200,"height":60},"118":{"x":703,"y":965.796875,"width":200,"height":29.59375},"119":{"x":703,"y":965.796875,"width":200,"height":29.59375},"120":{"x":703,"y":995.390625,"width":200,"height":20},"121":{"x":223,"y":1120.390625,"width":54,"height":11},"122":{"x":1058,"y":1117.390625,"width":25,"height":32},"123":{"x":1088,"y":1117.390625,"width":25,"height":31},"124":{"x":1118,"y":1117.390625,"width":25,"height":31},"125":{"x":599,"y":96,"width":102,"height":31},"126":{"x":726,"y":96,"width":103,"height":31},"127":{"x":854,"y":96,"width":160,"height":31},"128":{"x":1039,"y":96,"width":114,"height":31},"129":{"x":223,"y":964.796875,"width":52,"height":21},"130":{"x":223,"y":998.390625,"width":179,"height":54},"131":{"x":463,"y":964.796875,"width":42,"height":21},"132":{"x":463,"y":998.390625,"width":216,"height":34},"133":{"x":703,"y":964.796875,"width":146,"height":21},"134":{"x":223,"y":1120.390625,"width":54,"height":11},"135":null,"136":null,"137":null,"138":null,"139":null,"140":null,"141":null,"142":null,"143":null,"144":null,"145":null,"146":null,"147":{"x":599,"y":135,"width":82,"height":20},"148":{"x":599,"y":155,"width":82,"height":20},"149":{"x":726,"y":135,"width":58,"height":20},"150":{"x":726,"y":155,"width":58,"height":20},"151":{"x":854,"y":135,"width":140,"height":20},"152":{"x":854,"y":155,"width":140,"height":20},"153":{"x":854,"y":175,"width":140,"height":20},"154":{"x":1044,"y":93,"width":74,"height":21},"155":{"x":1039,"y":135,"width":71,"height":20},"156":{"x":1039,"y":155,"width":71,"height":20},"157":{"x":1039,"y":175,"width":71,"height":20},"158":{"x":1039,"y":195,"width":71,"height":20},"159":{"x":1039,"y":215,"width":71,"height":20},"160":{"x":604,"y":139,"width":64,"height":11},"161":{"x":604,"y":159,"width":67,"height":11},"162":{"x":731,"y":139,"width":43,"height":11},"163":{"x":731,"y":159,"width":24,"height":11},"164":{"x":859,"y":139,"width":40,"height":11},"165":{"x":859,"y":159,"width":33,"height":11},"166":{"x":859,"y":179,"width":125,"height":11},"167":{"x":1044,"y":139,"width":33,"height":11},"168":{"x":1044,"y":159,"width":56,"height":11},"169":{"x":1044,"y":179,"width":23,"height":11},"170":{"x":1043,"y":199,"width":55,"height":11},"171":{"x":1044,