{"3":{"x":0,"y":0,"width":1280,"height":720},"5":{"x":282.40625,"y":36,"width":698,"height":38},"6":{"x":134.40625,"y":79.796875,"width":1011.1875,"height":52.796875},"7":{"x":134.40625,"y":132.59375,"width":1011.1875,"height":427.4375},"8":{"x":134.40625,"y":560.03125,"width":1011.1875,"height":16},"9":{"x":134.40625,"y":587.03125,"width":1011.1875,"height":16.625},"10":{"x":142.40625,"y":19,"width":136,"height":47},"11":{"x":150.40625,"y":165.734375,"width":979.1875,"height":344.5},"12":{"x":133.40625,"y":10,"width":1013.1875,"height":567.03125},"13":{"x":0,"y":0,"width":1280,"height":613.65625},"14":{"x":8,"y":10,"width":1264,"height":593.65625},"15":{"x":134.40625,"y":11,"width":1011.1875,"height":68.796875},"16":{"x":134.40625,"y":587.03125,"width":1011.1875,"height":16.625},"17":{"x":142.40625,"y":51,"width":141,"height":19},"18":{"x":150.40625,"y":95.796875,"width":5,"height":19},"19":{"x":171.40625,"y":95.796875,"width":39,"height":19},"20":{"x":226.40625,"y":95.796875,"width":5,"height":19},"21":{"x":247.40625,"y":95.796875,"width":66,"height":19},"22":{"x":329.40625,"y":95.796875,"width":5,"height":19},"23":{"x":350.40625,"y":95.796875,"width":48,"height":19},"24":{"x":414.40625,"y":95.796875,"width":5,"height":19},"25":{"x":435.40625,"y":95.796875,"width":68,"height":19},"26":{"x":519.40625,"y":95.796875,"width":5,"height":19},"27":{"x":540.40625,"y":95.796875,"width":40,"height":19},"28":{"x":596.40625,"y":95.796875,"width":5,"height":19},"29":{"x":150.40625,"y":148.59375,"width":0,"height":0},"30":{"x":150.40625,"y":523.234375,"width":979.1875,"height":20.796875},"31":{"x":144.40625,"y":587.03125,"width":38,"height":15},"32":{"x":182.40625,"y":587.03125,"width":12,"height":15},"33":{"x":194.40625,"y":587.03125,"width":47,"height":15},"34":{"x":241.40625,"y":587.03125,"width":12,"height":15},"35":{"x":253.40625,"y":587.03125,"width":57,"height":15},"36":{"x":310.40625,"y":587.03125,"width":136,"height":15},"37":{"x":446.40625,"y":587.03125,"width":179,"height":15},"38":{"x":625.40625,"y":587.03125,"width":4,"height":15},"39":{"x":171.40625,"y":95.796875,"width":39,"height":19},"40":{"x":247.40625,"y":95.796875,"width":66,"height":19},"41":{"x":350.40625,"y":95.796875,"width":48,"height":19},"42":{"x":435.40625,"y":95.796875,"width":68,"height":19},"43":{"x":540.40625,"y":95.796875,"width":40,"height":19},"44":{"x":150.40625,"y":165.734375,"width":979.1875,"height":34.59375},"45":{"x":150.40625,"y":217.46875,"width":979.1875,"height":20.796875},"46":{"x":150.40625,"y":254.265625,"width":979.1875,"height":20.796875},"47":{"x":150.40625,"y":291.0625,"width":979.1875,"height":62.390625},"48":{"x":150.40625,"y":369.453125,"width":979.1875,"height":20.796875},"49":{"x":150.40625,"y":406.25,"width":979.1875,"height":103.984375},"50":{"x":150.40625,"y":525.234375,"width":85,"height":15},"51":{"x":144.40625,"y":587.03125,"width":38,"height":15},"52":{"x":194.40625,"y":587.03125,"width":47,"height":15},"53":{"x":253.40625,"y":587.03125,"width":57,"height":15},"54":{"x":150.40625,"y":160.734375,"width":109,"height":30},"55":{"x":150.40625,"y":217.46875,"width":38,"height":19},"56":{"x":188.40625,"y":217.46875,"width":307,"height":19},"57":{"x":150.40625,"y":254.265625,"width":128,"height":19},"58":{"x":150.40625,"y":293.0625,"width":192,"height":56.59375},"59":{"x":150.40625,"y":369.453125,"width":80,"height":19},"60":{"x":150.40625,"y":408.25,"width":256,"height":98.1875},"61":{"x":150.40625,"y":525.234375,"width":85,"height":15}}