{"3":{"x":0,"y":0,"width":1366,"height":768},"5":{"x":283,"y":435.875,"width":800,"height":1666},"6":{"x":0,"y":0,"width":1366,"height":3000.953125},"7":{"x":283,"y":235,"width":800,"height":57},"8":{"x":233,"y":312,"width":900,"height":2027.671875},"9":{"x":233,"y":2101.875,"width":900,"height":180.796875},"12":{"x":427,"y":151,"width":512,"height":80},"13":{"x":597.078125,"y":316,"width":27.921875,"height":15},"14":{"x":741,"y":316,"width":27.921875,"height":15},"15":{"x":693,"y":2218.671875,"width":60,"height":60},"16":{"x":516,"y":112,"width":334,"height":19},"17":{"x":283,"y":151,"width":800,"height":161},"18":{"x":319,"y":18,"width":728,"height":90},"19":{"x":603,"y":2077.875,"width":160,"height":20},"20":{"x":415,"y":435.875,"width":536,"height":1600},"25":{"x":0,"y":688,"width":1366,"height":80},"26":{"x":1186,"y":703,"width":150,"height":50},"28":{"x":1218.5,"y":709,"width":85,"height":37},"29":{"x":30,"y":711.5,"width":1306,"height":17},"30":{"x":29,"y":709.5,"width":875,"height":20},"31":{"x":8,"y":8,"width":1350,"height":2984.953125},"32":{"x":8,"y":8,"width":1350,"height":0},"33":{"x":8,"y":8,"width":1350,"height":0},"34":{"x":8,"y":8,"width":1350,"height":133},"35":{"x":8,"y":2339.671875,"width":0,"height":0},"36":{"x":278,"y":2358.671875,"width":810,"height":37},"37":{"x":8,"y":2410.671875,"width":1350,"height":2},"38":{"x":283,"y":2432.578125,"width":800,"height":522.375},"39":{"x":8,"y":2954.953125,"width":0,"height":0},"40":{"x":283,"y":2973.953125,"width":800,"height":19},"41":{"x":283,"y":2992.953125,"width":800,"height":0},"42":null,"43":{"x":8,"y":-100,"width":5,"height":5},"44":null,"45":null,"46":null,"47":null,"48":null,"49":null,"50":null,"51":{"x":8,"y":8,"width":1350,"height":0},"52":{"x":8,"y":8,"width":1350,"height":133},"53":{"x":427,"y":216,"width":512,"height":19},"54":{"x":233,"y":312,"width":900,"height":2027.671875},"55":{"x":233,"y":312,"width":900,"height":2027.671875},"56":{"x":283,"y":2363.671875,"width":800,"height":27},"57":{"x":283,"y":2432.578125,"width":800,"height":522.375},"58":{"x":629.5,"y":2973.953125,"width":107,"height":19},"59":null,"60":null,"61":{"x":8,"y":8,"width":1350,"height":0},"62":{"x":8,"y":8,"width":1350,"height":133},"63":{"x":283,"y":235,"width":800,"height":57},"64":{"x":233,"y":312,"width":900,"height":2027.671875},"65":{"x":349.5,"y":2369.671875,"width":185,"height":19},"66":{"x":534.5,"y":2369.671875,"width":179,"height":21},"67":null,"68":{"x":713.5,"y":2363.671875,"width":69,"height":27},"69":{"x":782.5,"y":2369.671875,"width":103,"height":19},"70":{"x":885.5,"y":2369.671875,"width":131,"height":19},"71":{"x":283,"y":2432.578125,"width":800,"height":468.375},"72":{"x":283,"y":2900.953125,"width":800,"height":19},"73":{"x":283,"y":2919.953125,"width":800,"height":35},"74":null,"75":{"x":8,"y":18,"width":1350,"height":113},"76":{"x":8,"y":18,"width":1350,"height":113},"77":{"x":8,"y":131,"width":1350,"height":0},"78":{"x":283,"y":235,"width":800,"height":57},"79":{"x":283,"y":292,"width":800,"height":0},"80":null,"81":null,"82":{"x":597.078125,"y":316,"width":27.921875,"height":19},"83":{"x":625,"y":316,"width":5,"height":19},"84":{"x":630,"y":312,"width":111,"height":24},"85":{"x":741,"y":316,"width":27.921875,"height":19},"86":{"x":233,"y":357.4375,"width":900,"height":38},"87":{"x":468.5,"y":419.875,"width":429,"height":15},"88":{"x":233,"y":416.875,"width":0,"height":0},"89":{"x":293.5,"y":2320.671875,"width":115,"height":19},"90":{"x":408.5,"y":2320.671875,"width":5,"height":19},"91":{"x":413.5,"y":2320.671875,"width":197,"height":19},"92":{"x":615.5,"y":2320.671875,"width":119,"height":19},"93":{"x":739.5,"y":2320.671875,"width":204,"height":19},"94":{"x":943.5,"y":2320.671875,"width":5,"height":19},"95":{"x":948.5,"y":2320.671875,"width":124,"height":19},"96":{"x":538.5,"y":2372.671875,"width":171,"height":15},"97":{"x":885.5,"y":2369.671875,"width":131,"height":19},"98":{"x":283,"y":2432.578125,"width":800,"height":28},"99":{"x":283,"y":2480.484375,"width":800,"height":420.46875},"100":{"x":283,"y":2900.953125,"width":800,"height":0},"101":{"x":283,"y":2900.953125,"width":800,"height":19},"102":{"x":319,"y":2900.953125,"width":728,"height":15},"103":{"x":283,"y":2919.953125,"width":800,"height":0},"104":{"x":283,"y":2919.953125,"width":800,"height":35},"105":{"x":283,"y":2954.953125,"width":800,"height":0},"106":{"x":319,"y":93,"width":728,"height":19},"107":{"x":8,"y":18,"width":0,"height":0},"108":{"x":516,"y":112,"width":334,"height":19},"109":{"x":283,"y":235,"width":0,"height":0},"110":{"x":533.5,"y":257,"width":299,"height":15},"111":{"x":283,"y":235,"width":0,"height":0},"112":{"x":283,"y":235,"width":0,"height":0},"113":{"x":467,"y":357.4375,"width":432,"height":38},"114":{"x":468.5,"y":419.875,"width":429,"height":15},"115":{"x":415,"y":2020.875,"width":536,"height":19},"116":{"x":283,"y":435.875,"width":0,"height":0},"117":{"x":283,"y":435.875,"width":0,"height":0},"118":{"x":283,"y":435.875,"width":0,"height":0},"119":{"x":283,"y":435.875,"width":0,"height":0},"120":null,"121":null,"122":{"x":680.5,"y":2101.875,"width":5,"height":19},"123":{"x":233,"y":2101.875,"width":0,"height":0},"124":{"x":433,"y":2120.875,"width":500,"height":36.796875},"125":{"x":233,"y":2101.875,"width":0,"height":0},"126":{"x":233,"y":2101.875,"width":0,"height":0},"127":{"x":590,"y":2180.671875,"width":186,"height":19},"128":{"x":233,"y":2101.875,"width":0,"height":0},"129":{"x":565,"y":2199.671875,"width":236,"height":19},"130":{"x":233,"y":2101.875,"width":0,"height":0},"131":{"x":613,"y":2258.671875,"width":75,"height":20},"132":{"x":-10000,"y":2282.671875,"width":450,"height":0},"133":{"x":693,"y":2263.671875,"width":60,"height":19},"134":{"x":233,"y":2101.875,"width":0,"height":0},"135":{"x":293.5,"y":2282.671875,"width":115,"height":53},"136":{"x":413.5,"y":2282.671875,"width":197,"height":53},"137":{"x":615.5,"y":2282.671875,"width":119,"height":53},"138":{"x":739.5,"y":2282.671875,"width":204,"height":53},"139":{"x":948.5,"y":2282.671875,"width":124,"height":53},"140":{"x":581,"y":2432.578125,"width":204,"height":28},"141":{"x":457.5,"y":2480.484375,"width":289,"height":19},"142":{"x":746.5,"y":2480.484375,"width":153,"height":19},"143":{"x":899.5,"y":2480.484375,"width":9,"height":19},"144":{"x":283,"y":2480.484375,"width":0,"height":0},"145":{"x":283,"y":2480.484375,"width":0,"height":0},"146":{"x":283,"y":2881.953125,"width":800,"height":19},"147":{"x":319,"y":2900.953125,"width":728,"height":15},"148":{"x":639,"y":2935.953125,"width":88,"height":19},"149":null,"150":null,"151":{"x":532.5,"y":257,"width":300,"height":15},"152":{"x":-9775,"y":-7717.328125,"width":450,"height":150},"153":{"x":745.5,"y":2480.484375,"width":155,"height":19},"154":{"x":283,"y":2518.484375,"width":800,"height":378.46875},"155":{"x":319,"y":2900.953125,"width":728,"height":15},"156":{"x":639,"y":2919.953125,"width":88,"height":31}}