{"3":{"x":0,"y":0,"width":1536,"height":864},"4":null,"5":null,"6":null,"7":{"x":201,"y":116.265625,"width":20,"height":20},"8":{"x":419.1875,"y":116.265625,"width":19,"height":20},"9":{"x":438.1875,"y":116.265625,"width":17,"height":20},"10":null,"11":null,"12":null,"13":{"x":469.1875,"y":116.265625,"width":20,"height":20},"14":{"x":687.375,"y":116.265625,"width":19,"height":20},"15":{"x":706.375,"y":116.265625,"width":17,"height":20},"16":null,"17":null,"18":null,"19":{"x":737.375,"y":116.265625,"width":20,"height":20},"20":{"x":955.5625,"y":116.265625,"width":19,"height":20},"21":{"x":974.5625,"y":116.265625,"width":17,"height":20},"22":{"x":15,"y":106,"width":175,"height":22},"23":{"x":15,"y":173.3125,"width":175,"height":22},"24":{"x":0,"y":13,"width":1536,"height":60},"25":{"x":296,"y":22,"width":34,"height":19},"26":{"x":296,"y":41,"width":34,"height":19},"27":{"x":196,"y":17.5,"width":59,"height":47},"28":{"x":200,"y":68,"width":1321,"height":20.546875},"29":{"x":200,"y":71,"width":1321,"height":17.546875},"30":{"x":205,"y":71,"width":1311,"height":17.546875},"31":{"x":40,"y":13,"width":95,"height":75},"32":{"x":0,"y":0,"width":1536,"height":864.265625},"33":{"x":419.1875,"y":116.265625,"width":36,"height":20},"34":{"x":463.1875,"y":111.265625,"width":268.1875,"height":242},"35":{"x":468.1875,"y":115.265625,"width":256.1875,"height":234},"36":{"x":687.375,"y":116.265625,"width":36,"height":20},"37":{"x":731.375,"y":111.265625,"width":268.1875,"height":242},"38":{"x":736.375,"y":115.265625,"width":256.1875,"height":234},"39":{"x":955.5625,"y":116.265625,"width":36,"height":20},"40":{"x":1361,"y":12,"width":150,"height":20.15625},"41":{"x":1467,"y":47,"width":44,"height":20.15625},"42":{"x":1342,"y":93.265625,"width":28,"height":14},"43":{"x":1371,"y":91.265625,"width":4,"height":16},"44":{"x":1404,"y":93.265625,"width":111,"height":14},"45":{"x":0,"y":111.265625,"width":1536,"height":753},"46":{"x":0,"y":0,"width":1536,"height":864.265625},"47":{"x":1536,"y":0,"width":0,"height":55},"48":{"x":0,"y":0,"width":1536,"height":88.546875},"49":{"x":0,"y":0,"width":1536,"height":17.265625},"50":{"x":201,"y":89.265625,"width":1315,"height":22},"51":{"x":0,"y":111.265625,"width":1536,"height":753},"52":null,"53":null,"54":null,"55":null,"56":null,"57":null,"58":null,"59":null,"60":null,"61":null,"62":null,"63":null,"64":null,"65":null,"66":null,"67":null,"68":null,"69":null,"70":null,"71":null,"72":null,"73":null,"74":null,"75":null,"76":null,"77":null,"78":null,"79":null,"80":null,"81":null,"82":null,"83":null,"84":null,"85":null,"86":null,"87":null,"88":null,"89":{"x":0,"y":864.265625,"width":1536,"height":0},"90":{"x":1536,"y":0,"width":0,"height":0},"91":{"x":0,"y":0,"width":1536,"height":73},"92":{"x":203,"y":89.265625,"width":157,"height":21.15625},"93":{"x":1341,"y":92.265625,"width":30,"height":16},"94":{"x":1403,"y":92.265625,"width":113,"height":16},"95":null,"96":null,"97":null,"98":null,"99":null,"100":null,"101":null,"102":null,"103":null,"104":null,"105":null,"106":null,"107":null,"108":null,"109":null,"110":null,"111":null,"112":null,"113":null,"114":null,"115":null,"116":null,"117":null,"118":null,"119":null,"120":null,"121":null,"122":null,"123":null,"124":null,"125":null,"126":null,"127":null,"128":null,"129":null,"130":null,"131":null,"132":null,"133":null,"134":null,"135":null,"136":null,"137":null,"138":null,"139":null,"140":null,"141":null,"142":null,"143":null,"144":null,"145":null,"146":null,"147":null,"148":null,"149":null,"150":null,"151":null,"152":null,"153":null,"154":null,"155":null,"156":null,"157":null,"158":null,"159":null,"160":null,"161":null,"162":null,"163":null,"164":null,"165":null,"166":{"x":205,"y":71,"width":1316,"height":17.546875},"167":{"x":1511,"y":71,"width":0,"height":0},"168":{"x":215,"y":71,"width":1301,"height":0},"169":{"x":231,"y":92.265625,"width":129,"height":16},"170":{"x":10,"y":106,"width":180,"height":161.109375},"171":{"x":195,"y":111.265625,"width":1341,"height":0},"172":{"x":1361,"y":14,"width":86,"height":16},"173":{"x":1447,"y":14,"width":16,"height":16},"174":{"x":1463,"y":14,"width":48,"height":16},"175":{"x":1467,"y":49,"width":44,"height":16},"176":{"x":15,"y":13,"width":1506,"height":54},"177":{"x":232,"y":93.265625,"width":35,"height":14},"178":{"x":267,"y":93.265625,"width":92,"height":14},"179":{"x":2,"y":130,"width":188,"height":0},"180":{"x":25,"y":133,"width":165,"height":20.15625},"181":null,"182":null,"183":null,"184":null,"185":null,"186":null,"187":null,"188":null,"189":null,"190":{"x":25,"y":153.15625,"width":0,"height":0},"191":{"x":2,"y":195.3125,"width":188,"height":0},"192":{"x":25,"y":195.3125,"width":165,"height":0},"193":{"x":21,"y":215.3125,"width":169,"height":51.796875},"194":{"x":195,"y":111.265625,"width":268.1875,"height":242},"195":{"x":1361,"y":14,"width":86,"height":16},"196":{"x":1463,"y":14,"width":48,"height":16},"197":{"x":1467,"y":49,"width":44,"height":16},"198":{"x":40,"y":13,"width":95,"height":75},"199":{"x":195,"y":13,"width":484,"height":56},"200":{"x":-9984,"y":109,"width":69,"height":14},"201":{"x":25,"y":134,"width":121,"height":19},"202":{"x":-9984,"y":176.3125,"width":90,"height":14},"203":{"x":21,"y":216.3125,"width":117,"height":14},"204":{"x":21,"y":215.3125,"width":0,"height":0},"205":{"x":21,"y":233.578125,"width":36,"height":14},"206":{"x":21,"y":215.3125,"width":0,"height":0},"207":{"x":21,"y":250.84375,"width":12,"height":14},"208":{"x":36,"y":250.84375,"width":32,"height":14},"209":{"x":68,"y":250.84375,"width":23,"height":14},"210":{"x":199,"y":114.265625,"width":260.1875,"height":238},"211":{"x":200,"y":115.265625,"width":258.1875,"height":236},"212":{"x":200,"y":115.265625,"width":258.1875,"height":236},"213":{"x":200,"y":115.265625,"width":256.1875,"height":234},"214":{"x":467.1875,"y":114.265625,"width":260.1875,"height":238},"215":{"x":468.1875,"y":115.265625,"width":258.1875,"height":236},"216":{"x":468.1875,"y":115.265625,"width":258.1875,"height":236},"217":{"x":735.375,"y":114.265625,"width":260.1875,"height":238},"218":{"x":736.375,"y":115.265625,"width":258.1875,"height":236},"219":{"x":736.375,"y":115.265625,"width":258.1875,"height":236},"220":{"x":-9961,"y":6,"width":59,"height":34},"221":{"x":195,"y":13,"width":484,"height":56},"222":{"x":195,"y":13,"width":484,"height":56},"223":{"x":28,"y":135,"width":115,"height":15},"224":{"x":21,"y":216.3125,"width":117,"height":14},"225":{"x":21,"y":233.578125,"width":36,"height":14},"226":{"x":36,"y":250.84375,"width":32,"height":14},"227":{"x":201,"y":116.265625,"width":254.1875,"height":20},"228":{"x":203,"y":136.265625,"width":250.1875,"height":1},"229":{"x":201,"y":142.265625,"width":254.1875,"height":206},"230":{"x":201,"y":142.265625,"width":254.1875,"height":206},"231":null,"232":null,"233":null,"234":{"x":469.1875,"y":116.265625,"width":254.1875,"height":20},"235":{"x":471.1875,"y":136.265625,"width":250.1875,"height":1},"236":{"x":469.1875,"y":142.265625,"width":254.1875,"height":206},"237":{"x":469.1875,"y":142.265625,"width":254.1875,"height":206},"238":null,"239":null,"240":null,"241":{"x":737.375,"y":116.265625,"width":254.1875,"height":20},"242":{"x":739.375,"y":136.265625,"width":250.1875,"height":1},"243":{"x":737.375,"y":142.265625,"width":254.1875,"height":206},"244":{"x":737.375,"y":142.265625,"width":254.1875,"height":206},"245":null,"246":null,"247":null,"248":{"x":195,"y":13,"width":100,"height":56},"249":{"x":295,"y":13,"width":111,"height":56},"250":{"x":406,"y":13,"width":273,"height":56},"251":{"x":201,"y":116.265625,"width":20,"height":20},"252":{"x":203,"y":116.265625,"width":250.1875,"height":20},"253":{"x":203,"y":142.265625,"width":252.1875,"height":40.3125},"254":{"x":203,"y":182.578125,"width":252.1875,"height":60.46875},"255":{"x":469.1875,"y":116.265625,"width":20,"height":20},"256":{"x":471.1875,"y":116.265625,"width":250.1875,"height":20},"257":{"x":471.1875,"y":142.265625,"width":252.1875,"height":20.15625},"258":{"x":471.1875,