{"3":{"x":0,"y":0,"width":1536,"height":864},"4":{"x":153.59375,"y":192,"width":798.703125,"height":16},"5":{"x":153.59375,"y":116,"width":480,"height":62},"6":{"x":153.59375,"y":10,"width":1228.796875,"height":323.75},"7":{"x":0,"y":0,"width":1536,"height":453.75},"8":{"x":153.59375,"y":10,"width":1228.796875,"height":92},"9":{"x":1106.390625,"y":60,"width":276,"height":16},"10":{"x":1013.765625,"y":102,"width":368.625,"height":231.75},"11":{"x":153.59375,"y":353.75,"width":1228.796875,"height":100},"12":{"x":509.984375,"y":387.75,"width":516,"height":16},"13":{"x":1158.390625,"y":60,"width":4,"height":16},"14":{"x":1174.390625,"y":60,"width":45,"height":16},"15":{"x":1231.390625,"y":60,"width":4,"height":16},"16":{"x":1247.390625,"y":60,"width":123,"height":16},"17":{"x":153.59375,"y":116,"width":798.703125,"height":106},"18":{"x":153.59375,"y":192,"width":0,"height":0},"19":{"x":1013.765625,"y":118.375,"width":368.625,"height":19},"20":{"x":1013.765625,"y":153.75,"width":368.625,"height":16},"21":{"x":1013.765625,"y":183.75,"width":368.625,"height":16},"22":{"x":1013.765625,"y":213.75,"width":368.625,"height":16},"23":{"x":1013.765625,"y":243.75,"width":368.625,"height":16},"24":{"x":1013.765625,"y":273.75,"width":368.625,"height":16},"25":{"x":1013.765625,"y":303.75,"width":368.625,"height":16},"26":{"x":0,"y":10,"width":1536,"height":443.75},"27":{"x":153.59375,"y":10,"width":0,"height":89},"28":{"x":153.59375,"y":387.75,"width":1228.796875,"height":16},"29":{"x":694.984375,"y":417.75,"width":146,"height":16},"30":{"x":1106.390625,"y":48,"width":52,"height":40},"31":{"x":1162.390625,"y":48,"width":69,"height":40},"32":{"x":1235.390625,"y":48,"width":147,"height":40},"33":{"x":694.984375,"y":417.75,"width":147,"height":16},"34":{"x":1118.390625,"y":60,"width":28,"height":16},"35":{"x":1174.390625,"y":60,"width":45,"height":16},"36":{"x":1247.390625,"y":60,"width":123,"height":16},"37":{"x":1013.765625,"y":118.375,"width":55,"height":19},"38":{"x":1013.765625,"y":153.75,"width":183,"height":16},"39":{"x":1013.765625,"y":183.75,"width":130,"height":16},"40":{"x":1013.765625,"y":213.75,"width":170,"height":16},"41":{"x":1013.765625,"y":243.75,"width":133,"height":16},"42":{"x":1013.765625,"y":273.75,"width":190,"height":16},"43":{"x":1013.765625,"y":303.75,"width":189,"height":16},"44":{"x":1118.390625,"y":60,"width":28,"height":16},"45":{"x":1013.765625,"y":118.375,"width":55,"height":19},"46":{"x":1013.765625,"y":153.75,"width":183,"height":16},"47":{"x":1013.765625,"y":183.75,"width":130,"height":16},"48":{"x":1013.765625,"y":213.75,"width":170,"height":16},"49":{"x":1013.765625,"y":243.75,"width":133,"height":16},"50":{"x":1013.765625,"y":273.75,"width":190,"height":16},"51":{"x":1013.765625,"y":303.75,"width":189,"height":16}}