{"3":{"x":0,"y":0,"width":1536,"height":864},"4":{"x":918,"y":1507,"width":23,"height":51},"5":{"x":277,"y":0,"width":982,"height":256},"6":{"x":277,"y":5,"width":224,"height":111},"7":{"x":921,"y":154.453125,"width":20,"height":20},"8":{"x":921,"y":174.453125,"width":20,"height":20},"9":{"x":921,"y":194.453125,"width":20,"height":20},"10":{"x":610,"y":159,"width":124,"height":51.90625},"11":{"x":660,"y":258,"width":28,"height":51},"12":{"x":618,"y":1558,"width":300,"height":250},"13":{"x":277,"y":1427,"width":982,"height":26},"14":{"x":277,"y":1476,"width":982,"height":31},"15":{"x":277,"y":1507,"width":982,"height":348},"16":{"x":318,"y":322,"width":900,"height":1076},"17":{"x":277,"y":0,"width":982,"height":2167},"18":{"x":0,"y":0,"width":1536,"height":2167},"19":{"x":0,"y":0,"width":1536,"height":2167},"20":null,"21":{"x":0,"y":-9999,"width":1,"height":1},"22":{"x":0,"y":-9999,"width":1,"height":1},"23":null,"24":{"x":277,"y":256,"width":982,"height":43},"25":{"x":277,"y":322,"width":982,"height":0},"26":{"x":277,"y":322,"width":982,"height":1092},"27":{"x":277,"y":1414,"width":982,"height":0},"28":{"x":286,"y":1476,"width":964,"height":31},"29":{"x":404,"y":1926,"width":702,"height":161},"30":{"x":1106,"y":1926,"width":60,"height":10},"31":{"x":277,"y":2087,"width":982,"height":0},"32":{"x":277,"y":2087,"width":982,"height":80},"33":{"x":277,"y":0,"width":982,"height":153},"34":{"x":277,"y":153,"width":982,"height":62.90625},"35":{"x":277,"y":215.90625,"width":982,"height":22},"36":{"x":277,"y":256,"width":982,"height":43},"37":{"x":277,"y":256,"width":982,"height":17},"38":{"x":655,"y":273,"width":226,"height":26},"39":{"x":277,"y":299,"width":982,"height":0},"40":{"x":277,"y":1427,"width":982,"height":26},"41":{"x":715,"y":1427,"width":106,"height":26},"42":{"x":277,"y":1453,"width":982,"height":0},"43":{"x":286,"y":1476,"width":964,"height":31},"44":{"x":286,"y":1476,"width":964,"height":31},"45":{"x":277,"y":1507,"width":982,"height":348},"46":{"x":404,"y":1931,"width":702,"height":0},"47":{"x":404,"y":1931,"width":702,"height":108},"48":{"x":404,"y":2039,"width":702,"height":10},"49":{"x":277,"y":2087,"width":982,"height":61},"50":{"x":618,"y":2087,"width":300,"height":61},"51":{"x":277,"y":0,"width":982,"height":153},"52":{"x":277,"y":0,"width":982,"height":5},"53":{"x":277,"y":5,"width":982,"height":13},"54":{"x":277,"y":18,"width":982,"height":104},"55":{"x":277,"y":122,"width":982,"height":31},"56":{"x":277,"y":153,"width":982,"height":62.90625},"57":{"x":277,"y":153,"width":982,"height":6},"58":{"x":277,"y":159,"width":982,"height":51.90625},"59":{"x":277,"y":210.90625,"width":982,"height":5},"60":{"x":277,"y":215.90625,"width":982,"height":22},"61":{"x":277,"y":215.90625,"width":982,"height":22},"62":{"x":277,"y":256,"width":982,"height":17},"63":{"x":277,"y":256,"width":982,"height":17},"64":{"x":655,"y":273,"width":226,"height":26},"65":{"x":655,"y":273,"width":226,"height":26},"66":{"x":715,"y":1427,"width":106,"height":26},"67":{"x":715,"y":1427,"width":106,"height":26},"68":{"x":286,"y":1476,"width":34.0625,"height":31},"69":{"x":320.0625,"y":1476,"width":55.515625,"height":31},"70":{"x":375.578125,"y":1476,"width":874.421875,"height":31},"71":{"x":277,"y":1507,"width":982,"height":301},"72":{"x":277,"y":1507,"width":982,"height":301},"73":{"x":424,"y":1931,"width":662,"height":22},"74":{"x":424,"y":1953,"width":662,"height":16},"75":{"x":424,"y":1981,"width":662,"height":46},"76":{"x":424,"y":1981,"width":662,"height":17},"77":{"x":424,"y":2010,"width":662,"height":17},"78":{"x":424,"y":2039,"width":0,"height":0},"79":{"x":618,"y":2087,"width":300,"height":61},"80":{"x":618,"y":2087,"width":300,"height":1},"81":{"x":618,"y":2088,"width":300,"height":12},"82":{"x":618,"y":2100,"width":300,"height":20},"83":{"x":618,"y":2120,"width":300,"height":12},"84":{"x":618,"y":2132,"width":300,"height":12},"85":{"x":618,"y":2144,"width":300,"height":4},"86":{"x":277,"y":0,"width":982,"height":5},"87":{"x":277,"y":5,"width":224,"height":117},"88":{"x":501,"y":5,"width":21,"height":117},"89":{"x":522,"y":5,"width":728,"height":13},"90":{"x":1250,"y":5,"width":9,"height":117},"91":{"x":522,"y":18,"width":728,"height":104},"92":{"x":277,"y":122,"width":982,"height":31},"93":{"x":277,"y":153,"width":333,"height":62.90625},"94":{"x":610,"y":153,"width":124,"height":6},"95":{"x":734,"y":153,"width":173,"height":62.90625},"96":{"x":907,"y":153,"width":14,"height":62.90625},"97":{"x":921,"y":153,"width":20,"height":62.90625},"98":{"x":941,"y":153,"width":318,"height":62.90625},"99":{"x":610,"y":159,"width":124,"height":51.90625},"100":{"x":610,"y":210.90625,"width":124,"height":5},"101":{"x":277,"y":215.90625,"width":305,"height":22},"102":{"x":582,"y":215.90625,"width":379,"height":22},"103":{"x":961,"y":215.90625,"width":298,"height":22},"104":{"x":277,"y":256,"width":982,"height":17},"105":{"x":655,"y":273,"width":38,"height":26},"106":{"x":693,"y":273,"width":150,"height":26},"107":{"x":843,"y":273,"width":38,"height":26},"108":{"x":715,"y":1427,"width":38,"height":26},"109":{"x":753,"y":1427,"width":30,"height":26},"110":{"x":783,"y":1427,"width":38,"height":26},"111":{"x":286,"y":1484,"width":4,"height":14},"112":{"x":320.0625,"y":1484,"width":44,"height":14},"113":{"x":375.578125,"y":1476,"width":874.421875,"height":31},"114":{"x":375.578125,"y":1476,"width":874.421875,"height":31},"115":{"x":375.578125,"y":1476,"width":0,"height":0},"116":{"x":277,"y":1507,"width":982,"height":301},"117":{"x":277,"y":1507,"width":982,"height":51},"118":{"x":277,"y":1558,"width":982,"height":250},"119":{"x":424,"y":1930,"width":187,"height":19},"120":{"x":423,"y":1954,"width":214,"height":13},"121":{"x":424,"y":1982,"width":195,"height":14},"122":{"x":424,"y":2011,"width":29,"height":14},"123":{"x":618,"y":2087,"width":300,"height":1},"124":{"x":618,"y":2088,"width":300,"height":12},"125":{"x":618,"y":2100,"width":10,"height":20},"126":{"x":628,"y":2100,"width":126,"height":20},"127":{"x":754,"y":2100,"width":28,"height":20},"128":{"x":782,"y":2100,"width":126,"height":20},"129":{"x":908,"y":2100,"width":10,"height":20},"130":{"x":618,"y":2120,"width":300,"height":12},"131":{"x":618,"y":2132,"width":300,"height":12},"132":{"x":618,"y":2144,"width":300,"height":4},"133":{"x":277,"y":105,"width":224,"height":14},"134":{"x":522,"y":18,"width":728,"height":90},"135":{"x":753.5,"y":159.953125,"width":78,"height":14},"136":{"x":831.5,"y":159.953125,"width":40,"height":14},"137":{"x":871.5,"y":159.953125,"width":16,"height":14},"138":{"x":752,"y":176.953125,"width":56,"height":14},"139":{"x":738,"y":176.953125,"width":165,"height":31},"140":{"x":921,"y":163.453125,"width":20,"height":14},"141":{"x":921,"y":153,"width":0,"height":0},"142":{"x":921,"y":183.453125,"width":20,"height":14},"143":{"x":921,"y":153,"width":0,"height":0},"144":{"x":921,"y":203.453125,"width":20,"height":14},"145":{"x":618.5,"y":221.90625,"width":44,"height":14},"146":{"x":662.5,"y":221.90625,"width":16,"height":14},"147":{"x":678.5,"y":221.90625,"width":35,"height":14},"148":{"x":713.5,"y":221.90625,"width":16,"height":14},"149":{"x":729.5,"y":221.90625,"width":46,"height":14},"150":{"x":775.5,"y":221.90625,"width":16,"height":14},"151":{"x":791.5,"y":221.90625,"width":24,"height":14},"152":{"x":815.5,"y":221.90625,"width":16,"height":14},"153":{"x":831.5,"y":221.90625,"width":93,"height":14},"154":{"x":277,"y":257,"width":4,"height":14},"155":{"x":655,"y":258,"width":38,"height":51},"156":{"x":660,"y":258,"width":28,"height":51},"157":{"x":693,"y":279.5,"width":150,"height":13},"158":{"x":693,"y":279.5,"width":150,"height":13},"159":{"x":843,"y":258,"width":38,"height":51},"160":{"x":848,"y":258,"width":28,"height":51},"161":{"x":715,"y":1412,"width":38,"height":51},"162":{"x":720,"y":1412,"width":28,"height":51},"163":{"x":753,"y":1428,"width":30,"height":25},"164":{"x":753,"y":1428,"width":30,"height":25},"165":{"x":783,"y":1412,"width":38,"height":51},"166":{"x":788,"y":1412,