{"3":{"x":0,"y":0,"width":1366,"height":768},"4":null,"5":{"x":113,"y":251.890625,"width":350,"height":135},"6":{"x":398,"y":511.8125,"width":285,"height":108},"8":{"x":113,"y":172,"width":268,"height":72},"10":{"x":0,"y":83,"width":1366,"height":1005.421875},"11":{"x":0,"y":83,"width":1366,"height":1005.421875},"12":{"x":0,"y":83,"width":1366,"height":1005.421875},"13":{"x":-15,"y":83,"width":1396,"height":1005.421875},"14":{"x":0,"y":83,"width":1366,"height":605.421875},"15":{"x":113,"y":143,"width":1140,"height":505.421875},"16":{"x":113,"y":143,"width":570,"height":505.421875},"17":{"x":113,"y":143,"width":570,"height":505.421875},"18":{"x":113,"y":143,"width":570,"height":280.890625},"19":{"x":113,"y":143,"width":570,"height":280.890625},"20":{"x":113,"y":149,"width":103.734375,"height":18},"21":{"x":113,"y":156.5,"width":3,"height":3},"22":{"x":113,"y":251.890625,"width":350,"height":135},"23":{"x":113,"y":423.890625,"width":570,"height":205.921875},"24":{"x":113,"y":454.890625,"width":570,"height":174.921875},"25":{"x":113,"y":454.890625,"width":285,"height":174.921875},"26":{"x":113,"y":439.890625,"width":285,"height":189.921875},"27":{"x":113,"y":439.890625,"width":285,"height":114.921875},"28":{"x":113,"y":517.8125,"width":285,"height":27},"29":{"x":113,"y":574.8125,"width":285,"height":55},"30":{"x":398,"y":454.890625,"width":285,"height":174.921875},"31":{"x":398,"y":439.890625,"width":285,"height":189.921875},"32":{"x":398,"y":439.890625,"width":285,"height":114.921875},"33":{"x":398,"y":517.8125,"width":285,"height":27},"34":{"x":398,"y":574.8125,"width":285,"height":55},"35":{"x":683,"y":143,"width":570,"height":505.421875},"36":{"x":683,"y":143,"width":570,"height":505.421875},"37":{"x":703,"y":143,"width":402,"height":505.421875},"38":{"x":703,"y":183,"width":402,"height":465.421875},"39":{"x":703,"y":183,"width":402,"height":398.921875},"40":{"x":688,"y":275.921875,"width":432,"height":70},"41":{"x":703,"y":275.921875,"width":402,"height":33},"42":{"x":688,"y":345.921875,"width":432,"height":70},"43":{"x":703,"y":345.921875,"width":402,"height":33},"44":{"x":703,"y":415.921875,"width":402,"height":141},"45":{"x":703,"y":601.921875,"width":100.234375,"height":46.5},"46":{"x":770,"y":620.0625,"width":12.234375,"height":12.21875},"47":{"x":0,"y":688.421875,"width":1366,"height":400},"48":{"x":85,"y":708.421875,"width":1201,"height":300},"49":{"x":85,"y":708.421875,"width":1201,"height":300},"50":{"x":85,"y":708.421875,"width":1201,"height":300},"51":{"x":85,"y":708.421875,"width":1201,"height":300},"52":{"x":88,"y":26.5,"width":140.734375,"height":28.984375},"53":null,"54":{"x":113,"y":540.8125,"width":142,"height":22},"55":{"x":113,"y":567.8125,"width":154,"height":22},"56":{"x":113,"y":594.8125,"width":154,"height":22},"57":{"x":398,"y":540.8125,"width":142,"height":22},"58":{"x":398,"y":567.8125,"width":154,"height":22},"59":{"x":398,"y":594.8125,"width":107,"height":22},"62":{"x":78,"y":1146.421875,"width":142,"height":29.25},"63":{"x":80,"y":-49.5,"width":140.734375,"height":28.984375},"64":{"x":85,"y":708.421875,"width":1201,"height":300},"96":{"x":0,"y":0,"width":1366,"height":1387.421875},"97":{"x":0,"y":0,"width":1366,"height":1387.421875},"98":{"x":-9999,"y":0,"width":0,"height":0},"99":null,"100":null,"101":null,"102":null,"103":null,"104":null,"105":null,"106":null,"107":null,"108":{"x":-9999,"y":0,"width":0,"height":0},"109":null,"110":null,"111":null,"112":null,"113":null,"114":null,"115":null,"116":null,"117":null,"118":{"x":-9999,"y":0,"width":0,"height":0},"119":null,"120":null,"121":null,"122":null,"123":null,"124":null,"125":null,"126":null,"127":null,"128":{"x":-9999,"y":0,"width":0,"height":0},"129":null,"130":null,"131":null,"132":null,"133":null,"134":null,"135":null,"136":null,"137":null,"138":{"x":-9999,"y":0,"width":0,"height":0},"139":null,"140":null,"141":null,"142":null,"143":null,"144":null,"145":null,"146":null,"147":null,"148":{"x":-9999,"y":0,"width":0,"height":0},"149":null,"150":null,"151":null,"152":null,"153":null,"154":null,"155":null,"156":null,"157":null,"158":{"x":-9999,"y":0,"width":0,"height":0},"159":null,"160":null,"161":null,"162":null,"163":null,"164":null,"165":null,"166":null,"167":null,"168":{"x":-9999,"y":0,"width":0,"height":0},"169":null,"170":null,"171":null,"172":null,"173":null,"174":null,"175":null,"176":null,"177":null,"178":{"x":-1,"y":-170001,"width":1,"height":1},"179":{"x":0,"y":0,"width":1366,"height":1387.421875},"180":{"x":-1,"y":-170001,"width":1,"height":1},"181":null,"182":{"x":-1,"y":-170004,"width":64,"height":73},"183":{"x":0,"y":0,"width":1366,"height":83},"184":null,"185":null,"186":null,"187":null,"188":null,"189":null,"190":null,"191":null,"192":null,"193":null,"194":null,"195":null,"196":null,"197":{"x":0,"y":1088.421875,"width":1366,"height":299},"198":{"x":0,"y":0,"width":1366,"height":768},"199":{"x":80,"y":28,"width":140.734375,"height":29},"200":null,"201":null,"202":{"x":80,"y":28,"width":140.734375,"height":28.984375},"203":{"x":1279.40625,"y":33,"width":16.59375,"height":18.078125},"204":{"x":1279.40625,"y":34.484375,"width":16.59375,"height":16.59375},"205":{"x":0,"y":367,"width":1366,"height":34},"206":{"x":358,"y":367,"width":650,"height":34},"207":{"x":358,"y":367,"width":650,"height":34},"208":{"x":358,"y":402.70001220703125,"width":650,"height":34},"209":{"x":358,"y":408.70001220703125,"width":650,"height":22},"210":{"x":358,"y":402.70001220703125,"width":650,"height":34},"211":{"x":993.5,"y":379.3125,"width":14.5,"height":14.6875},"212":{"x":993.5,"y":394.734375,"width":14.5,"height":14.6875},"213":{"x":993.5,"y":394.828125,"width":14.74041748046875,"height":14.74041748046875},"214":{"x":993.5,"y":394.828125,"width":11.33428955078125,"height":11.33428955078125},"215":{"x":993.5,"y":394.828125,"width":11.33428955078125,"height":11.33428955078125},"216":{"x":993.5,"y":394.828125,"width":11.33428955078125,"height":11.33428955078125},"217":{"x":1001.5344848632812,"y":402.8625793457031,"width":6.7059326171875,"height":6.705963134765625},"218":{"x":358,"y":402,"width":0,"height":1},"219":{"x":1295,"y":697,"width":46,"height":46},"220":{"x":1295,"y":697,"width":46,"height":46},"221":{"x":1310,"y":712.25,"width":16,"height":15.5},"222":{"x":1310,"y":712.25,"width":16,"height":15.5},"223":{"x":1308.3089599609375,"y":710.9599609375,"width":19.60009765625,"height":19.099609375},"224":{"x":1308.3089599609375,"y":710.9599609375,"width":19.60009765625,"height":11.7998046875},"225":{"x":1316.1090087890625,"y":710.9599609375,"width":4,"height":19.099609375},"226":{"x":1310,"y":727.75,"width":16,"height":15.5},"227":{"x":1308.3089599609375,"y":726.4599609375,"width":19.60009765625,"height":19.099609375},"228":{"x":1308.3089599609375,"y":726.4599609375,"width":19.60009765625,"height":11.7998046875},"229":{"x":1316.1090087890625,"y":726.4599609375,"width":4,"height":19.099609375},"230":{"x":0,"y":0,"width":1366,"height":768},"231":{"x":0,"y":0,"width":1366,"height":768},"232":{"x":273.203125,"y":0,"width":819.59375,"height":768},"233":{"x":531,"y":196.765625,"width":304,"height":374.453125},"234":{"x":531,"y":196.765625,"width":304,"height":374.453125},"235":{"x":531,"y":196.765625,"width":304,"height":74.890625},"236":{"x":531,"y":273.14532470703125,"width":304,"height":64.890625},"237":{"x":531,"y":269.14532470703125,"width":172,"height":72},"238":{"x":531,"y":301.64532470703125,"width":7,"height":7},"239":{"x":550,"y":269.14532470703125,"width":153,"height":72},"240":{"x":531,"y":271.65625,"width":304,"height":74.890625},"241":{"x":531,"y":348.03594970703125,"width":304,"height":64.890625},"242":{"x":531,"y":344.03594970703125,"width":276,"height":72},"243":{"x":531,"y":376.53594970703125,"width":7,"height":7},"244":{"x":550,"y":344.03594970703125,"width":257,"height":72},"245":{"x":531,"y":346.546875,"width":304,"height":74.890625},"246":{"x":531,"y":422.92657470703125,"width":304,"height":64.890625},"247":{"x":531,"y":418.92657470703125,"width":159,