{"3":{"x":0,"y":0,"width":1366,"height":768},"4":{"x":253,"y":0,"width":320,"height":170},"5":{"x":0,"y":0,"width":1366,"height":152},"6":{"x":631,"y":225.1875,"width":104,"height":42},"7":{"x":283,"y":293.5,"width":800,"height":31.5},"8":{"x":0,"y":540.375,"width":1366,"height":480.265625},"9":{"x":494.5,"y":87.765625,"width":377,"height":41},"10":{"x":911,"y":0,"width":172,"height":157.1875},"11":{"x":983,"y":15,"width":90,"height":20},"12":{"x":983,"y":38.375,"width":90,"height":20},"13":{"x":1030,"y":60.375,"width":43,"height":19.140625},"14":{"x":283,"y":152,"width":800,"height":33.1875},"15":{"x":316,"y":156,"width":101,"height":25.1875},"16":{"x":421,"y":156,"width":92,"height":25.1875},"17":{"x":517,"y":156,"width":78,"height":25.1875},"18":{"x":599,"y":156,"width":94,"height":25.1875},"19":{"x":697,"y":156,"width":114,"height":25.1875},"20":{"x":815,"y":156,"width":120,"height":25.1875},"21":{"x":939,"y":154,"width":111,"height":29.1875},"22":{"x":243,"y":185.1875,"width":880,"height":330.1875},"23":{"x":283,"y":541.375,"width":800,"height":357.5},"24":{"x":385,"y":923.875,"width":455,"height":14},"25":{"x":840,"y":923.875,"width":137,"height":14},"26":{"x":977,"y":923.875,"width":4,"height":14},"27":{"x":1290,"y":953.640625,"width":61,"height":61},"28":{"x":0,"y":948.640625,"width":1366,"height":72},"29":{"x":0,"y":0,"width":1366,"height":768},"30":{"x":0,"y":0,"width":1366,"height":1020.640625},"31":{"x":0,"y":152,"width":1366,"height":33.1875},"32":{"x":283,"y":566.375,"width":200,"height":268},"33":{"x":483,"y":566.375,"width":200,"height":238.5},"34":{"x":683,"y":566.375,"width":200,"height":283.5},"35":{"x":883,"y":566.375,"width":200,"height":317.5},"36":{"x":283,"y":898.875,"width":800,"height":0},"37":{"x":0,"y":923.875,"width":1366,"height":24.765625},"38":{"x":15,"y":968.640625,"width":52,"height":35},"39":{"x":30,"y":968.640625,"width":37,"height":35},"40":{"x":82,"y":968.640625,"width":16,"height":35},"41":{"x":82,"y":968.640625,"width":16,"height":35},"42":{"x":1290,"y":953.640625,"width":61,"height":61},"43":{"x":0,"y":1017.640625,"width":1366,"height":0},"44":{"x":0,"y":1020.640625,"width":1366,"height":0},"45":null,"46":null,"47":null,"48":null,"49":null,"50":null,"51":null,"52":null,"53":null,"54":null,"55":null,"56":null,"57":null,"58":{"x":253,"y":159,"width":320,"height":14},"59":{"x":283,"y":224.1875,"width":800,"height":44.3125},"60":{"x":283,"y":346,"width":800,"height":134.375},"61":{"x":283,"y":501.375,"width":800,"height":0},"62":{"x":283,"y":571.375,"width":200,"height":33},"63":{"x":283,"y":609.375,"width":200,"height":17.5},"64":{"x":283,"y":631.875,"width":200,"height":17.5},"65":{"x":283,"y":654.375,"width":200,"height":17.5},"66":{"x":283,"y":676.875,"width":200,"height":17.5},"67":{"x":283,"y":699.375,"width":200,"height":17.5},"68":{"x":283,"y":721.875,"width":200,"height":17.5},"69":{"x":283,"y":744.375,"width":200,"height":17.5},"70":{"x":283,"y":766.875,"width":200,"height":17.5},"71":{"x":283,"y":789.375,"width":200,"height":17.5},"72":{"x":283,"y":811.875,"width":200,"height":17.5},"73":{"x":483,"y":571.375,"width":200,"height":33},"74":{"x":483,"y":609.375,"width":200,"height":17.5},"75":{"x":483,"y":631.875,"width":200,"height":17.5},"76":{"x":483,"y":654.375,"width":200,"height":17.5},"77":{"x":483,"y":676.875,"width":200,"height":17.5},"78":{"x":483,"y":699.375,"width":200,"height":33},"79":{"x":483,"y":737.375,"width":200,"height":17.5},"80":{"x":483,"y":759.875,"width":200,"height":17.5},"81":{"x":483,"y":782.375,"width":200,"height":17.5},"82":{"x":683,"y":571.375,"width":200,"height":33},"83":{"x":683,"y":609.375,"width":200,"height":17.5},"84":{"x":683,"y":631.875,"width":200,"height":17.5},"85":{"x":683,"y":654.375,"width":200,"height":17.5},"86":{"x":683,"y":676.875,"width":200,"height":33},"87":{"x":683,"y":714.875,"width":200,"height":17.5},"88":{"x":683,"y":737.375,"width":200,"height":17.5},"89":{"x":683,"y":759.875,"width":200,"height":17.5},"90":{"x":683,"y":782.375,"width":200,"height":17.5},"91":{"x":683,"y":804.875,"width":200,"height":17.5},"92":{"x":683,"y":827.375,"width":200,"height":17.5},"93":{"x":883,"y":571.375,"width":200,"height":33},"94":{"x":883,"y":609.375,"width":200,"height":71.5},"95":{"x":883,"y":694.875,"width":200,"height":111.5},"96":{"x":883,"y":820.375,"width":200,"height":58.5},"97":{"x":840,"y":923.875,"width":137,"height":14},"98":{"x":30,"y":968.640625,"width":37,"height":35},"99":{"x":82,"y":968.640625,"width":16,"height":35},"100":{"x":1290,"y":953.640625,"width":61,"height":61},"101":{"x":556.5,"y":92.765625,"width":317,"height":31},"102":{"x":921,"y":15,"width":152,"height":64.515625},"103":{"x":921,"y":79.515625,"width":71,"height":23},"104":{"x":922,"y":107.890625,"width":150,"height":44.296875},"105":{"x":283,"y":152,"width":800,"height":33.1875},"106":{"x":283,"y":185.1875,"width":800,"height":0},"107":{"x":283,"y":296.5,"width":650,"height":24},"108":{"x":340,"y":346,"width":728,"height":29.84375},"109":{"x":340,"y":380.84375,"width":728,"height":29.84375},"110":{"x":340,"y":415.6875,"width":728,"height":29.84375},"111":{"x":340,"y":450.53125,"width":728,"height":29.84375},"112":{"x":283,"y":571.375,"width":200,"height":33},"113":{"x":308,"y":609.375,"width":58,"height":16},"114":{"x":308,"y":631.875,"width":47,"height":16},"115":{"x":308,"y":654.375,"width":54,"height":16},"116":{"x":308,"y":676.875,"width":93,"height":16},"117":{"x":308,"y":699.375,"width":128,"height":16},"118":{"x":308,"y":721.875,"width":75,"height":16},"119":{"x":308,"y":744.375,"width":106,"height":16},"120":{"x":308,"y":766.875,"width":148,"height":16},"121":{"x":308,"y":789.375,"width":97,"height":16},"122":{"x":308,"y":811.875,"width":56,"height":16},"123":{"x":483,"y":571.375,"width":200,"height":33},"124":{"x":508,"y":609.375,"width":130,"height":16},"125":{"x":508,"y":631.875,"width":139,"height":16},"126":{"x":508,"y":654.375,"width":111,"height":16},"127":{"x":508,"y":676.875,"width":56,"height":16},"128":{"x":483,"y":699.375,"width":200,"height":33},"129":{"x":508,"y":737.375,"width":120,"height":16},"130":{"x":508,"y":759.875,"width":145,"height":16},"131":{"x":508,"y":782.375,"width":169,"height":16},"132":{"x":683,"y":571.375,"width":200,"height":33},"133":{"x":708,"y":609.375,"width":159,"height":16},"134":{"x":708,"y":631.875,"width":105,"height":16},"135":{"x":708,"y":654.375,"width":56,"height":16},"136":{"x":683,"y":676.875,"width":200,"height":33},"137":{"x":708,"y":714.875,"width":118,"height":16},"138":{"x":708,"y":737.375,"width":131,"height":16},"139":{"x":708,"y":759.875,"width":92,"height":16},"140":{"x":708,"y":782.375,"width":95,"height":16},"141":{"x":708,"y":804.875,"width":44,"height":16},"142":{"x":708,"y":827.375,"width":53,"height":16},"143":{"x":883,"y":571.375,"width":200,"height":33},"144":{"x":908,"y":609.375,"width":62,"height":16},"145":{"x":883,"y":640.875,"width":200,"height":40},"146":{"x":908,"y":694.875,"width":55,"height":16},"147":{"x":883,"y":726.375,"width":200,"height":80},"148":{"x":908,"y":820.375,"width":133,"height":16},"149":{"x":883,"y":840.875,"width":200,"height":17.5},"150":{"x":883,"y":861.375,"width":200,"height":17.5},"151":null,"152":null,"153":{"x":557.5,"y":93.765625,"width":236,"height":29},"154":{"x":793.5,"y":93.765625,"width":79,"height":29},"155":null,"156":{"x":921,"y":15,"width":152,"height":64.515625},"157":{"x":922,"y":107.890625,"width":90,"height":14},"158":{"x":922,"y":107.890625,"width":0,"height":0},"159":{"x":922,"y":122.65625,"width":120,"height":14},"160":{"x":922,"y":107.890625,"width":0,"height":0},"161":{"x":922,"y":137.421875,"width":107,"height":14},"162":{"x":283,"y":185.1875,"width":800,"height":0},"163":{"x":320,"y":348,"width":8,"height":25.84375},"164":{"x":342,"y":348,"width":145,"height":24},"165":{"x":487,"y":348,"width":235,"height":24},"166":{"x":320,"y":382.84375,"width":8,"height":25.84375},"167":{"x":342,"y":382.84375,"width":330,"height":24},"168":{"x":672,"y":382.84375,