{"3":{"x":0,"y":0,"width":1920,"height":1080},"4":{"x":480,"y":992.34375,"width":960,"height":19},"5":{"x":480,"y":1030.0625,"width":960,"height":22},"6":{"x":480,"y":16,"width":266,"height":50},"7":{"x":480,"y":432.34375,"width":960,"height":540},"8":{"x":596,"y":184,"width":728,"height":90},"9":{"x":596,"y":184,"width":728,"height":90},"16":{"x":480,"y":0,"width":960,"height":116},"17":{"x":1225,"y":32,"width":215,"height":52},"18":{"x":480,"y":116,"width":960,"height":43},"19":{"x":1182,"y":116,"width":111,"height":43},"20":{"x":1293,"y":116,"width":143,"height":43},"21":{"x":0,"y":160,"width":1920,"height":2286.8125},"22":{"x":464,"y":160,"width":992,"height":2286.8125},"23":{"x":596,"y":184,"width":728,"height":90},"24":{"x":480,"y":391.625,"width":960,"height":22},"25":{"x":480,"y":432.34375,"width":960,"height":544},"26":{"x":480,"y":1070.78125,"width":960,"height":38},"27":{"x":580,"y":116,"width":171,"height":43},"28":{"x":751,"y":116,"width":135,"height":43},"29":{"x":886,"y":116,"width":146,"height":43},"30":{"x":1032,"y":116,"width":150,"height":43},"31":{"x":480,"y":334.90625,"width":960,"height":38},"32":{"x":608,"y":334.90625,"width":104,"height":19},"33":{"x":480,"y":334.90625,"width":958,"height":38},"34":{"x":546,"y":992.34375,"width":141,"height":19},"35":{"x":687,"y":992.34375,"width":182,"height":19},"36":{"x":0,"y":0,"width":1920,"height":2568.8125},"37":{"x":0,"y":0,"width":1920,"height":2568.8125},"38":{"x":0,"y":0,"width":1920,"height":160},"39":{"x":0,"y":2446.8125,"width":1920,"height":122},"40":null,"41":null,"42":null,"43":null,"44":null,"45":null,"46":{"x":480,"y":2447.8125,"width":960,"height":121},"47":{"x":480,"y":16,"width":354,"height":78},"48":{"x":480,"y":66,"width":354,"height":28},"49":{"x":480,"y":116,"width":960,"height":43},"50":{"x":480,"y":176,"width":960,"height":110},"51":{"x":480,"y":286,"width":960,"height":29},"52":{"x":480,"y":1124.78125,"width":960,"height":38},"53":{"x":480,"y":1184.046875,"width":960,"height":19},"54":{"x":480,"y":1224.3125,"width":960,"height":76},"55":{"x":480,"y":1321.578125,"width":960,"height":19},"56":{"x":480,"y":1361.84375,"width":960,"height":133},"57":{"x":480,"y":1516.109375,"width":960,"height":19},"58":{"x":480,"y":1556.375,"width":960,"height":95},"59":{"x":480,"y":1672.640625,"width":960,"height":19},"60":{"x":480,"y":1712.90625,"width":960,"height":57},"61":{"x":480,"y":1791.171875,"width":960,"height":19},"62":{"x":480,"y":1831.4375,"width":960,"height":38},"63":{"x":480,"y":1890.703125,"width":960,"height":19},"64":{"x":480,"y":1930.96875,"width":960,"height":38},"65":{"x":480,"y":1990.234375,"width":960,"height":19},"66":{"x":480,"y":2030.5,"width":960,"height":95},"67":{"x":480,"y":2144.21875,"width":960,"height":22},"68":{"x":480,"y":2184.9375,"width":960,"height":19},"69":{"x":480,"y":2222.65625,"width":960,"height":22},"70":{"x":480,"y":2263.375,"width":960,"height":19},"71":{"x":480,"y":2301.09375,"width":960,"height":22},"72":{"x":480,"y":2341.8125,"width":960,"height":19},"73":{"x":480,"y":2376.8125,"width":960,"height":38},"74":{"x":480,"y":2447.8125,"width":316.796875,"height":121},"75":{"x":480,"y":2447.8125,"width":316.796875,"height":33},"76":{"x":480,"y":2480.8125,"width":316.796875,"height":88},"77":{"x":796.796875,"y":2447.8125,"width":316.796875,"height":98},"78":{"x":796.796875,"y":2447.8125,"width":316.796875,"height":33},"79":{"x":796.796875,"y":2480.8125,"width":316.796875,"height":65},"80":{"x":1113.59375,"y":2447.8125,"width":316.796875,"height":104},"81":{"x":1113.59375,"y":2447.8125,"width":316.796875,"height":33},"82":{"x":1113.59375,"y":2496.8125,"width":316.796875,"height":39},"83":{"x":-31489,"y":16,"width":185,"height":38},"84":{"x":491,"y":66,"width":343,"height":28},"85":{"x":1225,"y":32,"width":215,"height":52},"86":{"x":480,"y":116,"width":100,"height":43},"87":{"x":479,"y":286,"width":265,"height":29},"88":{"x":480,"y":334.90625,"width":128,"height":19},"89":{"x":608,"y":334.90625,"width":104,"height":19},"90":{"x":480,"y":391.625,"width":121,"height":22},"91":{"x":480,"y":992.34375,"width":66,"height":19},"92":{"x":546,"y":992.34375,"width":141,"height":19},"93":{"x":480,"y":1030.0625,"width":92,"height":22},"94":{"x":480,"y":1070.78125,"width":915,"height":38},"95":{"x":480,"y":1124.78125,"width":952,"height":38},"96":{"x":480,"y":1184.046875,"width":70,"height":19},"97":{"x":520,"y":1224.3125,"width":920,"height":19},"98":{"x":520,"y":1243.3125,"width":920,"height":19},"99":{"x":520,"y":1262.3125,"width":920,"height":19},"100":{"x":520,"y":1281.3125,"width":920,"height":19},"101":{"x":480,"y":1321.578125,"width":119,"height":19},"102":{"x":520,"y":1361.84375,"width":920,"height":19},"103":{"x":520,"y":1380.84375,"width":920,"height":19},"104":{"x":520,"y":1399.84375,"width":920,"height":19},"105":{"x":520,"y":1418.84375,"width":920,"height":19},"106":{"x":520,"y":1437.84375,"width":920,"height":19},"107":{"x":520,"y":1456.84375,"width":920,"height":19},"108":{"x":520,"y":1475.84375,"width":920,"height":19},"109":{"x":480,"y":1516.109375,"width":142,"height":19},"110":{"x":520,"y":1556.375,"width":920,"height":19},"111":{"x":520,"y":1575.375,"width":920,"height":19},"112":{"x":520,"y":1594.375,"width":920,"height":19},"113":{"x":520,"y":1613.375,"width":920,"height":19},"114":{"x":520,"y":1632.375,"width":920,"height":19},"115":{"x":480,"y":1672.640625,"width":147,"height":19},"116":{"x":631.796875,"y":1675.03125,"width":34,"height":14},"117":{"x":520,"y":1712.90625,"width":920,"height":19},"118":{"x":520,"y":1731.90625,"width":920,"height":19},"119":{"x":520,"y":1750.90625,"width":920,"height":19},"120":{"x":480,"y":1791.171875,"width":139,"height":19},"121":{"x":623.796875,"y":1793.5625,"width":34,"height":14},"122":{"x":520,"y":1831.4375,"width":920,"height":19},"123":{"x":520,"y":1850.4375,"width":920,"height":19},"124":{"x":479,"y":1890.703125,"width":142,"height":19},"125":{"x":520,"y":1930.96875,"width":920,"height":19},"126":{"x":520,"y":1949.96875,"width":920,"height":19},"127":{"x":480,"y":1990.234375,"width":52,"height":19},"128":{"x":520,"y":2030.5,"width":920,"height":19},"129":{"x":520,"y":2049.5,"width":920,"height":19},"130":{"x":520,"y":2068.5,"width":920,"height":19},"131":{"x":520,"y":2087.5,"width":920,"height":19},"132":{"x":520,"y":2106.5,"width":920,"height":19},"133":{"x":479,"y":2144.21875,"width":435,"height":22},"134":{"x":480,"y":2184.9375,"width":146,"height":19},"135":{"x":626,"y":2184.9375,"width":519,"height":19},"136":{"x":480,"y":2222.65625,"width":86,"height":22},"137":{"x":480,"y":2263.375,"width":257,"height":19},"138":{"x":737,"y":2263.375,"width":106,"height":19},"139":{"x":843,"y":2263.375,"width":331,"height":19},"140":{"x":480,"y":2301.09375,"width":117,"height":22},"141":{"x":480,"y":2341.8125,"width":899,"height":19},"142":{"x":480,"y":2376.8125,"width":654,"height":19},"143":{"x":1134,"y":2376.8125,"width":294,"height":19},"144":{"x":480,"y":2395.8125,"width":193,"height":19},"145":{"x":547.890625,"y":2457.8125,"width":181,"height":21},"146":{"x":490.390625,"y":2490.8125,"width":24,"height":19},"147":{"x":530.390625,"y":2490.8125,"width":5,"height":19},"148":{"x":535.390625,"y":2490.8125,"width":22,"height":19},"149":{"x":573.390625,"y":2490.8125,"width":5,"height":19},"150":{"x":578.390625,"y":2490.8125,"width":22,"height":19},"151":{"x":616.390625,"y":2490.8125,"width":5,"height":19},"152":{"x":621.390625,"y":2490.8125,"width":24,"height":19},"153":{"x":661.390625,"y":2490.8125,"width":5,"height":19},"154":{"x":666.390625,"y":2490.8125,"width":21,"height":19},"155":{"x":703.390625,"y":2490.8125,"width":5,"height":19},"156":{"x":708.390625,"y":2490.8125,"width":19,"height":19},"157":{"x":743.390625,"y":2490.8125,"width":5,"height":19},"158":{"x":748.390625,"y":2490.8125,"width":22,"height":19},"159":{"x":480,"y":2480.8125,"width":0,"height":0},"160":{"x":491.890625,"y":2514.8125,"width":20,"height":19},"161":{"x":527.890625,"y":2514.8125,"width":5,"height":19},