{"3":{"x":0,"y":0,"width":1536,"height":864},"4":{"x":211.75,"y":549.53125,"width":137.5,"height":50},"5":{"x":416,"y":549.53125,"width":119,"height":50},"6":{"x":588.25,"y":549.53125,"width":164.5,"height":50},"7":{"x":713.5,"y":75.5,"width":237,"height":65},"8":{"x":540.5,"y":192,"width":454,"height":43},"9":{"x":198,"y":293.59375,"width":1140,"height":117.5625},"10":{"x":198,"y":431.15625,"width":1140,"height":78.375},"11":{"x":198,"y":549.53125,"width":1140,"height":160},"12":{"x":183,"y":549.53125,"width":195,"height":80},"13":{"x":378,"y":549.53125,"width":195,"height":80},"14":{"x":573,"y":549.53125,"width":195,"height":80},"15":{"x":585.5,"y":48,"width":128,"height":128},"17":{"x":183,"y":28,"width":1170,"height":891.34375},"18":{"x":927,"y":296.59375,"width":305,"height":33},"19":{"x":198,"y":335.78125,"width":205,"height":33},"20":{"x":403,"y":335.78125,"width":18,"height":33},"21":{"x":421,"y":335.78125,"width":222,"height":33},"22":{"x":643,"y":335.78125,"width":134,"height":33},"23":{"x":777,"y":335.78125,"width":74,"height":33},"24":{"x":851,"y":335.78125,"width":18,"height":33},"25":{"x":869,"y":335.78125,"width":55,"height":33},"26":{"x":924,"y":335.78125,"width":18,"height":33},"27":{"x":940,"y":335.78125,"width":146,"height":33},"28":{"x":198,"y":335.78125,"width":1128,"height":72.1875},"29":{"x":301,"y":374.96875,"width":69,"height":33},"30":{"x":370,"y":374.96875,"width":18,"height":33},"31":{"x":388,"y":374.96875,"width":93,"height":33},"32":{"x":481,"y":374.96875,"width":9,"height":33},"33":{"x":983,"y":434.15625,"width":18,"height":33},"34":{"x":1001,"y":434.15625,"width":226,"height":33},"35":{"x":1226,"y":434.15625,"width":74,"height":33},"36":{"x":198,"y":473.34375,"width":210,"height":33},"37":{"x":407,"y":473.34375,"width":126,"height":33},"38":{"x":768,"y":549.53125,"width":195,"height":80},"39":{"x":783,"y":549.53125,"width":135,"height":50},"41":{"x":922,"y":549.53125,"width":47,"height":50},"42":{"x":963,"y":549.53125,"width":195,"height":80},"43":{"x":978,"y":549.53125,"width":135,"height":50},"45":{"x":1117,"y":549.53125,"width":50,"height":50},"46":{"x":1158,"y":549.53125,"width":195,"height":80},"47":{"x":1199.25,"y":549.53125,"width":112.5,"height":50},"48":{"x":183,"y":629.53125,"width":195,"height":80},"49":{"x":203.75,"y":629.53125,"width":153.5,"height":50},"50":{"x":378,"y":629.53125,"width":195,"height":80},"51":{"x":393,"y":629.53125,"width":189.28125,"height":50},"52":{"x":573,"y":629.53125,"width":195,"height":80},"53":{"x":595.5,"y":629.53125,"width":150,"height":50},"54":{"x":768,"y":629.53125,"width":195,"height":80},"55":{"x":800.5,"y":629.53125,"width":130,"height":50},"56":{"x":963,"y":629.53125,"width":195,"height":80},"57":{"x":991.75,"y":629.53125,"width":137.5,"height":50},"58":{"x":198,"y":709.53125,"width":1170,"height":109.1875},"59":{"x":198,"y":768.71875,"width":195,"height":50},"60":{"x":213,"y":768.71875,"width":166.5,"height":50},"61":{"x":393,"y":768.71875,"width":195,"height":50},"62":{"x":408,"y":768.71875,"width":194,"height":50},"63":{"x":588,"y":768.71875,"width":195,"height":50},"64":{"x":633.5,"y":768.71875,"width":104,"height":50},"65":{"x":783,"y":768.71875,"width":195,"height":50},"66":{"x":825.5,"y":768.71875,"width":110,"height":50},"67":{"x":183,"y":818.71875,"width":1170,"height":100.625},"68":{"x":204.5,"y":853.3125,"width":1126,"height":43.515625},"69":{"x":787,"y":876.828125,"width":94,"height":20},"70":{"x":0,"y":0,"width":1536,"height":919.34375},"71":{"x":709,"y":296.59375,"width":218,"height":33},"72":{"x":810,"y":434.15625,"width":174,"height":33},"73":{"x":274,"y":712.53125,"width":92,"height":33},"74":{"x":366,"y":712.53125,"width":201,"height":33},"75":{"x":198,"y":768.71875,"width":1170,"height":50},"76":{"x":0,"y":0,"width":1536,"height":919.34375},"77":{"x":0,"y":28,"width":1536,"height":891.34375},"78":{"x":198,"y":48,"width":1140,"height":189.59375},"79":{"x":198,"y":529.53125,"width":0,"height":0},"80":{"x":183,"y":549.53125,"width":1170,"height":160},"81":{"x":213,"y":709.53125,"width":1140,"height":39.1875},"82":{"x":183,"y":852.3125,"width":1170,"height":47.03125},"83":{"x":198,"y":48,"width":0,"height":0},"84":{"x":198,"y":296.59375,"width":511,"height":33},"85":{"x":709,"y":296.59375,"width":218,"height":33},"86":{"x":198,"y":335.78125,"width":205,"height":33},"87":{"x":421,"y":335.78125,"width":222,"height":33},"88":{"x":777,"y":335.78125,"width":74,"height":33},"89":{"x":869,"y":335.78125,"width":55,"height":33},"90":{"x":942,"y":335.78125,"width":144,"height":33},"91":{"x":301,"y":374.96875,"width":69,"height":33},"92":{"x":388,"y":374.96875,"width":93,"height":33},"93":{"x":198,"y":434.15625,"width":612,"height":33},"94":{"x":810,"y":434.15625,"width":173,"height":33},"95":{"x":1001,"y":434.15625,"width":225,"height":33},"96":{"x":198,"y":473.34375,"width":209,"height":33},"97":{"x":211.75,"y":565.53125,"width":137.5,"height":16},"98":{"x":416,"y":565.53125,"width":119,"height":16},"99":{"x":588.25,"y":565.53125,"width":164.5,"height":16},"100":{"x":783,"y":565.53125,"width":186,"height":16},"101":{"x":978,"y":565.53125,"width":189,"height":16},"102":{"x":1199.25,"y":565.53125,"width":112.5,"height":16},"103":{"x":203.75,"y":645.53125,"width":153.5,"height":16},"104":{"x":393,"y":645.53125,"width":189.28125,"height":16},"105":{"x":595.5,"y":645.53125,"width":150,"height":16},"106":{"x":800.5,"y":645.53125,"width":130,"height":16},"107":{"x":991.75,"y":645.53125,"width":137.5,"height":16},"108":{"x":212,"y":712.53125,"width":62,"height":33},"109":{"x":274,"y":712.53125,"width":92,"height":33},"110":{"x":213,"y":784.71875,"width":166.5,"height":16},"111":{"x":408,"y":784.71875,"width":194,"height":16},"112":{"x":633.5,"y":784.71875,"width":104,"height":16},"113":{"x":825.5,"y":784.71875,"width":110,"height":16},"114":{"x":787,"y":876.828125,"width":94,"height":20},"115":null,"116":null,"117":null,"118":null,"119":null,"120":null,"121":null,"122":null,"123":null,"124":null,"125":null,"126":{"x":791,"y":566.53125,"width":119,"height":16},"127":{"x":791,"y":566.53125,"width":119,"height":16},"128":{"x":986,"y":566.53125,"width":119,"height":16},"129":{"x":986,"y":566.53125,"width":119,"height":16}}