{"3":{"x":0,"y":0,"width":1280,"height":720},"4":{"x":0,"y":177.625,"width":406.671875,"height":720},"5":{"x":873.34375,"y":177.625,"width":406.671875,"height":720},"6":{"x":406.671875,"y":134.625,"width":466.671875,"height":673},"12":{"x":452,"y":22.578125,"width":376,"height":41},"13":{"x":0,"y":87.625,"width":1280,"height":720},"19":{"x":490,"y":807.625,"width":300,"height":16},"20":{"x":571.5,"y":877.015625,"width":137,"height":18},"21":{"x":362.5,"y":906.703125,"width":83,"height":14},"22":{"x":445.5,"y":906.703125,"width":147,"height":14},"23":{"x":592.5,"y":906.703125,"width":324,"height":14},"24":{"x":64,"y":953.5,"width":1152,"height":43},"26":{"x":75,"y":963.5,"width":282,"height":11},"27":{"x":357,"y":963.5,"width":106,"height":11},"28":{"x":450.5,"y":963.5,"width":754.5,"height":22.5},"29":{"x":64,"y":996.5,"width":1152,"height":18.390625},"31":{"x":406.671875,"y":134.625,"width":466.671875,"height":540},"32":{"x":0,"y":807.625,"width":1280,"height":20.390625},"33":{"x":0,"y":878.015625,"width":1280,"height":43.484375},"34":{"x":0,"y":933.5,"width":1280,"height":91.390625},"35":{"x":0,"y":0,"width":1280,"height":1024.890625},"36":{"x":0,"y":23.578125,"width":1280,"height":1001.3125},"37":{"x":0,"y":23.578125,"width":1280,"height":40.46875},"38":{"x":0,"y":23.578125,"width":1280,"height":40.46875},"39":{"x":0,"y":878.015625,"width":1280,"height":43.484375},"40":{"x":64,"y":996.5,"width":1152,"height":0},"41":{"x":0,"y":23.578125,"width":1280,"height":40.46875},"42":{"x":406.671875,"y":134.625,"width":466.671875,"height":540},"43":{"x":490,"y":807.625,"width":300,"height":16},"44":{"x":0,"y":878.015625,"width":1280,"height":17.25},"45":{"x":0,"y":907.703125,"width":1280,"height":13.796875},"46":{"x":64,"y":963.5,"width":1152,"height":23},"47":{"x":605,"y":996.5,"width":70,"height":18.390625},"48":{"x":0,"y":23.578125,"width":1280,"height":40.46875},"49":{"x":571.5,"y":877.015625,"width":137,"height":18},"50":{"x":363.5,"y":906.703125,"width":553,"height":14},"51":{"x":357,"y":963.5,"width":106,"height":11},"52":{"x":605,"y":1001.5,"width":70,"height":11},"53":{"x":605,"y":1001.5,"width":70,"height":11}}