{"3":{"x":0,"y":0,"width":1920,"height":1080},"4":{"x":1030.0625,"y":72,"width":549.9375,"height":50.390625},"5":{"x":1016.875,"y":72,"width":576.3125,"height":50.390625},"6":{"x":1016.875,"y":72,"width":576.3125,"height":50.390625},"7":{"x":1016.875,"y":72,"width":114.375,"height":50.390625},"8":{"x":1131.25,"y":72,"width":220.1875,"height":50.390625},"9":{"x":1320.4375,"y":87.6875,"width":18,"height":18},"10":{"x":1351.4375,"y":72,"width":137.375,"height":50.390625},"11":{"x":0,"y":227.375,"width":1920,"height":4782.34375},"12":{"x":0,"y":257.375,"width":1920,"height":3771.265625},"13":{"x":340,"y":0,"width":1240,"height":227.375},"14":{"x":340,"y":76,"width":364,"height":61.375},"15":{"x":1488.8125,"y":72,"width":104.375,"height":50.390625},"16":{"x":0,"y":227.375,"width":1920,"height":4782.34375},"17":{"x":340,"y":257.375,"width":1240,"height":168.59375},"18":{"x":655,"y":515.96875,"width":610,"height":68},"19":{"x":655,"y":613.96875,"width":610,"height":62.390625},"20":{"x":655,"y":706.359375,"width":610,"height":83.1875},"21":{"x":655,"y":819.546875,"width":610,"height":170},"22":{"x":655,"y":1019.546875,"width":610,"height":68},"23":{"x":705,"y":921.546875,"width":560,"height":68},"24":{"x":340,"y":112.1875,"width":364,"height":25.1875},"25":{"x":340,"y":253.375,"width":536,"height":112},"26":{"x":0,"y":515.96875,"width":1920,"height":3512.671875},"27":{"x":655,"y":616.96875,"width":195,"height":56},"28":{"x":655,"y":707.359375,"width":562,"height":79.59375},"29":{"x":705,"y":892.546875,"width":160,"height":24},"30":{"x":839,"y":926.546875,"width":239,"height":24},"31":{"x":705,"y":960.546875,"width":160,"height":24},"32":{"x":655,"y":1058.546875,"width":250,"height":24},"33":{"x":0,"y":0,"width":1920,"height":5887.390625},"34":{"x":0,"y":0,"width":1920,"height":5887.390625},"35":{"x":-9999,"y":0,"width":0,"height":0},"36":null,"37":null,"38":null,"39":null,"40":null,"41":null,"42":null,"43":null,"44":null,"45":{"x":-9999,"y":0,"width":0,"height":0},"46":null,"47":null,"48":null,"49":null,"50":null,"51":null,"52":null,"53":null,"54":null,"55":{"x":-9999,"y":0,"width":0,"height":0},"56":null,"57":null,"58":null,"59":null,"60":null,"61":null,"62":null,"63":null,"64":null,"65":{"x":-9999,"y":0,"width":0,"height":0},"66":null,"67":null,"68":null,"69":null,"70":null,"71":null,"72":null,"73":null,"74":null,"75":{"x":-9999,"y":0,"width":0,"height":0},"76":null,"77":null,"78":null,"79":null,"80":null,"81":null,"82":null,"83":null,"84":null,"85":{"x":-9999,"y":0,"width":0,"height":0},"86":null,"87":null,"88":null,"89":null,"90":null,"91":null,"92":null,"93":null,"94":null,"95":{"x":-9999,"y":0,"width":0,"height":0},"96":null,"97":null,"98":null,"99":null,"100":null,"101":null,"102":null,"103":null,"104":null,"105":{"x":-9999,"y":0,"width":0,"height":0},"106":null,"107":null,"108":null,"109":null,"110":null,"111":null,"112":null,"113":null,"114":null,"115":{"x":0,"y":0,"width":1920,"height":5887.390625},"116":{"x":-1,"y":-1,"width":1,"height":1},"117":{"x":340,"y":5189.71875,"width":1240,"height":512.875},"118":{"x":340,"y":5702.59375,"width":1240,"height":184.796875},"119":{"x":-1,"y":4,"width":82,"height":92},"120":{"x":340,"y":76,"width":364,"height":31.1875},"121":{"x":0,"y":227.375,"width":1920,"height":4782.34375},"122":{"x":340,"y":5249.71875,"width":380,"height":352.875},"123":{"x":770,"y":5249.71875,"width":380,"height":352.875},"124":{"x":1200,"y":5249.71875,"width":380,"height":352.875},"125":{"x":340,"y":5662.59375,"width":380,"height":0},"126":{"x":340,"y":5732.59375,"width":1240,"height":73.796875},"127":{"x":340,"y":5785.984375,"width":0,"height":0},"128":{"x":340,"y":5765.59375,"width":98,"height":40.796875},"129":{"x":1274,"y":5770.6875,"width":306,"height":30.59375},"130":{"x":340,"y":77,"width":98,"height":28},"131":{"x":340,"y":114.1875,"width":364,"height":21},"132":null,"133":null,"134":null,"135":null,"136":null,"137":null,"138":null,"139":null,"140":null,"141":null,"142":{"x":340,"y":5249.71875,"width":380,"height":25.1875},"143":{"x":340,"y":5294.90625,"width":380,"height":307.6875},"144":{"x":770,"y":5249.71875,"width":380,"height":25.1875},"145":{"x":770,"y":5294.90625,"width":380,"height":68.375},"146":{"x":770,"y":5294.90625,"width":380,"height":68.375},"147":{"x":1200,"y":5249.71875,"width":380,"height":25.1875},"148":{"x":1200,"y":5294.90625,"width":380,"height":102.5625},"149":{"x":1200,"y":5294.90625,"width":380,"height":102.5625},"150":{"x":340,"y":5771.59375,"width":98,"height":28},"151":{"x":1274,"y":5774.6875,"width":213,"height":21},"152":{"x":1487,"y":5774.6875,"width":93,"height":21},"153":{"x":340,"y":77,"width":98,"height":28},"154":{"x":655,"y":4118.640625,"width":610,"height":831.078125},"155":{"x":340,"y":5251.71875,"width":161,"height":21},"156":{"x":340,"y":5294.90625,"width":380,"height":307.6875},"157":{"x":770,"y":5251.71875,"width":120,"height":21},"158":{"x":770,"y":5294.90625,"width":380,"height":34.1875},"159":{"x":770,"y":5329.09375,"width":380,"height":34.1875},"160":{"x":1200,"y":5251.71875,"width":79,"height":21},"161":{"x":1200,"y":5294.90625,"width":380,"height":34.1875},"162":{"x":1200,"y":5329.09375,"width":380,"height":68.375},"163":{"x":340,"y":5771.59375,"width":98,"height":28},"164":{"x":1487,"y":5774.6875,"width":93,"height":22},"165":{"x":655,"y":1117.546875,"width":610,"height":41.59375},"166":{"x":655,"y":1189.140625,"width":610,"height":68},"167":{"x":655,"y":1287.140625,"width":610,"height":68},"168":{"x":655,"y":1385.140625,"width":610,"height":124.78125},"169":{"x":655,"y":1539.921875,"width":610,"height":68},"170":{"x":655,"y":1637.921875,"width":610,"height":68},"171":{"x":655,"y":1735.921875,"width":610,"height":41.59375},"172":{"x":655,"y":1807.515625,"width":610,"height":102},"173":{"x":655,"y":1939.515625,"width":610,"height":68},"174":{"x":655,"y":2037.515625,"width":610,"height":124.78125},"175":{"x":655,"y":2192.296875,"width":610,"height":136},"176":{"x":655,"y":2358.296875,"width":610,"height":41.59375},"177":{"x":655,"y":2429.890625,"width":610,"height":68},"178":{"x":655,"y":2527.890625,"width":610,"height":102},"179":{"x":655,"y":2659.890625,"width":610,"height":41.59375},"180":{"x":655,"y":2731.484375,"width":610,"height":68},"181":{"x":655,"y":2829.484375,"width":610,"height":170},"182":{"x":655,"y":3029.484375,"width":610,"height":62.390625},"183":{"x":655,"y":3121.875,"width":610,"height":83.1875},"184":{"x":655,"y":3235.0625,"width":610,"height":68},"185":{"x":655,"y":3333.0625,"width":610,"height":68},"186":{"x":655,"y":3431.0625,"width":610,"height":41.59375},"187":{"x":655,"y":3502.65625,"width":610,"height":68},"188":{"x":655,"y":3600.65625,"width":610,"height":68},"189":{"x":655,"y":3698.65625,"width":610,"height":62.390625},"190":{"x":655,"y":3791.046875,"width":610,"height":41.59375},"191":{"x":655,"y":3862.640625,"width":610,"height":68},"192":{"x":655,"y":3960.640625,"width":610,"height":68},"193":{"x":655,"y":4118.640625,"width":610,"height":831.078125},"194":{"x":340,"y":5294.90625,"width":380,"height":68.375},"195":{"x":340,"y":5363.28125,"width":380,"height":68.375},"196":{"x":340,"y":5431.65625,"width":380,"height":34.1875},"197":{"x":340,"y":5465.84375,"width":380,"height":68.375},"198":{"x":340,"y":5534.21875,"width":380,"height":68.375},"199":{"x":770,"y":5300.90625,"width":83,"height":21},"200":{"x":770,"y":5335.09375,"width":60,"height":21},"201":{"x":1200,"y":5300.90625,"width":248,"height":21},"202":{"x":1200,"y":5335.09375,"width":151,"height":55.1875},"203":{"x":1016.875,"y":72,"width":114.375,"height":50.390625},"204":{"x":1131.25,"y":72,"width":184.375,"height":50.390625},"205":{"x":1307.4375,"y":72,"width":44,"height":50.390625},"206":null,"207":null,"208":null,"209":null,"210":null,"211":null,"212":null,"213":{"x":1351.4375,"y":72,"width":137.375,"height":50.390625},"214":{"x":1488.8125,"y":72,"width":104.375,"height":50.390625},"215":{"x":340,"y":257.375,"width":1240,"height":105.59375},"216":{"x":655,"y":520.96875,"width":537,