{"3":{"x":0,"y":0,"width":1536,"height":864},"4":{"x":768.8125,"y":249,"width":270.9375,"height":23.25},"5":{"x":690.40625,"y":289.25,"width":8,"height":13},"6":{"x":907,"y":51,"width":30,"height":32},"7":{"x":768.8125,"y":277.25,"width":270.9375,"height":37},"8":{"x":383,"y":477.25,"width":565,"height":135},"9":{"x":968,"y":133,"width":90,"height":30},"10":{"x":1063,"y":133,"width":90,"height":30},"11":{"x":968,"y":45,"width":185,"height":75},"12":{"x":948,"y":392.25,"width":300,"height":300},"13":{"x":402,"y":59,"width":503.9375,"height":16},"14":{"x":383,"y":0,"width":770,"height":34},"15":{"x":1025,"y":7,"width":128,"height":20},"16":{"x":942,"y":7,"width":73,"height":20},"17":{"x":383,"y":35,"width":770,"height":1071.5},"18":{"x":968,"y":45,"width":185,"height":75},"19":{"x":968,"y":91,"width":185,"height":29},"20":{"x":968,"y":133,"width":90,"height":33},"21":{"x":1063,"y":133,"width":90,"height":33},"22":{"x":393,"y":50,"width":545,"height":34},"23":{"x":378,"y":183,"width":780,"height":157.25},"24":{"x":384,"y":177,"width":768,"height":12},"25":{"x":523,"y":204,"width":490,"height":25},"26":{"x":543,"y":204,"width":450,"height":25},"27":{"x":948,"y":392.25,"width":190,"height":303},"28":{"x":373,"y":690.375,"width":575,"height":70.75},"29":{"x":383,"y":700.375,"width":30,"height":30},"30":{"x":373,"y":761.125,"width":575,"height":50.5},"31":{"x":383,"y":771.125,"width":30,"height":30},"32":{"x":373,"y":811.625,"width":575,"height":70.75},"33":{"x":383,"y":821.625,"width":30,"height":30},"34":{"x":373,"y":882.375,"width":575,"height":50.5},"35":{"x":383,"y":892.375,"width":30,"height":30},"36":{"x":373,"y":932.875,"width":575,"height":50.5},"37":{"x":383,"y":942.875,"width":30,"height":30},"38":{"x":1089,"y":7,"width":64,"height":20},"39":{"x":0,"y":35,"width":1536,"height":1136.5},"40":{"x":704,"y":176,"width":129,"height":14},"41":{"x":707.5,"y":210,"width":110,"height":13},"42":{"x":816.5,"y":210,"width":4,"height":13},"43":{"x":820.5,"y":210,"width":10,"height":13},"44":{"x":491.25,"y":244,"width":553.5,"height":75.25},"45":{"x":496.25,"y":277.25,"width":543.5,"height":37},"46":{"x":496.25,"y":277.25,"width":214.15625,"height":37},"47":{"x":715.40625,"y":277.25,"width":48.40625,"height":37},"48":{"x":735.109375,"y":289.25,"width":10,"height":13},"49":{"x":1019.75,"y":289.25,"width":8,"height":13},"50":{"x":383,"y":360.25,"width":770,"height":32},"51":{"x":392,"y":370.25,"width":111,"height":13},"53":{"x":519.390625,"y":365.25,"width":49,"height":19},"54":{"x":568.390625,"y":365.25,"width":5,"height":19},"55":{"x":584.1875,"y":366.25,"width":5,"height":19},"56":{"x":598.375,"y":365.25,"width":5,"height":19},"57":{"x":603.375,"y":366.25,"width":20,"height":18},"58":{"x":623.375,"y":365.25,"width":5,"height":19},"59":{"x":628.375,"y":365.25,"width":98,"height":19},"60":{"x":725.375,"y":365.25,"width":5,"height":19},"61":{"x":741.171875,"y":366.25,"width":5,"height":19},"62":{"x":755.359375,"y":365.25,"width":5,"height":19},"63":{"x":760.359375,"y":366.25,"width":26,"height":18},"64":{"x":786.359375,"y":365.25,"width":5,"height":19},"65":{"x":791.359375,"y":365.25,"width":151,"height":19},"66":{"x":383,"y":422.25,"width":565,"height":684.25},"67":{"x":564,"y":479.25,"width":259,"height":18},"68":{"x":383,"y":479.25,"width":558,"height":40.5},"69":{"x":383,"y":501.75,"width":535,"height":40.5},"70":{"x":383,"y":524.25,"width":526,"height":85.5},"71":{"x":511,"y":591.75,"width":169,"height":18},"72":{"x":383,"y":652.25,"width":565,"height":28.125},"73":{"x":383,"y":690.375,"width":565,"height":293},"74":{"x":627,"y":696.375,"width":134,"height":18},"75":{"x":761,"y":696.375,"width":14,"height":18},"76":{"x":428,"y":715.625,"width":515,"height":40.5},"77":{"x":373,"y":761.125,"width":575,"height":50.5},"78":{"x":568,"y":767.125,"width":260,"height":18},"79":{"x":828,"y":767.125,"width":14,"height":18},"80":{"x":428,"y":786.375,"width":515,"height":20.25},"81":{"x":373,"y":811.625,"width":575,"height":70.75},"82":{"x":638,"y":817.625,"width":177,"height":18},"83":{"x":815,"y":817.625,"width":14,"height":18},"84":{"x":428,"y":836.875,"width":515,"height":40.5},"85":{"x":373,"y":882.375,"width":575,"height":50.5},"86":{"x":428,"y":907.625,"width":515,"height":20.25},"87":{"x":373,"y":932.875,"width":575,"height":50.5},"88":{"x":428,"y":958.125,"width":515,"height":20.25},"89":{"x":383,"y":1023.375,"width":565,"height":28.125},"90":{"x":383,"y":1061.5,"width":565,"height":45},"91":{"x":0,"y":0,"width":1536,"height":1411.375},"92":{"x":0,"y":0,"width":1536,"height":1411.375},"93":{"x":0,"y":0,"width":1536,"height":35},"94":{"x":0,"y":1171.5,"width":1536,"height":92.59375},"95":{"x":383,"y":1174.5,"width":770,"height":89.59375},"96":{"x":0,"y":1264.09375,"width":1536,"height":147.28125},"97":{"x":383,"y":1264.09375,"width":770,"height":147.28125},"98":{"x":1025,"y":7,"width":64,"height":20},"99":{"x":383,"y":7,"width":55,"height":18},"100":{"x":452,"y":0,"width":222,"height":34},"101":{"x":383,"y":27,"width":770,"height":0},"102":{"x":383,"y":1200.5,"width":104,"height":14},"103":{"x":487,"y":1200.5,"width":12,"height":15},"104":{"x":499,"y":1200.5,"width":134,"height":14},"105":{"x":633,"y":1200.5,"width":12,"height":15},"106":{"x":645,"y":1200.5,"width":52,"height":14},"107":{"x":697,"y":1200.5,"width":12,"height":15},"108":{"x":709,"y":1200.5,"width":69,"height":14},"109":{"x":778,"y":1200.5,"width":12,"height":15},"110":{"x":790,"y":1200.5,"width":112,"height":14},"111":{"x":383,"y":1223.296875,"width":8,"height":15},"112":{"x":391,"y":1223.296875,"width":70,"height":14},"113":{"x":461,"y":1223.296875,"width":12,"height":15},"114":{"x":473,"y":1223.296875,"width":98,"height":14},"115":{"x":571,"y":1223.296875,"width":12,"height":15},"116":{"x":583,"y":1223.296875,"width":30,"height":14},"117":{"x":383,"y":1306.09375,"width":168,"height":24},"118":{"x":383,"y":1345.1875,"width":770,"height":34.1875},"119":{"x":978,"y":1176.375,"width":175,"height":220},"120":{"x":1035,"y":10,"width":45,"height":15},"121":null,"122":null,"123":{"x":1099,"y":10,"width":44,"height":15},"124":null,"125":null,"126":{"x":942,"y":7,"width":73,"height":20},"127":{"x":952,"y":10,"width":54,"height":14},"128":null,"129":null,"130":null,"131":null,"132":null,"133":null,"134":null,"135":null,"136":null,"137":null,"138":null,"139":null,"140":null,"141":null,"142":null,"143":null,"144":null,"145":{"x":393,"y":9,"width":36,"height":14},"146":{"x":482,"y":10,"width":182,"height":14},"147":null,"148":null,"149":{"x":383,"y":35,"width":565,"height":83},"150":{"x":383,"y":422.25,"width":665,"height":40},"151":{"x":383,"y":1200.5,"width":105,"height":14},"152":{"x":499,"y":1200.5,"width":135,"height":14},"153":{"x":645,"y":1200.5,"width":54,"height":14},"154":{"x":709,"y":1200.5,"width":70,"height":14},"155":{"x":790,"y":1200.5,"width":113,"height":14},"156":{"x":391,"y":1223.296875,"width":71,"height":14},"157":{"x":473,"y":1223.296875,"width":98,"height":14},"158":{"x":583,"y":1223.296875,"width":31,"height":14},"159":{"x":383,"y":1346.1875,"width":15,"height":14},"160":{"x":398,"y":1346.1875,"width":96,"height":14},"161":{"x":494,"y":1346.1875,"width":78,"height":14},"162":{"x":383,"y":1345.1875,"width":0,"height":0},"163":{"x":383,"y":1363.28125,"width":94,"height":14},"164":{"x":477,"y":1363.28125,"width":26,"height":14},"165":{"x":503,"y":1363.28125,"width":4,"height":14},"166":{"x":978,"y":1176.375,"width":175,"height":213.5},"167":{"x":968,"y":133,"width":185,"height":0},"168":{"x":383,"y":35,"width":565,"height":83},"169":{"x":395,"y":94,"width":543,"height":14},"170":{"x":399,"y":214,"width":738,"height":125.25},"171":{"x":519.390625,"y":365.25,"width":49,"height":19},"172":{"x":603.375,"y":365.25,"width":122,"height":19},"173":{"x":760.359375,"y":365.25,"width":182,"height":19},"174":{"x":383,"y":429.25,"width":507,"height":35},"175":{"x":383,"y":479.25,"width":181,"height":18},"176":{"x":511,"y":591.75,"width":169,"height":18},"177":{"x":383,"y":653.25,"width":133,