{"3":{"x":0,"y":0,"width":1366,"height":768},"4":{"x":1142,"y":15,"width":62,"height":26.609375},"5":{"x":491,"y":136.609375,"width":492,"height":28.953125},"6":{"x":491,"y":165.5625,"width":492,"height":28.953125},"7":{"x":491,"y":194.515625,"width":492,"height":28.953125},"8":{"x":491,"y":223.46875,"width":492,"height":28.953125},"9":{"x":491,"y":252.421875,"width":492,"height":28.953125},"10":{"x":491,"y":281.375,"width":492,"height":28.953125},"11":{"x":491,"y":310.328125,"width":492,"height":28.953125},"12":{"x":491,"y":339.28125,"width":492,"height":28.953125},"13":{"x":491,"y":368.234375,"width":492,"height":28.953125},"14":{"x":491,"y":397.1875,"width":492,"height":28.953125},"15":{"x":491,"y":426.140625,"width":492,"height":28.953125},"16":{"x":491,"y":455.09375,"width":492,"height":28.953125},"17":{"x":491,"y":484.046875,"width":492,"height":28.953125},"18":{"x":491,"y":513,"width":492,"height":28.953125},"19":{"x":491,"y":541.953125,"width":492,"height":28.953125},"20":{"x":491,"y":570.90625,"width":492,"height":28.953125},"21":{"x":491,"y":285.1875,"width":492,"height":21.328125},"22":{"x":136.59375,"y":0,"width":136.59375,"height":5},"23":{"x":273.1875,"y":0,"width":136.59375,"height":5},"24":{"x":409.796875,"y":0,"width":136.59375,"height":5},"25":{"x":546.390625,"y":0,"width":136.59375,"height":5},"26":{"x":683,"y":0,"width":136.59375,"height":5},"27":{"x":819.59375,"y":0,"width":136.59375,"height":5},"28":{"x":956.1875,"y":0,"width":136.59375,"height":5},"29":{"x":1092.796875,"y":0,"width":136.59375,"height":5},"30":{"x":1229.390625,"y":0,"width":136.59375,"height":5},"32":{"x":1208,"y":15,"width":74,"height":26.609375},"34":{"x":1286,"y":15,"width":60,"height":26.609375},"35":{"x":363,"y":81.609375,"width":640,"height":904.640625},"36":{"x":383,"y":136.609375,"width":600,"height":28.953125},"37":{"x":383,"y":165.5625,"width":600,"height":28.953125},"38":{"x":383,"y":194.515625,"width":600,"height":28.953125},"39":{"x":383,"y":223.46875,"width":600,"height":28.953125},"40":{"x":383,"y":252.421875,"width":600,"height":28.953125},"41":{"x":383,"y":281.375,"width":600,"height":28.953125},"42":{"x":383,"y":310.328125,"width":600,"height":28.953125},"43":{"x":383,"y":339.28125,"width":600,"height":28.953125},"44":{"x":383,"y":368.234375,"width":600,"height":28.953125},"45":{"x":383,"y":397.1875,"width":600,"height":28.953125},"46":{"x":383,"y":426.140625,"width":600,"height":28.953125},"47":{"x":383,"y":455.09375,"width":600,"height":28.953125},"48":{"x":383,"y":484.046875,"width":600,"height":28.953125},"49":{"x":383,"y":513,"width":600,"height":28.953125},"50":{"x":383,"y":541.953125,"width":600,"height":28.953125},"51":{"x":383,"y":570.90625,"width":600,"height":28.953125},"52":{"x":383,"y":599.859375,"width":600,"height":28.953125},"53":{"x":383,"y":628.8125,"width":600,"height":28.953125},"54":{"x":383,"y":657.765625,"width":600,"height":28.953125},"55":{"x":383,"y":686.71875,"width":600,"height":28.953125},"56":{"x":383,"y":715.671875,"width":600,"height":28.953125},"57":{"x":383,"y":744.625,"width":600,"height":28.953125},"58":{"x":383,"y":773.578125,"width":600,"height":28.953125},"59":{"x":383,"y":802.53125,"width":600,"height":28.953125},"60":{"x":383,"y":831.484375,"width":600,"height":28.953125},"61":{"x":383,"y":860.4375,"width":600,"height":28.953125},"62":{"x":383,"y":889.390625,"width":600,"height":28.953125},"63":{"x":383,"y":918.34375,"width":600,"height":28.953125},"64":{"x":383,"y":947.296875,"width":600,"height":28.953125},"65":{"x":383,"y":141.609375,"width":93,"height":18.953125},"66":{"x":491,"y":140.421875,"width":492,"height":21.328125},"67":{"x":383,"y":170.5625,"width":93,"height":18.953125},"68":{"x":491,"y":169.375,"width":492,"height":21.328125},"69":{"x":383,"y":199.515625,"width":93,"height":18.953125},"70":{"x":491,"y":198.328125,"width":492,"height":21.328125},"71":{"x":383,"y":228.46875,"width":93,"height":18.953125},"72":{"x":491,"y":227.28125,"width":492,"height":21.328125},"73":{"x":383,"y":257.421875,"width":93,"height":18.953125},"74":{"x":491,"y":256.234375,"width":492,"height":21.328125},"75":{"x":383,"y":286.375,"width":93,"height":18.953125},"76":{"x":383,"y":315.328125,"width":93,"height":18.953125},"77":{"x":491,"y":314.140625,"width":492,"height":21.328125},"78":{"x":383,"y":344.28125,"width":93,"height":18.953125},"79":{"x":491,"y":343.09375,"width":492,"height":21.328125},"80":{"x":383,"y":373.234375,"width":93,"height":18.953125},"81":{"x":491,"y":372.046875,"width":492,"height":21.328125},"82":{"x":383,"y":402.1875,"width":93,"height":18.953125},"83":{"x":491,"y":401,"width":492,"height":21.328125},"84":{"x":383,"y":431.140625,"width":93,"height":18.953125},"85":{"x":491,"y":429.953125,"width":492,"height":21.328125},"86":{"x":383,"y":460.09375,"width":93,"height":18.953125},"87":{"x":491,"y":458.90625,"width":492,"height":21.328125},"88":{"x":383,"y":489.046875,"width":93,"height":18.953125},"89":{"x":491,"y":487.859375,"width":492,"height":21.328125},"90":{"x":383,"y":518,"width":93,"height":18.953125},"91":{"x":491,"y":516.8125,"width":492,"height":21.328125},"92":{"x":383,"y":546.953125,"width":93,"height":18.953125},"93":{"x":491,"y":545.765625,"width":492,"height":21.328125},"94":{"x":383,"y":604.859375,"width":93,"height":18.953125},"95":{"x":491,"y":603.671875,"width":492,"height":21.328125},"96":{"x":383,"y":662.765625,"width":93,"height":18.953125},"97":{"x":491,"y":661.578125,"width":492,"height":21.328125},"98":{"x":383,"y":691.71875,"width":93,"height":18.953125},"99":{"x":491,"y":690.53125,"width":492,"height":21.328125},"100":{"x":383,"y":720.671875,"width":93,"height":18.953125},"101":{"x":491,"y":719.484375,"width":492,"height":21.328125},"102":{"x":383,"y":749.625,"width":93,"height":18.953125},"103":{"x":491,"y":748.4375,"width":492,"height":21.328125},"104":{"x":383,"y":778.578125,"width":93,"height":18.953125},"105":{"x":491,"y":777.390625,"width":492,"height":21.328125},"106":{"x":383,"y":807.53125,"width":93,"height":18.953125},"107":{"x":491,"y":806.34375,"width":492,"height":21.328125},"108":{"x":383,"y":836.484375,"width":93,"height":18.953125},"109":{"x":491,"y":835.296875,"width":492,"height":21.328125},"110":{"x":383,"y":865.4375,"width":93,"height":18.953125},"111":{"x":491,"y":864.25,"width":492,"height":21.328125},"112":{"x":383,"y":894.390625,"width":93,"height":18.953125},"113":{"x":491,"y":893.203125,"width":492,"height":21.328125},"114":{"x":383,"y":923.34375,"width":93,"height":18.953125},"115":{"x":491,"y":922.15625,"width":492,"height":21.328125},"116":{"x":383,"y":952.296875,"width":93,"height":18.953125},"117":{"x":491,"y":951.109375,"width":492,"height":21.328125},"118":{"x":0,"y":0,"width":1366,"height":1026.25},"119":{"x":0,"y":0,"width":1366,"height":986.25},"120":{"x":0,"y":0,"width":1366,"height":5},"121":{"x":20,"y":5,"width":1326,"height":36.609375},"122":{"x":383,"y":81.609375,"width":600,"height":904.640625},"123":{"x":383,"y":81.609375,"width":600,"height":35},"124":{"x":383,"y":136.609375,"width":600,"height":849.640625},"125":{"x":0,"y":0,"width":136.59375,"height":5},"126":{"x":383,"y":81.609375,"width":46,"height":24},"127":{"x":1151,"y":19.328125,"width":43,"height":15},"128":{"x":1219,"y":19.328125,"width":53,"height":15},"129":{"x":1297,"y":19.328125,"width":39,"height":15},"130":{"x":383,"y":83.609375,"width":46,"height":20},"131":{"x":383,"y":136.609375,"width":108,"height":28.953125},"132":{"x":383,"y":165.5625,"width":108,"height":28.953125},"133":{"x":383,"y":194.515625,"width":108,"height":28.953125},"134":{"x":383,"y":223.46875,"width":108,"height":28.953125},"135":{"x":383,"y":252.421875,"width":108,"height":28.953125},"136":{"x":383,"y":281.375,"width":108,"height":28.953125},"137":{"x":383,"y":310.328125,"width":108,"height":28.953125},"138":{"x":383,"y":339.28125,"width":108,"height":28.953125},"139":{"x":383,"y":368.234375,"width":108,"height":28.953125},"140":{"x":383,"y":397.1875,"width":108,"height":28.953125},